id,groupName,groupType,username,createdAt,replyTo,text,expectedImportance,expectedCategory,scenarioTag,notes,baseScoreBeforeReactions,baseScore,reactionBoost,finalScore,signalCategory,signalConfidence,reactionCounts,matchedRules
edge_0001,Pledge Class 28,Fraternity pledge chat,Mason,2026-04-27T01:00:00.000Z,,bro said formal like he owns the place,noise,noise,funny_keyword,Funny use of formal should not score as event,0,0,6,6,noise,23,"{""🔥"":2,""💀"":2,""😂"":1}",event.social-anchor:12; noise.important-word-joke:-38
edge_0002,Kappa Event Crew,Sorority event planning chat,Nick,2026-04-27T01:04:00.000Z,,deadline for being washed is tonight,noise,noise,funny_deadline,Fake deadline slang,0,0,0,0,noise,20,{},deadline.explicit:32; time.relative:8; deadline.date-context:18; noise.hype-only:-24; noise.important-word-joke:-38
edge_0003,Downtown Survivors,College friend group,Jordan,2026-04-27T01:08:00.000Z,,be at the house by 8 or you're cooked,important,event,casual_important,Casual wording with real arrival time,34,34,0,34,event,49,{},event.arrival-departure:34
edge_0004,Campus Volunteer Board,Student organization/club,Ava,2026-04-27T01:12:00.000Z,,we're leaving in 10 don't be late,important,event,casual_important,Important without obvious date keyword,4,4,8,12,noise,26,"{""✅"":1,""📌"":1}",normalization.alias:4
edge_0005,Club Soccer,Sports team,Olivia,2026-04-27T01:16:00.000Z,,tonight?,maybe,question,vague,Very vague time question,0,0,8,8,noise,24,"{""❓"":1,""👀"":1}",time.relative:8; question.intent:10; noise.one-word:-18
edge_0006,Basement Set Team,DJ/promoter group,Olivia,2026-04-27T01:20:00.000Z,,who's going,maybe,plan,vague,No destination or date,18,18,8,26,plan,52,"{""❓"":1}",plan.whos-going:20; question.intent:10; noise.vague-short:-12
edge_0007,Econ 302 Project,Group project/class chat,Riley,2026-04-27T01:24:00.000Z,,need one,maybe,request,vague,Missing object,0,0,8,8,noise,24,"{""👀"":1,""✅"":1}",noise.vague-short:-12
edge_0008,Lot 14 Tailgate,Tailgate/party planning chat,Marcus,2026-04-27T01:28:00.000Z,,who let him cook?,noise,noise,casual_question,Question as joke,0,0,8,8,noise,24,"{""😂"":3,""💀"":2,""🔥"":3}",question.intent:10; noise.important-word-joke:-38; noise.casual-question:-14; noise.vague-short:-12
edge_0009,Apartment 4B,Apartment/roommate chat,Harper,2026-04-27T01:32:00.000Z,,why is bro like this?,noise,noise,casual_question,Question as joke,0,0,3,3,noise,22,"{""😂"":5,""💀"":2,""🔥"":1}",question.intent:10; noise.important-word-joke:-38
edge_0010,The Big One,Large chaotic general social chat,Grace,2026-04-27T01:36:00.000Z,,LMAOOOOO,noise,noise,high_reaction_noise,Laugh spam,0,0,3,3,noise,22,"{""🔥"":1,""😂"":1}",normalization.alias:4; noise.one-word:-18; noise.laughter:-35; noise.vague-short:-12
edge_0011,Pledge Class 28,Fraternity pledge chat,Sam,2026-04-27T01:40:00.000Z,,bro fell off,noise,noise,high_reaction_noise,Joke likely to get reactions,0,0,6,6,noise,23,"{""😂"":3,""💀"":3,""🔥"":2}",noise.important-word-joke:-38; noise.vague-short:-12
edge_0012,Kappa Event Crew,Sorority event planning chat,Sam,2026-04-27T01:44:00.000Z,,skull emoji,noise,noise,high_reaction_noise,Funny phrase,0,0,6,6,noise,23,"{""🔥"":2}",noise.vague-short:-12
edge_0013,Downtown Survivors,College friend group,Bella,2026-04-27T01:48:00.000Z,,fire fit,noise,noise,high_reaction_noise,Hype not logistics,0,0,3,3,noise,22,"{""😂"":2,""🔥"":1}",noise.hype-only:-24; noise.vague-short:-12
edge_0014,Campus Volunteer Board,Student organization/club,Sophia,2026-04-27T01:52:00.000Z,,rent is due tomorrow,important,deadline,low_reaction_important,Important with no social event keywords,94,94,0,94,deadline,100,{},deadline.explicit:32; deadline.payment:18; time.relative:8; deadline.date-context:18; deadline.object-context:18
edge_0015,Club Soccer,Sports team,Sophia,2026-04-27T01:56:00.000Z,,meeting moved to room 204,important,announcement,low_reaction_important,Change with location,100,100,0,100,announcement,100,{},event.social-anchor:12; announcement.change:30; domain.action-time:12; change.concrete-context:24; announcement.room-location-update:55; structure.concrete-details:8
edge_0016,Basement Set Team,DJ/promoter group,Cam,2026-04-27T02:00:00.000Z,,Friday was insane,noise,noise,date_noise,Date mention in retrospective joke,0,0,0,0,noise,20,{},time.weekday:7; noise.hype-only:-24; noise.important-word-joke:-38
edge_0017,Econ 302 Project,Group project/class chat,Maya,2026-04-27T02:04:00.000Z,,9 is crazy,noise,noise,time_noise,Number is not plan,0,0,0,0,noise,20,"{""😂"":3,""💀"":3}",noise.important-word-joke:-38; noise.vague-short:-12
edge_0018,Lot 14 Tailgate,Tailgate/party planning chat,Olivia,2026-04-27T02:08:00.000Z,,tomorrow gonna be wild,noise,noise,date_noise,Vague hype,0,0,0,0,noise,20,{},time.relative:8; noise.hype-only:-24; noise.important-word-joke:-38
edge_0019,Apartment 4B,Apartment/roommate chat,Mia,2026-04-27T02:12:00.000Z,,party animal,noise,noise,event_word_noise,Event word idiom,0,0,0,0,noise,20,{},event.social-anchor:12; noise.hype-only:-24; noise.important-word-joke:-38; noise.vague-short:-12
edge_0020,The Big One,Large chaotic general social chat,Mia,2026-04-27T02:16:00.000Z,,formal apology incoming,noise,noise,event_word_noise,Formal is not event,0,0,0,0,noise,20,{},event.social-anchor:12; noise.hype-only:-24; noise.important-word-joke:-38
edge_0021,Pledge Class 28,Fraternity pledge chat,Sam,2026-04-27T02:20:00.000Z,,rush hour traffic sucks,noise,noise,event_word_noise,Rush is not recruitment,0,0,0,0,noise,20,{},event.social-anchor:12; noise.hype-only:-24; noise.important-word-joke:-38
edge_0022,Kappa Event Crew,Sorority event planning chat,Ava,2026-04-27T02:24:00.000Z,,can someone tell Tyler to stop yelling,noise,noise,joke_request,Request-shaped joke,0,0,3,3,noise,22,"{""💀"":2,""🔥"":1}",question.intent:10; noise.important-word-joke:-38
edge_0023,Downtown Survivors,College friend group,Marcus,2026-04-27T02:28:00.000Z,,need bro to retire,noise,noise,joke_request,Need-shaped joke,0,0,0,0,noise,20,{},noise.important-word-joke:-38
edge_0024,Campus Volunteer Board,Student organization/club,Sophia,2026-04-27T02:32:00.000Z,edge_0023,same place as last time,maybe,question,context_required,Requires context,10,10,0,10,noise,25,"{""😂"":1}",question.intent:10
edge_0025,Club Soccer,Sports team,Sophia,2026-04-27T02:36:00.000Z,edge_0024,bring that again,maybe,logistics,context_required,Requires previous object,0,0,8,8,noise,24,"{""❓"":1}",noise.vague-short:-12
edge_0026,Basement Set Team,DJ/promoter group,Grace,2026-04-27T02:40:00.000Z,edge_0025,we're still on,maybe,plan,context_required,Requires prior plan,0,0,0,0,noise,20,{},normalization.alias:4; noise.vague-short:-12
edge_0027,Econ 302 Project,Group project/class chat,Mia,2026-04-27T02:44:00.000Z,edge_0026,it got moved,maybe,announcement,context_required,No destination/date,18,18,8,26,announcement,44,"{""👀"":1,""😂"":1}",announcement.change:30; noise.vague-short:-12
edge_0028,Lot 14 Tailgate,Tailgate/party planning chat,Marcus,2026-04-27T02:48:00.000Z,,tix due tmr,important,deadline,typo_slang,Ticket deadline slang,98,98,30,100,deadline,100,"{""✅"":1,""📌"":1}",normalization.alias:4; deadline.explicit:32; deadline.payment:18; time.relative:8; deadline.date-context:18; deadline.object-context:18
edge_0029,Apartment 4B,Apartment/roommate chat,Grace,2026-04-27T02:52:00.000Z,,need sober drvr tn,important,logistics,typo_slang,Driver slang,100,100,20,100,logistics,100,"{""✅"":1,""👀"":1}",normalization.alias:4; request.concrete-need:28; logistics.transport:20; logistics.sober-drivers:30; time.relative:8; request.urgent-tonight:12; request.object-action:10; structure.concrete-details:8
edge_0030,The Big One,Large chaotic general social chat,Grace,2026-04-27T02:56:00.000Z,,mtg moved thurs,important,announcement,typo_slang,Meeting moved slang,100,100,30,100,announcement,100,"{""✅"":1,""📌"":1}",normalization.alias:4; event.social-anchor:12; announcement.change:30; time.weekday:7; event.concrete-time:16; domain.action-time:12; change.concrete-context:24; announcement.date-context:14
edge_0031,Pledge Class 28,Fraternity pledge chat,Riley,2026-04-27T03:00:00.000Z,,yall bring spkrs?,maybe,request,typo_slang,Speaker slang,14,14,0,14,noise,27,"{""😂"":1}",normalization.alias:4; question.intent:10
edge_0032,Kappa Event Crew,Sorority event planning chat,Cam,2026-04-27T03:04:00.000Z,,"need 3 drivers for formal tomorrow, leaving house at 7",important,logistics,multi_signal,"Request, event, date, time",100,100,8,100,event,100,"{""👀"":1}",normalization.alias:4; request.concrete-need:28; logistics.transport:20; event.social-anchor:12; event.arrival-departure:34; time.relative:8; time.explicit:12; event.concrete-time:16; domain.action-time:12; request.urgent-tonight:12; request.object-action:10; structure.concrete-details:8
edge_0033,Downtown Survivors,College friend group,Nick,2026-04-27T03:08:00.000Z,,"rush event moved to Friday at 6, wear white",important,announcement,multi_signal,Change with event details,100,100,24,100,announcement,100,"{""📌"":1}",normalization.alias:4; event.social-anchor:12; event.meeting-time:24; announcement.change:30; time.weekday:7; time.explicit:12; event.concrete-time:16; domain.action-time:12; change.concrete-context:24; announcement.date-context:14; structure.concrete-details:8
edge_0034,Campus Volunteer Board,Student organization/club,Maya,2026-04-27T03:12:00.000Z,,nvm party cancelled,important,announcement,cancellation,Cancellation should matter,66,66,12,78,announcement,86,"{""✅"":1}",event.social-anchor:12; announcement.change:30; change.concrete-context:24
edge_0035,Club Soccer,Sports team,Maya,2026-04-27T03:16:00.000Z,,meeting is not tonight anymore,important,announcement,cancellation,Schedule cancellation,100,100,8,100,announcement,100,"{""👀"":1}",event.social-anchor:12; announcement.change:30; time.relative:8; event.concrete-time:16; domain.action-time:12; change.concrete-context:24; structure.concrete-details:8
edge_0036,Basement Set Team,DJ/promoter group,Bella,2026-04-27T03:20:00.000Z,,"don't bring speakers, venue has them",important,announcement,cancellation,Negated supply plan,77,77,8,85,logistics,100,"{""👀"":1}",normalization.alias:4; logistics.supplies:25; logistics.supply-context:12; logistics.direct-supply-command:28; structure.concrete-details:8
edge_0037,Econ 302 Project,Group project/class chat,Grace,2026-04-27T03:24:00.000Z,,yo,noise,noise,repeated_spam,Repeated spam seed,0,0,0,0,noise,20,{},noise.one-word:-18; noise.casual-reply:-28; noise.vague-short:-12
edge_0038,Lot 14 Tailgate,Tailgate/party planning chat,Mia,2026-04-27T03:28:00.000Z,,yo,noise,noise,repeated_spam,Repeated spam seed,0,0,0,0,noise,20,{},noise.one-word:-18; noise.casual-reply:-28; noise.vague-short:-12
edge_0039,Apartment 4B,Apartment/roommate chat,Sam,2026-04-27T03:32:00.000Z,,where we at,noise,noise,repeated_spam,Repeated vague question,0,0,0,0,noise,20,{},question.intent:10; noise.vague-short:-12
edge_0040,The Big One,Large chaotic general social chat,Marcus,2026-04-27T03:36:00.000Z,,chapter at 6,important,event,group_specific,Fraternity-specific meeting,76,76,8,84,event,100,"{""👀"":1}",event.social-anchor:12; event.meeting-time:24; time.explicit:12; event.concrete-time:16; domain.action-time:12
edge_0041,Pledge Class 28,Fraternity pledge chat,Sam,2026-04-27T03:40:00.000Z,,lineup posted at noon,important,announcement,group_specific,Rush/DJ-specific announcement,100,100,20,100,announcement,100,"{""✅"":1,""👀"":1}",event.social-anchor:12; event.starts-time:28; announcement.change:30; time.explicit:12; event.concrete-time:16; domain.action-time:12; change.concrete-context:24; announcement.date-context:14
edge_0042,Kappa Event Crew,Sorority event planning chat,Jordan,2026-04-27T03:44:00.000Z,,soundcheck at 5,important,event,group_specific,DJ-specific logistics,80,80,8,88,event,100,"{""👀"":1}",event.social-anchor:12; event.starts-time:28; time.explicit:12; event.concrete-time:16; domain.action-time:12
edge_0043,Downtown Survivors,College friend group,Bella,2026-04-27T03:48:00.000Z,,dues by Sunday,important,deadline,group_specific,Payment deadline,75,75,8,83,deadline,87,"{""👀"":1}",deadline.explicit:32; deadline.payment:18; time.weekday:7; deadline.date-context:18
edge_0044,Campus Volunteer Board,Student organization/club,Sam,2026-04-27T03:52:00.000Z,,prob set is due tonight,important,deadline,group_specific,Class-specific deadline,100,100,12,100,deadline,100,"{""✅"":1}",normalization.alias:4; deadline.explicit:32; deadline.payment:18; event.social-anchor:12; time.relative:8; deadline.date-context:18; deadline.object-context:18; event.concrete-time:16; structure.concrete-details:8
edge_0045,Club Soccer,Sports team,Sophia,2026-04-27T03:56:00.000Z,,practice moved indoors,important,announcement,group_specific,Sports-specific change,78,78,0,78,announcement,98,{},event.social-anchor:12; announcement.change:30; domain.action-time:12; change.concrete-context:24
stress_0001,Arena Concert Run,Concert/festival group,Luke,2026-04-27T03:15:00.000Z,,formal tickets are due by midnight tomorrow,important,deadline,stress_slang_typo,Slang or typo stress-test message,100,100,8,100,deadline,100,"{""👀"":1}",deadline.explicit:32; deadline.payment:18; event.social-anchor:12; time.relative:8; time.explicit:12; deadline.date-context:18; deadline.object-context:18; event.concrete-time:16; structure.concrete-details:8
stress_0002,Reservation Roulette,Restaurant/dinner reservation group,Zoe,2026-04-27T03:19:00.000Z,,formal tix due midnight tmr,important,deadline,stress_slang_typo,Slang or typo stress-test message,100,100,20,100,deadline,100,"{""✅"":1,""👀"":1}",normalization.alias:4; deadline.explicit:32; deadline.payment:18; event.social-anchor:12; time.relative:8; time.explicit:12; deadline.date-context:18; deadline.object-context:18; event.concrete-time:16; structure.concrete-details:8
stress_0003,PCB Spring Break,Spring break/trip planning group,Ava,2026-04-27T03:23:00.000Z,,tix r due by 12 tn,important,deadline,stress_slang_typo,Slang or typo stress-test message,100,100,12,100,deadline,100,"{""✅"":1}",normalization.alias:4; deadline.explicit:32; deadline.payment:18; time.relative:8; deadline.date-context:18; deadline.object-context:18; structure.concrete-details:8
stress_0004,Morning Lift Crew,Gym/workout group,Nick,2026-04-27T03:27:00.000Z,,formal tickets due by midnite tmrw,important,deadline,stress_slang_typo,Slang or typo stress-test message,100,100,12,100,deadline,100,"{""✅"":1}",normalization.alias:4; deadline.explicit:32; deadline.payment:18; event.social-anchor:12; time.relative:8; time.explicit:12; deadline.date-context:18; deadline.object-context:18; event.concrete-time:16; structure.concrete-details:8
stress_0005,Ava Birthday Ops,Birthday/event planning group,Tyler,2026-04-27T03:31:00.000Z,,send formal money by midnight,important,deadline,stress_slang_typo,Slang or typo stress-test message,100,100,20,100,deadline,100,"{""✅"":1,""👀"":1}",deadline.explicit:32; deadline.payment:18; event.social-anchor:12; time.explicit:12; event.concrete-time:16; domain.action-time:12; structure.concrete-details:8
stress_0006,Pledge Class 28,Fraternity pledge chat,Jordan,2026-04-27T03:35:00.000Z,,last day for formal tix is tmr,important,deadline,stress_slang_typo,Slang or typo stress-test message,100,100,8,100,deadline,100,"{""👀"":1}",normalization.alias:4; deadline.explicit:32; deadline.payment:18; event.social-anchor:12; time.relative:8; deadline.date-context:18; deadline.object-context:18; event.concrete-time:16; structure.concrete-details:8
stress_0007,Kappa Event Crew,Sorority event planning chat,Cam,2026-04-27T03:39:00.000Z,,meeting moved to room 204 tonight,important,announcement,stress_slang_typo,Slang or typo stress-test message,100,100,30,100,announcement,100,"{""✅"":1,""📌"":1}",event.social-anchor:12; announcement.change:30; time.relative:8; event.concrete-time:16; domain.action-time:12; change.concrete-context:24; announcement.room-location-update:55; announcement.date-context:14; structure.concrete-details:8
stress_0008,Downtown Survivors,College friend group,Cam,2026-04-27T03:43:00.000Z,,mtg moved room 204 tn,important,announcement,stress_slang_typo,Slang or typo stress-test message,100,100,30,100,announcement,100,"{""👀"":1,""📌"":1}",normalization.alias:4; event.social-anchor:12; announcement.change:30; time.relative:8; event.concrete-time:16; domain.action-time:12; change.concrete-context:24; announcement.room-location-update:55; announcement.date-context:14; structure.concrete-details:8
stress_0009,Campus Volunteer Board,Student organization/club,Sam,2026-04-27T03:47:00.000Z,,meeting got moved to rm 204,important,announcement,stress_slang_typo,Slang or typo stress-test message,100,100,8,100,announcement,100,"{""👀"":1}",normalization.alias:4; event.social-anchor:12; announcement.change:30; domain.action-time:12; change.concrete-context:24; announcement.room-location-update:55; structure.concrete-details:8
stress_0010,Club Soccer,Sports team,Logan,2026-04-27T03:51:00.000Z,msg_00862,new room is 204 for tonight,important,announcement,stress_slang_typo,Slang or typo stress-test message,63,63,8,71,announcement,67,"{""👀"":1}",time.relative:8; announcement.room-location-update:55
stress_0011,Basement Set Team,DJ/promoter group,Jordan,2026-04-27T03:55:00.000Z,,room changed to 204,important,announcement,stress_slang_typo,Slang or typo stress-test message,100,100,30,100,announcement,97,"{""✅"":1,""👀"":1,""📌"":1}",announcement.change:30; change.concrete-context:24; announcement.room-location-update:55
stress_0012,Econ 302 Project,Group project/class chat,Nick,2026-04-27T03:59:00.000Z,,we're in 204 now,important,announcement,stress_slang_typo,Slang or typo stress-test message,47,47,8,55,announcement,62,"{""👀"":1}",normalization.alias:4; announcement.room-location-update:55; noise.vague-short:-12
stress_0013,Lot 14 Tailgate,Tailgate/party planning chat,Nate,2026-04-27T04:03:00.000Z,,can someone bring speakers to the pregame,important,request,stress_slang_typo,Slang or typo stress-test message,100,100,30,100,request,100,"{""📌"":1,""❓"":1}",request.can-someone:24; logistics.supplies:25; event.social-anchor:12; question.intent:10; logistics.supply-context:12; logistics.direct-supply-command:28; request.bring-supplies:14; request.object-action:10
stress_0014,Apartment 4B,Apartment/roommate chat,Marcus,2026-04-27T04:07:00.000Z,msg_01458,can someone bring spkrs,important,request,stress_slang_typo,Slang or typo stress-test message,100,100,20,100,request,100,"{""✅"":1,""👀"":1}",normalization.alias:4; request.can-someone:24; logistics.supplies:25; question.intent:10; logistics.direct-supply-command:28; request.bring-supplies:14; request.object-action:10
stress_0015,The Big One,Large chaotic general social chat,Logan,2026-04-27T04:11:00.000Z,,anyone got speakers for preg?,important,request,stress_slang_typo,Slang or typo stress-test message,67,67,12,79,request,84,"{""✅"":1}",request.can-someone:24; logistics.supplies:25; question.intent:10; question.event-context:8
stress_0016,Rush Week Leads,Recruitment logistics chat,Olivia,2026-04-27T04:15:00.000Z,,need speakers at pregame,important,request,stress_slang_typo,Slang or typo stress-test message,75,75,8,83,request,97,"{""👀"":1}",request.concrete-need:28; logistics.supplies:25; event.social-anchor:12; request.object-action:10
stress_0017,Formal Bus 2,Event transportation chat,Mason,2026-04-27T04:19:00.000Z,,who can bring the speaker tn,important,request,stress_slang_typo,Slang or typo stress-test message,100,100,30,100,request,100,"{""✅"":1,""📌"":1}",normalization.alias:4; request.can-someone:24; logistics.supplies:25; time.relative:8; question.intent:10; logistics.supply-context:12; logistics.direct-supply-command:28; request.bring-supplies:14; request.object-action:10; structure.concrete-details:8
stress_0018,Intramural Hoops,Sports pickup team,Harper,2026-04-27T04:23:00.000Z,msg_02263,bring speaker if u have one,important,request,stress_slang_typo,Slang or typo stress-test message,57,57,18,75,logistics,73,"{""✅"":1,""👀"":1,""📌"":1}",normalization.alias:4; logistics.supplies:25; logistics.direct-supply-command:28
stress_0019,House Dinner Crew,Food/social planning chat,Logan,2026-04-27T04:27:00.000Z,,practice moved indoors,important,announcement,stress_slang_typo,Slang or typo stress-test message,78,78,8,86,announcement,98,"{""👀"":1}",event.social-anchor:12; announcement.change:30; domain.action-time:12; change.concrete-context:24
stress_0020,Weekend Festival Run,Festival/social trip chat,Mason,2026-04-27T04:31:00.000Z,,prac moved inside,important,announcement,stress_slang_typo,Slang or typo stress-test message,82,82,8,90,announcement,100,"{""👀"":1}",normalization.alias:4; event.social-anchor:12; announcement.change:30; domain.action-time:12; change.concrete-context:24
stress_0021,St. Mark Newman Center,Church/Catholic center group,Lena,2026-04-27T04:35:00.000Z,,practice is indoors tn,important,announcement,stress_slang_typo,Slang or typo stress-test message,100,100,0,100,announcement,100,{},normalization.alias:4; event.social-anchor:12; announcement.change:30; time.relative:8; event.concrete-time:16; domain.action-time:12; change.concrete-context:24; announcement.date-context:14; structure.concrete-details:8
stress_0022,Pre-Med Service Crew,Pre-med volunteering group,Mason,2026-04-27T04:39:00.000Z,msg_03050,we inside for practice,important,announcement,stress_slang_typo,Slang or typo stress-test message,78,78,8,86,announcement,98,"{""👀"":1}",event.social-anchor:12; announcement.change:30; domain.action-time:12; change.concrete-context:24
stress_0023,Senior Design Lab,Engineering lab/project team,Tyler,2026-04-27T04:43:00.000Z,,field got moved inside,important,announcement,stress_slang_typo,Slang or typo stress-test message,54,54,8,62,announcement,74,"{""👀"":1}",announcement.change:30; change.concrete-context:24
stress_0024,Maple Hall 3,Dorm floor chat,Jake,2026-04-27T04:47:00.000Z,,moved indoors bc rain,important,announcement,stress_slang_typo,Slang or typo stress-test message,58,58,8,66,announcement,83,"{""👀"":1}",normalization.alias:4; announcement.change:30; change.concrete-context:24
stress_0025,Bracket Weekend,Intramural tournament group,Nick,2026-04-27T04:51:00.000Z,msg_03549,"soundcheck at 5, doors at 8",important,event,stress_slang_typo,Slang or typo stress-test message,100,100,12,100,event,100,"{""✅"":1}",normalization.alias:4; event.social-anchor:12; event.starts-time:28; event.compact-production-times:50; time.explicit:12; event.concrete-time:16; domain.action-time:12; structure.concrete-details:8
stress_0026,Arena Concert Run,Concert/festival group,Zoe,2026-04-27T04:55:00.000Z,,soundcheck 5 doors 8,important,event,stress_slang_typo,Slang or typo stress-test message,62,62,30,92,event,67,"{""✅"":1,""📌"":1}",event.social-anchor:12; event.compact-production-times:50
stress_0027,Reservation Roulette,Restaurant/dinner reservation group,Jordan,2026-04-27T04:59:00.000Z,,sc at 5 doors 8,important,event,stress_slang_typo,Slang or typo stress-test message,100,100,8,100,event,100,"{""👀"":1}",normalization.alias:4; event.social-anchor:12; event.starts-time:28; event.compact-production-times:50; time.explicit:12; event.concrete-time:16; domain.action-time:12
stress_0028,PCB Spring Break,Spring break/trip planning group,Lena,2026-04-27T05:03:00.000Z,msg_04071,load in 5 doors 8,important,event,stress_slang_typo,Slang or typo stress-test message,50,50,8,58,event,63,"{""👀"":1}",event.social-anchor:12; event.compact-production-times:50; noise.vague-short:-12
stress_0029,Morning Lift Crew,Gym/workout group,Tessa,2026-04-27T05:07:00.000Z,,doors got pushed to 8,important,event,stress_slang_typo,Slang or typo stress-test message,66,66,8,74,announcement,86,"{""👀"":1}",event.social-anchor:12; announcement.change:30; change.concrete-context:24
stress_0030,Ava Birthday Ops,Birthday/event planning group,Tyler,2026-04-27T05:11:00.000Z,,set times posted doors at 8,important,event,stress_slang_typo,Slang or typo stress-test message,100,100,8,100,announcement,100,"{""👀"":1}",event.social-anchor:12; event.starts-time:28; announcement.change:30; time.explicit:12; event.concrete-time:16; domain.action-time:12; change.concrete-context:24; announcement.date-context:14; structure.concrete-details:8
stress_0031,Pledge Class 28,Fraternity pledge chat,Mason,2026-04-27T05:15:00.000Z,,problem set is due tonight,important,deadline,stress_slang_typo,Slang or typo stress-test message,100,100,8,100,deadline,100,"{""👀"":1}",deadline.explicit:32; deadline.payment:18; event.social-anchor:12; time.relative:8; deadline.date-context:18; deadline.object-context:18; event.concrete-time:16; structure.concrete-details:8
stress_0032,Kappa Event Crew,Sorority event planning chat,Sophia,2026-04-27T05:19:00.000Z,,prob set due tmr,important,deadline,stress_slang_typo,Slang or typo stress-test message,100,100,30,100,deadline,100,"{""✅"":1,""📌"":1}",normalization.alias:4; deadline.explicit:32; deadline.payment:18; event.social-anchor:12; time.relative:8; deadline.date-context:18; deadline.object-context:18; event.concrete-time:16; structure.concrete-details:8
stress_0033,Downtown Survivors,College friend group,Bella,2026-04-27T05:23:00.000Z,,pset due tn,important,deadline,stress_slang_typo,Slang or typo stress-test message,100,100,8,100,deadline,100,"{""👀"":1}",normalization.alias:4; deadline.explicit:32; deadline.payment:18; event.social-anchor:12; time.relative:8; deadline.date-context:18; deadline.object-context:18; event.concrete-time:16
stress_0034,Campus Volunteer Board,Student organization/club,Riley,2026-04-27T05:27:00.000Z,,hw due by midnite,important,deadline,stress_slang_typo,Slang or typo stress-test message,100,100,8,100,deadline,100,"{""👀"":1}",normalization.alias:4; deadline.explicit:32; deadline.payment:18; time.explicit:12; deadline.date-context:18; deadline.object-context:18; structure.concrete-details:8
stress_0035,Club Soccer,Sports team,Jordan,2026-04-27T05:31:00.000Z,,canvas closes tn,important,deadline,stress_slang_typo,Slang or typo stress-test message,98,98,8,100,deadline,100,"{""👀"":1}",normalization.alias:4; deadline.explicit:32; deadline.payment:18; time.relative:8; deadline.date-context:18; deadline.object-context:18
stress_0036,Basement Set Team,DJ/promoter group,Bella,2026-04-27T05:35:00.000Z,,turn in assn by 12,important,deadline,stress_slang_typo,Slang or typo stress-test message,90,90,12,100,deadline,100,"{""✅"":1}",normalization.alias:4; deadline.explicit:32; deadline.payment:18; deadline.date-context:18; deadline.object-context:18
stress_0037,Econ 302 Project,Group project/class chat,Mia,2026-04-27T05:39:00.000Z,,need sober drivers tonight,important,logistics,stress_slang_typo,Slang or typo stress-test message,100,100,12,100,logistics,100,"{""✅"":1}",request.concrete-need:28; logistics.transport:20; logistics.sober-drivers:30; time.relative:8; request.urgent-tonight:12; request.object-action:10; structure.concrete-details:8
stress_0038,Lot 14 Tailgate,Tailgate/party planning chat,Grace,2026-04-27T05:43:00.000Z,,need sober drvr tn,important,logistics,stress_slang_typo,Slang or typo stress-test message,100,100,24,100,logistics,100,"{""📌"":1}",normalization.alias:4; request.concrete-need:28; logistics.transport:20; logistics.sober-drivers:30; time.relative:8; request.urgent-tonight:12; request.object-action:10; structure.concrete-details:8
stress_0039,Apartment 4B,Apartment/roommate chat,Olivia,2026-04-27T05:47:00.000Z,,need sober d 2nite,important,logistics,stress_slang_typo,Slang or typo stress-test message,100,100,8,100,logistics,100,"{""👀"":1}",normalization.alias:4; request.concrete-need:28; logistics.transport:20; logistics.sober-drivers:30; time.relative:8; request.urgent-tonight:12; request.object-action:10; structure.concrete-details:8
stress_0040,The Big One,Large chaotic general social chat,Jake,2026-04-27T05:51:00.000Z,,need drvrs for formal,important,logistics,stress_slang_typo,Slang or typo stress-test message,74,74,12,86,request,100,"{""✅"":1}",normalization.alias:4; request.concrete-need:28; logistics.transport:20; event.social-anchor:12; request.object-action:10
stress_0041,Rush Week Leads,Recruitment logistics chat,Sam,2026-04-27T05:55:00.000Z,,need driverz tonight,important,logistics,stress_slang_typo,Slang or typo stress-test message,82,82,8,90,request,100,"{""👀"":1}",normalization.alias:4; request.concrete-need:28; logistics.transport:20; time.relative:8; request.urgent-tonight:12; request.object-action:10
stress_0042,Formal Bus 2,Event transportation chat,Logan,2026-04-27T05:59:00.000Z,,who can sober drive tn,important,logistics,stress_slang_typo,Slang or typo stress-test message,96,96,0,96,logistics,100,{},normalization.alias:4; request.can-someone:24; logistics.transport:20; time.relative:8; question.intent:10; logistics.transport-question:12; request.object-action:10; structure.concrete-details:8
stress_0043,Intramural Hoops,Sports pickup team,Mia,2026-04-27T06:03:00.000Z,,bring both jerseys tomorrow,important,logistics,stress_slang_typo,Slang or typo stress-test message,81,81,20,100,logistics,100,"{""✅"":1,""👀"":1}",logistics.supplies:25; time.relative:8; logistics.supply-context:12; logistics.direct-supply-command:28; structure.concrete-details:8
stress_0044,House Dinner Crew,Food/social planning chat,Lena,2026-04-27T06:07:00.000Z,,bring both jersies tmr,important,logistics,stress_slang_typo,Slang or typo stress-test message,85,85,30,100,logistics,100,"{""✅"":1,""📌"":1}",normalization.alias:4; logistics.supplies:25; time.relative:8; logistics.supply-context:12; logistics.direct-supply-command:28; structure.concrete-details:8
stress_0045,Weekend Festival Run,Festival/social trip chat,Olivia,2026-04-27T06:11:00.000Z,,bring jersey tmrw,important,logistics,stress_slang_typo,Slang or typo stress-test message,77,77,0,77,logistics,96,{},normalization.alias:4; logistics.supplies:25; time.relative:8; logistics.supply-context:12; logistics.direct-supply-command:28
stress_0046,St. Mark Newman Center,Church/Catholic center group,Jake,2026-04-27T06:15:00.000Z,,yall bring jerseys tn?,important,logistics,stress_slang_typo,Slang or typo stress-test message,75,75,12,87,logistics,95,"{""✅"":1}",normalization.alias:4; logistics.supplies:25; question.intent:10; logistics.direct-supply-command:28; question.event-context:8
stress_0047,Pre-Med Service Crew,Pre-med volunteering group,Lena,2026-04-27T06:19:00.000Z,msg_02901,bring white and dark jerseys,important,logistics,stress_slang_typo,Slang or typo stress-test message,53,53,8,61,logistics,64,"{""👀"":1}",logistics.supplies:25; logistics.direct-supply-command:28
stress_0048,Senior Design Lab,Engineering lab/project team,Nate,2026-04-27T06:23:00.000Z,,need jerseys b4 game,important,logistics,stress_slang_typo,Slang or typo stress-test message,79,79,0,79,request,100,{},normalization.alias:4; request.concrete-need:28; logistics.supplies:25; event.social-anchor:12; request.object-action:10
stress_0049,Maple Hall 3,Dorm floor chat,Grace,2026-04-27T06:27:00.000Z,,reservation is at 7:45,important,event,stress_slang_typo,Slang or typo stress-test message,68,68,12,80,event,95,"{""✅"":1}",event.social-anchor:12; event.starts-time:28; time.explicit:12; event.concrete-time:16
stress_0050,Bracket Weekend,Intramural tournament group,Quinn,2026-04-27T06:31:00.000Z,msg_03507,resy at 745,important,event,stress_slang_typo,Slang or typo stress-test message,16,16,8,24,noise,32,"{""✅"":1}",normalization.alias:4; event.social-anchor:12
stress_0051,Arena Concert Run,Concert/festival group,Jordan,2026-04-27T06:35:00.000Z,msg_03659,restaraunt at 8,important,event,stress_slang_typo,Slang or typo stress-test message,16,16,8,24,noise,32,"{""👀"":1}",normalization.alias:4; time.explicit:12
stress_0052,Reservation Roulette,Restaurant/dinner reservation group,Harper,2026-04-27T06:39:00.000Z,,dinner resy 7:45,important,event,stress_slang_typo,Slang or typo stress-test message,72,72,24,96,event,100,"{""📌"":1}",normalization.alias:4; event.social-anchor:12; event.starts-time:28; time.explicit:12; event.concrete-time:16
stress_0053,PCB Spring Break,Spring break/trip planning group,Ava,2026-04-27T06:43:00.000Z,,reservation got pushed to 8,important,event,stress_slang_typo,Slang or typo stress-test message,66,66,30,96,announcement,86,"{""👀"":1,""📌"":1}",event.social-anchor:12; announcement.change:30; change.concrete-context:24
stress_0054,Morning Lift Crew,Gym/workout group,Sam,2026-04-27T06:47:00.000Z,,be at restaurant by 8,important,event,stress_slang_typo,Slang or typo stress-test message,34,34,0,34,event,49,{},event.arrival-departure:34
stress_0055,Ava Birthday Ops,Birthday/event planning group,Tyler,2026-04-27T06:51:00.000Z,,utilities are due Friday,important,deadline,stress_slang_typo,Slang or typo stress-test message,100,100,30,100,deadline,100,"{""✅"":1,""📌"":1}",deadline.explicit:32; deadline.payment:18; time.weekday:7; deadline.date-context:18; deadline.object-context:18; structure.concrete-details:8
stress_0056,Pledge Class 28,Fraternity pledge chat,Logan,2026-04-27T06:55:00.000Z,,utilities due fri,important,deadline,stress_slang_typo,Slang or typo stress-test message,97,97,20,100,deadline,100,"{""✅"":1,""👀"":1}",normalization.alias:4; deadline.explicit:32; deadline.payment:18; time.weekday:7; deadline.date-context:18; deadline.object-context:18
stress_0057,Kappa Event Crew,Sorority event planning chat,Ava,2026-04-27T06:59:00.000Z,,wifi bill due tmr,important,deadline,stress_slang_typo,Slang or typo stress-test message,98,98,8,100,deadline,100,"{""👀"":1}",normalization.alias:4; deadline.explicit:32; deadline.payment:18; time.relative:8; deadline.date-context:18; deadline.object-context:18
stress_0058,Downtown Survivors,College friend group,Ava,2026-04-27T07:03:00.000Z,,rent due tmrw,important,deadline,stress_slang_typo,Slang or typo stress-test message,98,98,0,98,deadline,100,{},normalization.alias:4; deadline.explicit:32; deadline.payment:18; time.relative:8; deadline.date-context:18; deadline.object-context:18
stress_0059,Campus Volunteer Board,Student organization/club,Olivia,2026-04-27T07:07:00.000Z,msg_00632,venmo utilities by friday,important,deadline,stress_slang_typo,Slang or typo stress-test message,100,100,30,100,deadline,100,"{""👀"":1,""📌"":1}",deadline.explicit:32; deadline.payment:18; time.weekday:7; deadline.date-context:18; deadline.object-context:18; structure.concrete-details:8
stress_0060,Club Soccer,Sports team,Jordan,2026-04-27T07:11:00.000Z,msg_00722,send rent money tn,important,deadline,stress_slang_typo,Slang or typo stress-test message,48,48,0,48,deadline,78,{},normalization.alias:4; deadline.payment:18; time.relative:8; deadline.date-context:18
stress_0061,Basement Set Team,DJ/promoter group,Olivia,2026-04-27T07:15:00.000Z,,volunteer shift starts at 11,important,event,stress_slang_typo,Slang or typo stress-test message,64,64,20,84,event,75,"{""✅"":1,""👀"":1}",event.starts-time:28; event.meeting-time:24; time.explicit:12
stress_0062,Econ 302 Project,Group project/class chat,Olivia,2026-04-27T07:19:00.000Z,,shift starts 11,important,event,stress_slang_typo,Slang or typo stress-test message,0,0,8,8,noise,24,"{""✅"":1,""👀"":1}",noise.vague-short:-12
stress_0063,Lot 14 Tailgate,Tailgate/party planning chat,Cam,2026-04-27T07:23:00.000Z,,table shift at 11,important,event,stress_slang_typo,Slang or typo stress-test message,36,36,0,36,event,58,{},event.meeting-time:24; time.explicit:12
stress_0064,Apartment 4B,Apartment/roommate chat,Noah,2026-04-27T07:27:00.000Z,,vol shift moved thurs,important,event,stress_slang_typo,Slang or typo stress-test message,79,79,8,87,announcement,100,"{""👀"":1}",normalization.alias:4; announcement.change:30; time.weekday:7; change.concrete-context:24; announcement.date-context:14
stress_0065,The Big One,Large chaotic general social chat,Nate,2026-04-27T07:31:00.000Z,,tabling starts at noon,important,event,stress_slang_typo,Slang or typo stress-test message,80,80,12,92,event,100,"{""✅"":1}",event.social-anchor:12; event.starts-time:28; time.explicit:12; event.concrete-time:16; domain.action-time:12
stress_0066,Rush Week Leads,Recruitment logistics chat,Nate,2026-04-27T07:35:00.000Z,,gbm at 7,important,event,stress_slang_typo,Slang or typo stress-test message,88,88,12,100,event,100,"{""✅"":1}",normalization.alias:4; event.social-anchor:12; event.meeting-time:24; time.explicit:12; event.concrete-time:16; domain.action-time:12; structure.concrete-details:8
stress_0067,Formal Bus 2,Event transportation chat,Lena,2026-04-27T07:39:00.000Z,,need one more for the Uber,important,logistics,stress_slang_typo,Slang or typo stress-test message,78,78,0,78,logistics,98,{},request.concrete-need:28; logistics.transport:20; logistics.uber-count:20; request.object-action:10
stress_0068,Intramural Hoops,Sports pickup team,Noah,2026-04-27T07:43:00.000Z,,need 1 more for uber,important,logistics,stress_slang_typo,Slang or typo stress-test message,78,78,12,90,logistics,98,"{""✅"":1}",request.concrete-need:28; logistics.transport:20; logistics.uber-count:20; request.object-action:10
stress_0069,House Dinner Crew,Food/social planning chat,Quinn,2026-04-27T07:47:00.000Z,,need one more for lyft,important,logistics,stress_slang_typo,Slang or typo stress-test message,78,78,30,100,logistics,98,"{""👀"":1,""📌"":1}",request.concrete-need:28; logistics.transport:20; logistics.uber-count:20; request.object-action:10
stress_0070,Weekend Festival Run,Festival/social trip chat,Tessa,2026-04-27T07:51:00.000Z,,got space in uber?,important,logistics,stress_slang_typo,Slang or typo stress-test message,30,30,0,30,logistics,56,{},logistics.transport:20; question.intent:10
stress_0071,St. Mark Newman Center,Church/Catholic center group,Noah,2026-04-27T07:55:00.000Z,,who has room in car,important,logistics,stress_slang_typo,Slang or typo stress-test message,38,38,18,56,logistics,67,"{""✅"":1,""👀"":1}",logistics.transport:20; question.intent:10; question.event-context:8
stress_0072,Pre-Med Service Crew,Pre-med volunteering group,Olivia,2026-04-27T07:59:00.000Z,,need one more car,important,logistics,stress_slang_typo,Slang or typo stress-test message,78,78,20,98,logistics,98,"{""✅"":1,""👀"":1}",request.concrete-need:28; logistics.transport:20; logistics.uber-count:20; request.object-action:10
stress_0073,Senior Design Lab,Engineering lab/project team,Lena,2026-04-27T08:03:00.000Z,,pset due tn,important,deadline,stress_slang_typo,Repeated variant of problem set is due tonight,100,100,24,100,deadline,100,"{""📌"":1}",normalization.alias:4; deadline.explicit:32; deadline.payment:18; event.social-anchor:12; time.relative:8; deadline.date-context:18; deadline.object-context:18; event.concrete-time:16
stress_0074,Maple Hall 3,Dorm floor chat,Ava,2026-04-27T08:07:00.000Z,msg_03288,new room is 204 for tonight,important,announcement,stress_slang_typo,Repeated variant of meeting moved to room 204 tonight,63,63,12,75,announcement,67,"{""✅"":1}",time.relative:8; announcement.room-location-update:55
stress_0075,Bracket Weekend,Intramural tournament group,Maya,2026-04-27T08:11:00.000Z,,bring both jersies tmr,important,logistics,stress_slang_typo,Repeated variant of bring both jerseys tomorrow,85,85,12,97,logistics,100,"{""✅"":1}",normalization.alias:4; logistics.supplies:25; time.relative:8; logistics.supply-context:12; logistics.direct-supply-command:28; structure.concrete-details:8
stress_0076,Arena Concert Run,Concert/festival group,Nate,2026-04-27T08:15:00.000Z,msg_03674,got space in uber?,important,logistics,stress_slang_typo,Repeated variant of need one more for the Uber,30,30,18,48,logistics,56,"{""📌"":1}",logistics.transport:20; question.intent:10
stress_0077,Reservation Roulette,Restaurant/dinner reservation group,Zoe,2026-04-27T08:19:00.000Z,,prac moved inside,important,announcement,stress_slang_typo,Repeated variant of practice moved indoors,82,82,20,100,announcement,100,"{""✅"":1,""👀"":1}",normalization.alias:4; event.social-anchor:12; announcement.change:30; domain.action-time:12; change.concrete-context:24
stress_0078,PCB Spring Break,Spring break/trip planning group,Tyler,2026-04-27T08:23:00.000Z,,we're in 204 now,important,announcement,stress_slang_typo,Repeated variant of meeting moved to room 204 tonight,47,47,8,55,announcement,62,"{""👀"":1}",normalization.alias:4; announcement.room-location-update:55; noise.vague-short:-12
stress_0079,Morning Lift Crew,Gym/workout group,Riley,2026-04-27T08:27:00.000Z,,vol shift moved thurs,important,event,stress_slang_typo,Repeated variant of volunteer shift starts at 11,79,79,8,87,announcement,100,"{""👀"":1}",normalization.alias:4; announcement.change:30; time.weekday:7; change.concrete-context:24; announcement.date-context:14
stress_0080,Ava Birthday Ops,Birthday/event planning group,Jordan,2026-04-27T08:31:00.000Z,,venmo utilities by friday,important,deadline,stress_slang_typo,Repeated variant of utilities are due Friday,100,100,30,100,deadline,100,"{""✅"":1,""👀"":1,""📌"":1}",deadline.explicit:32; deadline.payment:18; time.weekday:7; deadline.date-context:18; deadline.object-context:18; structure.concrete-details:8
stress_0081,Pledge Class 28,Fraternity pledge chat,Logan,2026-04-27T08:35:00.000Z,,can someone bring spkrs,important,request,stress_slang_typo,Repeated variant of can someone bring speakers to the pregame,100,100,12,100,request,100,"{""✅"":1}",normalization.alias:4; request.can-someone:24; logistics.supplies:25; question.intent:10; logistics.direct-supply-command:28; request.bring-supplies:14; request.object-action:10
stress_0082,Kappa Event Crew,Sorority event planning chat,Riley,2026-04-27T08:39:00.000Z,,need driverz tonight,important,logistics,stress_slang_typo,Repeated variant of need sober drivers tonight,82,82,8,90,request,100,"{""👀"":1}",normalization.alias:4; request.concrete-need:28; logistics.transport:20; time.relative:8; request.urgent-tonight:12; request.object-action:10
stress_0083,Downtown Survivors,College friend group,Logan,2026-04-27T08:43:00.000Z,,need driverz tonight,important,logistics,stress_slang_typo,Repeated variant of need sober drivers tonight,82,82,0,82,request,100,{},normalization.alias:4; request.concrete-need:28; logistics.transport:20; time.relative:8; request.urgent-tonight:12; request.object-action:10
stress_0084,Campus Volunteer Board,Student organization/club,Cam,2026-04-27T08:47:00.000Z,,send formal money by midnight,important,deadline,stress_slang_typo,Repeated variant of formal tickets are due by midnight tomorrow,100,100,8,100,deadline,100,"{""👀"":1}",deadline.explicit:32; deadline.payment:18; event.social-anchor:12; time.explicit:12; event.concrete-time:16; domain.action-time:12; structure.concrete-details:8
stress_0085,Club Soccer,Sports team,Bella,2026-04-27T08:51:00.000Z,,need jerseys b4 game,important,logistics,stress_slang_typo,Repeated variant of bring both jerseys tomorrow,79,79,8,87,request,100,"{""👀"":1}",normalization.alias:4; request.concrete-need:28; logistics.supplies:25; event.social-anchor:12; request.object-action:10
stress_0086,Basement Set Team,DJ/promoter group,Maya,2026-04-27T08:55:00.000Z,,need one more car,important,logistics,stress_slang_typo,Repeated variant of need one more for the Uber,78,78,0,78,logistics,98,{},request.concrete-need:28; logistics.transport:20; logistics.uber-count:20; request.object-action:10
stress_0087,Econ 302 Project,Group project/class chat,Cam,2026-04-27T08:59:00.000Z,,soundcheck 5 doors 8,important,event,stress_slang_typo,"Repeated variant of soundcheck at 5, doors at 8",62,62,0,62,event,67,{},event.social-anchor:12; event.compact-production-times:50
stress_0088,Lot 14 Tailgate,Tailgate/party planning chat,Drew,2026-04-27T09:03:00.000Z,,dinner resy 7:45,important,event,stress_slang_typo,Repeated variant of reservation is at 7:45,72,72,20,92,event,100,"{""✅"":1,""👀"":1}",normalization.alias:4; event.social-anchor:12; event.starts-time:28; time.explicit:12; event.concrete-time:16
stress_0089,Apartment 4B,Apartment/roommate chat,Logan,2026-04-27T09:07:00.000Z,,need jerseys b4 game,important,logistics,stress_slang_typo,Repeated variant of bring both jerseys tomorrow,79,79,8,87,request,100,"{""👀"":1}",normalization.alias:4; request.concrete-need:28; logistics.supplies:25; event.social-anchor:12; request.object-action:10
stress_0090,The Big One,Large chaotic general social chat,Mia,2026-04-27T09:11:00.000Z,,formal tix due midnight tmr,important,deadline,stress_slang_typo,Repeated variant of formal tickets are due by midnight tomorrow,100,100,8,100,deadline,100,"{""👀"":1}",normalization.alias:4; deadline.explicit:32; deadline.payment:18; event.social-anchor:12; time.relative:8; time.explicit:12; deadline.date-context:18; deadline.object-context:18; event.concrete-time:16; structure.concrete-details:8
stress_0091,Rush Week Leads,Recruitment logistics chat,Lena,2026-04-27T09:15:00.000Z,,meeting got moved to rm 204,important,announcement,stress_slang_typo,Repeated variant of meeting moved to room 204 tonight,100,100,30,100,announcement,100,"{""✅"":1,""👀"":1,""📌"":1}",normalization.alias:4; event.social-anchor:12; announcement.change:30; domain.action-time:12; change.concrete-context:24; announcement.room-location-update:55; structure.concrete-details:8
stress_0092,Formal Bus 2,Event transportation chat,Harper,2026-04-27T09:19:00.000Z,,bring white and dark jerseys,important,logistics,stress_slang_typo,Repeated variant of bring both jerseys tomorrow,53,53,8,61,logistics,64,"{""👀"":1}",logistics.supplies:25; logistics.direct-supply-command:28
stress_0093,Intramural Hoops,Sports pickup team,Sam,2026-04-27T09:23:00.000Z,,moved indoors bc rain,important,announcement,stress_slang_typo,Repeated variant of practice moved indoors,58,58,12,70,announcement,83,"{""✅"":1}",normalization.alias:4; announcement.change:30; change.concrete-context:24
stress_0094,House Dinner Crew,Food/social planning chat,Grace,2026-04-27T09:27:00.000Z,,need drvrs for formal,important,logistics,stress_slang_typo,Repeated variant of need sober drivers tonight,74,74,8,82,request,100,"{""👀"":1}",normalization.alias:4; request.concrete-need:28; logistics.transport:20; event.social-anchor:12; request.object-action:10
stress_0095,Weekend Festival Run,Festival/social trip chat,Jake,2026-04-27T09:31:00.000Z,,canvas closes tn,important,deadline,stress_slang_typo,Repeated variant of problem set is due tonight,98,98,0,98,deadline,100,{},normalization.alias:4; deadline.explicit:32; deadline.payment:18; time.relative:8; deadline.date-context:18; deadline.object-context:18
stress_0096,St. Mark Newman Center,Church/Catholic center group,Lena,2026-04-27T09:35:00.000Z,,restaraunt at 8,important,event,stress_slang_typo,Repeated variant of reservation is at 7:45,16,16,8,24,noise,32,"{""✅"":1}",normalization.alias:4; time.explicit:12
stress_0097,Pre-Med Service Crew,Pre-med volunteering group,Lena,2026-04-27T09:39:00.000Z,,hw due by midnite,important,deadline,stress_slang_typo,Repeated variant of problem set is due tonight,100,100,0,100,deadline,100,{},normalization.alias:4; deadline.explicit:32; deadline.payment:18; time.explicit:12; deadline.date-context:18; deadline.object-context:18; structure.concrete-details:8
stress_0098,Senior Design Lab,Engineering lab/project team,Harper,2026-04-27T09:43:00.000Z,,anyone got speakers for preg?,important,request,stress_slang_typo,Repeated variant of can someone bring speakers to the pregame,67,67,12,79,request,84,"{""✅"":1}",request.can-someone:24; logistics.supplies:25; question.intent:10; question.event-context:8
stress_0099,Maple Hall 3,Dorm floor chat,Tyler,2026-04-27T09:47:00.000Z,,need driverz tonight,important,logistics,stress_slang_typo,Repeated variant of need sober drivers tonight,82,82,20,100,request,100,"{""✅"":1,""👀"":1}",normalization.alias:4; request.concrete-need:28; logistics.transport:20; time.relative:8; request.urgent-tonight:12; request.object-action:10
stress_0100,Bracket Weekend,Intramural tournament group,Nate,2026-04-27T09:51:00.000Z,,formal tickets due by midnite tmrw,important,deadline,stress_slang_typo,Repeated variant of formal tickets are due by midnight tomorrow,100,100,24,100,deadline,100,"{""📌"":1}",normalization.alias:4; deadline.explicit:32; deadline.payment:18; event.social-anchor:12; time.relative:8; time.explicit:12; deadline.date-context:18; deadline.object-context:18; event.concrete-time:16; structure.concrete-details:8
stress_0101,Arena Concert Run,Concert/festival group,Tessa,2026-04-27T09:55:00.000Z,,last day for formal tix is tmr,important,deadline,stress_slang_typo,Repeated variant of formal tickets are due by midnight tomorrow,100,100,12,100,deadline,100,"{""✅"":1}",normalization.alias:4; deadline.explicit:32; deadline.payment:18; event.social-anchor:12; time.relative:8; deadline.date-context:18; deadline.object-context:18; event.concrete-time:16; structure.concrete-details:8
stress_0102,Reservation Roulette,Restaurant/dinner reservation group,Tyler,2026-04-27T09:59:00.000Z,,set times posted doors at 8,important,event,stress_slang_typo,"Repeated variant of soundcheck at 5, doors at 8",100,100,20,100,announcement,100,"{""✅"":1,""👀"":1}",event.social-anchor:12; event.starts-time:28; announcement.change:30; time.explicit:12; event.concrete-time:16; domain.action-time:12; change.concrete-context:24; announcement.date-context:14; structure.concrete-details:8
stress_0103,PCB Spring Break,Spring break/trip planning group,Mason,2026-04-27T10:03:00.000Z,,who has room in car,important,logistics,stress_slang_typo,Repeated variant of need one more for the Uber,38,38,0,38,logistics,67,{},logistics.transport:20; question.intent:10; question.event-context:8
stress_0104,Morning Lift Crew,Gym/workout group,Ava,2026-04-27T10:07:00.000Z,,restaraunt at 8,important,event,stress_slang_typo,Repeated variant of reservation is at 7:45,16,16,8,24,noise,32,"{""👀"":1}",normalization.alias:4; time.explicit:12
stress_0105,Ava Birthday Ops,Birthday/event planning group,Ava,2026-04-27T10:11:00.000Z,,table shift at 11,important,event,stress_slang_typo,Repeated variant of volunteer shift starts at 11,36,36,8,44,event,58,"{""👀"":1}",event.meeting-time:24; time.explicit:12
stress_0106,Pledge Class 28,Fraternity pledge chat,Tyler,2026-04-27T10:15:00.000Z,,be at restaurant by 8,important,event,stress_slang_typo,Repeated variant of reservation is at 7:45,34,34,8,42,event,49,"{""👀"":1}",event.arrival-departure:34
stress_0107,Kappa Event Crew,Sorority event planning chat,Maya,2026-04-27T10:19:00.000Z,,bring jersey tmrw,important,logistics,stress_slang_typo,Repeated variant of bring both jerseys tomorrow,77,77,12,89,logistics,96,"{""✅"":1}",normalization.alias:4; logistics.supplies:25; time.relative:8; logistics.supply-context:12; logistics.direct-supply-command:28
stress_0108,Downtown Survivors,College friend group,Sophia,2026-04-27T10:23:00.000Z,,prac moved inside,important,announcement,stress_slang_typo,Repeated variant of practice moved indoors,82,82,8,90,announcement,100,"{""👀"":1}",normalization.alias:4; event.social-anchor:12; announcement.change:30; domain.action-time:12; change.concrete-context:24
stress_0109,Campus Volunteer Board,Student organization/club,Cam,2026-04-27T10:27:00.000Z,,formal tickets due by midnite tmrw,important,deadline,stress_slang_typo,Repeated variant of formal tickets are due by midnight tomorrow,100,100,0,100,deadline,100,{},normalization.alias:4; deadline.explicit:32; deadline.payment:18; event.social-anchor:12; time.relative:8; time.explicit:12; deadline.date-context:18; deadline.object-context:18; event.concrete-time:16; structure.concrete-details:8
stress_0110,Club Soccer,Sports team,Cam,2026-04-27T10:31:00.000Z,,who can sober drive tn,important,logistics,stress_slang_typo,Repeated variant of need sober drivers tonight,96,96,30,100,logistics,100,"{""✅"":1,""📌"":1}",normalization.alias:4; request.can-someone:24; logistics.transport:20; time.relative:8; question.intent:10; logistics.transport-question:12; request.object-action:10; structure.concrete-details:8
stress_0111,Basement Set Team,DJ/promoter group,Maya,2026-04-27T10:35:00.000Z,,practice is indoors tn,important,announcement,stress_slang_typo,Repeated variant of practice moved indoors,100,100,12,100,announcement,100,"{""✅"":1}",normalization.alias:4; event.social-anchor:12; announcement.change:30; time.relative:8; event.concrete-time:16; domain.action-time:12; change.concrete-context:24; announcement.date-context:14; structure.concrete-details:8
stress_0112,Econ 302 Project,Group project/class chat,Maya,2026-04-27T10:39:00.000Z,,utilities due fri,important,deadline,stress_slang_typo,Repeated variant of utilities are due Friday,97,97,0,97,deadline,100,{},normalization.alias:4; deadline.explicit:32; deadline.payment:18; time.weekday:7; deadline.date-context:18; deadline.object-context:18
stress_0113,Lot 14 Tailgate,Tailgate/party planning chat,Ethan,2026-04-27T10:43:00.000Z,,canvas closes tn,important,deadline,stress_slang_typo,Repeated variant of problem set is due tonight,98,98,8,100,deadline,100,"{""👀"":1}",normalization.alias:4; deadline.explicit:32; deadline.payment:18; time.relative:8; deadline.date-context:18; deadline.object-context:18
stress_0114,Apartment 4B,Apartment/roommate chat,Marcus,2026-04-27T10:47:00.000Z,,yall bring jerseys tn?,important,logistics,stress_slang_typo,Repeated variant of bring both jerseys tomorrow,75,75,20,95,logistics,95,"{""✅"":1,""👀"":1}",normalization.alias:4; logistics.supplies:25; question.intent:10; logistics.direct-supply-command:28; question.event-context:8
stress_0115,The Big One,Large chaotic general social chat,Jake,2026-04-27T10:51:00.000Z,,turn in assn by 12,important,deadline,stress_slang_typo,Repeated variant of problem set is due tonight,90,90,0,90,deadline,100,{},normalization.alias:4; deadline.explicit:32; deadline.payment:18; deadline.date-context:18; deadline.object-context:18
stress_0116,Rush Week Leads,Recruitment logistics chat,Cam,2026-04-27T10:55:00.000Z,,sc at 5 doors 8,important,event,stress_slang_typo,"Repeated variant of soundcheck at 5, doors at 8",100,100,12,100,event,100,"{""✅"":1}",normalization.alias:4; event.social-anchor:12; event.starts-time:28; event.compact-production-times:50; time.explicit:12; event.concrete-time:16; domain.action-time:12
stress_0117,Formal Bus 2,Event transportation chat,Luke,2026-04-27T10:59:00.000Z,,doors got pushed to 8,important,event,stress_slang_typo,"Repeated variant of soundcheck at 5, doors at 8",66,66,0,66,announcement,86,{},event.social-anchor:12; announcement.change:30; change.concrete-context:24
stress_0118,Intramural Hoops,Sports pickup team,Quinn,2026-04-27T11:03:00.000Z,,venmo utilities by friday,important,deadline,stress_slang_typo,Repeated variant of utilities are due Friday,100,100,30,100,deadline,100,"{""👀"":1,""📌"":1}",deadline.explicit:32; deadline.payment:18; time.weekday:7; deadline.date-context:18; deadline.object-context:18; structure.concrete-details:8
stress_0119,House Dinner Crew,Food/social planning chat,Luke,2026-04-27T11:07:00.000Z,,doors got pushed to 8,important,event,stress_slang_typo,"Repeated variant of soundcheck at 5, doors at 8",66,66,0,66,announcement,86,{},event.social-anchor:12; announcement.change:30; change.concrete-context:24
stress_0120,Weekend Festival Run,Festival/social trip chat,Olivia,2026-04-27T11:11:00.000Z,,anyone got speakers for preg?,important,request,stress_slang_typo,Repeated variant of can someone bring speakers to the pregame,67,67,12,79,request,84,"{""✅"":1}",request.can-someone:24; logistics.supplies:25; question.intent:10; question.event-context:8
stress_0121,St. Mark Newman Center,Church/Catholic center group,Luke,2026-04-27T11:15:00.000Z,msg_02877,chapter at 6,important,event,stress_domain_language,Domain language stress test: fraternity,76,76,30,100,event,100,"{""👀"":1,""📌"":1}",event.social-anchor:12; event.meeting-time:24; time.explicit:12; event.concrete-time:16; domain.action-time:12
stress_0122,Pre-Med Service Crew,Pre-med volunteering group,Chris,2026-04-27T11:19:00.000Z,,risk needs sober drivers by 9,important,logistics,stress_domain_language,Domain language stress test: fraternity,50,50,18,68,logistics,63,"{""✅"":1,""📌"":1}",logistics.transport:20; logistics.sober-drivers:30
stress_0123,Senior Design Lab,Engineering lab/project team,Jake,2026-04-27T11:23:00.000Z,,pledges meet at the house by 8,important,event,stress_domain_language,Domain language stress test: fraternity,0,0,8,8,noise,24,"{""👀"":1}",
stress_0124,Maple Hall 3,Dorm floor chat,Lena,2026-04-27T11:27:00.000Z,,wristbands close at midnight,important,deadline,stress_domain_language,Domain language stress test: fraternity,100,100,8,100,deadline,100,"{""👀"":1}",deadline.explicit:32; deadline.payment:18; time.explicit:12; deadline.date-context:18; deadline.object-context:18; structure.concrete-details:8
stress_0125,Bracket Weekend,Intramural tournament group,Tessa,2026-04-27T11:31:00.000Z,,lineup posted at noon,important,announcement,stress_domain_language,Domain language stress test: fraternity,100,100,12,100,announcement,100,"{""✅"":1}",event.social-anchor:12; event.starts-time:28; announcement.change:30; time.explicit:12; event.concrete-time:16; domain.action-time:12; change.concrete-context:24; announcement.date-context:14
stress_0126,Arena Concert Run,Concert/festival group,Tessa,2026-04-27T11:35:00.000Z,,bid day forms due tonight,important,deadline,stress_domain_language,Domain language stress test: sorority,100,100,20,100,deadline,100,"{""✅"":1,""👀"":1}",deadline.explicit:32; deadline.payment:18; event.social-anchor:12; time.relative:8; deadline.date-context:18; deadline.object-context:18; event.concrete-time:16; structure.concrete-details:8
stress_0127,Reservation Roulette,Restaurant/dinner reservation group,Nate,2026-04-27T11:39:00.000Z,,wear white for recruitment at 6,important,event,stress_domain_language,Domain language stress test: sorority,60,60,8,68,event,100,"{""👀"":1}",event.social-anchor:12; time.explicit:12; event.concrete-time:16; domain.action-time:12; structure.concrete-details:8
stress_0128,PCB Spring Break,Spring break/trip planning group,Nick,2026-04-27T11:43:00.000Z,,sisterhood moved to room 310,important,announcement,stress_domain_language,Domain language stress test: sorority,100,100,24,100,announcement,100,"{""📌"":1}",event.social-anchor:12; announcement.change:30; domain.action-time:12; change.concrete-context:24; announcement.room-location-update:55; structure.concrete-details:8
stress_0129,Morning Lift Crew,Gym/workout group,Maya,2026-04-27T11:47:00.000Z,,need two people for philanthropy check in,important,request,stress_domain_language,Domain language stress test: sorority,50,50,12,62,request,81,"{""✅"":1}",request.concrete-need:28; event.social-anchor:12; request.help-needed:10
stress_0130,Ava Birthday Ops,Birthday/event planning group,Tessa,2026-04-27T11:51:00.000Z,,signup closes tomorrow,important,deadline,stress_domain_language,Domain language stress test: sorority,94,94,8,100,deadline,100,"{""👀"":1}",deadline.explicit:32; deadline.payment:18; time.relative:8; deadline.date-context:18; deadline.object-context:18
stress_0131,Pledge Class 28,Fraternity pledge chat,Ava,2026-04-27T11:55:00.000Z,,doors got pushed to 8,important,announcement,stress_domain_language,Domain language stress test: dj,66,66,12,78,announcement,86,"{""✅"":1}",event.social-anchor:12; announcement.change:30; change.concrete-context:24
stress_0132,Kappa Event Crew,Sorority event planning chat,Chris,2026-04-27T11:59:00.000Z,,load in at 6,important,event,stress_domain_language,Domain language stress test: dj,68,68,30,98,event,95,"{""👀"":1,""📌"":1}",event.social-anchor:12; event.starts-time:28; time.explicit:12; event.concrete-time:16
stress_0133,Downtown Survivors,College friend group,Ethan,2026-04-27T12:03:00.000Z,,guest list closes tn,important,deadline,stress_domain_language,Domain language stress test: dj,62,62,0,62,deadline,83,{},normalization.alias:4; deadline.explicit:32; time.relative:8; deadline.date-context:18
stress_0134,Campus Volunteer Board,Student organization/club,Noah,2026-04-27T12:07:00.000Z,,need controller at the booth,important,request,stress_domain_language,Domain language stress test: dj,71,71,28,99,request,100,"{""✅"":1,""👀"":1,""❓"":1}",request.concrete-need:28; logistics.supplies:25; request.object-action:10; structure.concrete-details:8
stress_0135,Club Soccer,Sports team,Ethan,2026-04-27T12:11:00.000Z,,set times posted doors at 8,important,announcement,stress_domain_language,Domain language stress test: dj,100,100,8,100,announcement,100,"{""👀"":1}",event.social-anchor:12; event.starts-time:28; announcement.change:30; time.explicit:12; event.concrete-time:16; domain.action-time:12; change.concrete-context:24; announcement.date-context:14; structure.concrete-details:8
stress_0136,Basement Set Team,DJ/promoter group,Olivia,2026-04-27T12:15:00.000Z,,canvas closes at midnight,important,deadline,stress_domain_language,Domain language stress test: class,100,100,8,100,deadline,100,"{""👀"":1}",deadline.explicit:32; deadline.payment:18; time.explicit:12; deadline.date-context:18; deadline.object-context:18; structure.concrete-details:8
stress_0137,Econ 302 Project,Group project/class chat,Jake,2026-04-27T12:19:00.000Z,,prob set due tmr,important,deadline,stress_domain_language,Domain language stress test: class,100,100,8,100,deadline,100,"{""👀"":1}",normalization.alias:4; deadline.explicit:32; deadline.payment:18; event.social-anchor:12; time.relative:8; deadline.date-context:18; deadline.object-context:18; event.concrete-time:16; structure.concrete-details:8
stress_0138,Lot 14 Tailgate,Tailgate/party planning chat,Bella,2026-04-27T12:23:00.000Z,,peer review due friday,important,deadline,stress_domain_language,Domain language stress test: class,93,93,12,100,deadline,100,"{""✅"":1}",deadline.explicit:32; deadline.payment:18; time.weekday:7; deadline.date-context:18; deadline.object-context:18
stress_0139,Apartment 4B,Apartment/roommate chat,Harper,2026-04-27T12:27:00.000Z,,slides need to be done by 7,important,request,stress_domain_language,Domain language stress test: class,81,81,8,89,request,99,"{""❓"":1}",deadline.payment:18; request.concrete-need:28; logistics.supplies:25; request.object-action:10
stress_0140,The Big One,Large chaotic general social chat,Ethan,2026-04-27T12:31:00.000Z,,meet in lab 118 at 6,important,event,stress_domain_language,Domain language stress test: engineering,64,64,12,76,event,93,"{""✅"":1}",event.social-anchor:12; event.meeting-time:24; time.explicit:12; event.concrete-time:16
stress_0141,Rush Week Leads,Recruitment logistics chat,Marcus,2026-04-27T12:35:00.000Z,,practice moved indoors,important,announcement,stress_domain_language,Domain language stress test: sports,78,78,8,86,announcement,98,"{""👀"":1}",event.social-anchor:12; announcement.change:30; domain.action-time:12; change.concrete-context:24
stress_0142,Formal Bus 2,Event transportation chat,Jake,2026-04-27T12:39:00.000Z,,bring cleats tomorrow,important,logistics,stress_domain_language,Domain language stress test: sports,73,73,12,85,logistics,86,"{""✅"":1}",logistics.supplies:25; time.relative:8; logistics.supply-context:12; logistics.direct-supply-command:28
stress_0143,Intramural Hoops,Sports pickup team,Ethan,2026-04-27T12:43:00.000Z,,bus leaves in 20,important,event,stress_domain_language,Domain language stress test: sports,20,20,8,28,logistics,45,"{""👀"":1}",logistics.transport:20
stress_0144,House Dinner Crew,Food/social planning chat,Harper,2026-04-27T12:47:00.000Z,,tipoff at 8 court 3,important,event,stress_domain_language,Domain language stress test: sports,40,40,18,58,event,59,"{""📌"":1}",event.starts-time:28; time.explicit:12
stress_0145,Weekend Festival Run,Festival/social trip chat,Harper,2026-04-27T12:51:00.000Z,,need one more for tipoff,important,request,stress_domain_language,Domain language stress test: sports,28,28,18,46,request,57,"{""✅"":1,""👀"":1}",request.concrete-need:28
stress_0146,St. Mark Newman Center,Church/Catholic center group,Luke,2026-04-27T12:55:00.000Z,,rent is due tomorrow,important,deadline,stress_domain_language,Domain language stress test: roommate,94,94,12,100,deadline,100,"{""✅"":1}",deadline.explicit:32; deadline.payment:18; time.relative:8; deadline.date-context:18; deadline.object-context:18
stress_0147,Pre-Med Service Crew,Pre-med volunteering group,Tessa,2026-04-27T12:59:00.000Z,,maintenance coming at 9am,important,event,stress_domain_language,Domain language stress test: roommate,12,12,8,20,noise,30,"{""✅"":1}",time.explicit:12
stress_0148,Senior Design Lab,Engineering lab/project team,Marcus,2026-04-27T13:03:00.000Z,,inspection moved to thursday,important,announcement,stress_domain_language,Domain language stress test: roommate,75,75,0,75,announcement,97,{},announcement.change:30; time.weekday:7; change.concrete-context:24; announcement.date-context:14
stress_0149,Maple Hall 3,Dorm floor chat,Ava,2026-04-27T13:07:00.000Z,,wifi bill due fri,important,deadline,stress_domain_language,Domain language stress test: roommate,97,97,20,100,deadline,100,"{""✅"":1,""👀"":1}",normalization.alias:4; deadline.explicit:32; deadline.payment:18; time.weekday:7; deadline.date-context:18; deadline.object-context:18
stress_0150,Bracket Weekend,Intramural tournament group,Luke,2026-04-27T13:11:00.000Z,,can someone grab trash bags,important,request,stress_domain_language,Domain language stress test: roommate,100,100,30,100,request,100,"{""✅"":1,""📌"":1}",request.can-someone:24; logistics.supplies:25; question.intent:10; logistics.direct-supply-command:28; request.bring-supplies:14; request.object-action:10
stress_0151,Arena Concert Run,Concert/festival group,Maya,2026-04-27T13:15:00.000Z,,mass moved to chapel at 7,important,announcement,stress_domain_language,Domain language stress test: church,100,100,12,100,announcement,100,"{""✅"":1}",event.social-anchor:12; event.meeting-time:24; announcement.change:30; time.explicit:12; event.concrete-time:16; domain.action-time:12; change.concrete-context:24; announcement.date-context:14; structure.concrete-details:8
stress_0152,Reservation Roulette,Restaurant/dinner reservation group,Tyler,2026-04-27T13:19:00.000Z,,retreat forms due tonight,important,deadline,stress_domain_language,Domain language stress test: church,100,100,8,100,deadline,100,"{""👀"":1}",deadline.explicit:32; deadline.payment:18; event.social-anchor:12; time.relative:8; deadline.date-context:18; deadline.object-context:18; event.concrete-time:16; structure.concrete-details:8
stress_0153,PCB Spring Break,Spring break/trip planning group,Chris,2026-04-27T13:23:00.000Z,,need drivers for service saturday,important,logistics,stress_domain_language,Domain language stress test: church,100,100,30,100,request,100,"{""👀"":1,""📌"":1}",request.concrete-need:28; logistics.transport:20; event.social-anchor:12; time.weekday:7; event.concrete-time:16; request.object-action:10; structure.concrete-details:8
stress_0154,Morning Lift Crew,Gym/workout group,Maya,2026-04-27T13:27:00.000Z,,volunteer shift starts at 11,important,event,stress_domain_language,Domain language stress test: church,64,64,20,84,event,75,"{""✅"":1,""👀"":1}",event.starts-time:28; event.meeting-time:24; time.explicit:12
stress_0155,Ava Birthday Ops,Birthday/event planning group,Sophia,2026-04-27T13:31:00.000Z,,bring canned food tomorrow,important,logistics,stress_domain_language,Domain language stress test: church,81,81,8,89,logistics,100,"{""👀"":1}",logistics.supplies:25; time.relative:8; logistics.supply-context:12; logistics.direct-supply-command:28; structure.concrete-details:8
stress_0156,Pledge Class 28,Fraternity pledge chat,Riley,2026-04-27T13:35:00.000Z,,clinic signup closes tn,important,deadline,stress_domain_language,Domain language stress test: premed,100,100,0,100,deadline,100,{},normalization.alias:4; deadline.explicit:32; deadline.payment:18; time.relative:8; deadline.date-context:18; deadline.object-context:18; structure.concrete-details:8
stress_0157,Kappa Event Crew,Sorority event planning chat,Maya,2026-04-27T13:39:00.000Z,,shadowing forms due friday,important,deadline,stress_domain_language,Domain language stress test: premed,100,100,12,100,deadline,100,"{""✅"":1}",deadline.explicit:32; deadline.payment:18; time.weekday:7; deadline.date-context:18; deadline.object-context:18; structure.concrete-details:8
stress_0158,Downtown Survivors,College friend group,Olivia,2026-04-27T13:43:00.000Z,,hospital rides leave at 8am,important,logistics,stress_domain_language,Domain language stress test: premed,40,40,8,48,logistics,77,"{""👀"":1}",logistics.transport:20; time.explicit:12; structure.concrete-details:8
stress_0159,Campus Volunteer Board,Student organization/club,Sophia,2026-04-27T13:47:00.000Z,,need people for check in at noon,important,request,stress_domain_language,Domain language stress test: premed,50,50,8,58,request,81,"{""👀"":1}",request.concrete-need:28; time.explicit:12; request.help-needed:10
stress_0160,Club Soccer,Sports team,Jordan,2026-04-27T13:51:00.000Z,,volunteer room changed to 214,important,announcement,stress_domain_language,Domain language stress test: premed,100,100,20,100,announcement,97,"{""✅"":1,""👀"":1}",announcement.change:30; change.concrete-context:24; announcement.room-location-update:55
stress_0161,Basement Set Team,DJ/promoter group,Mia,2026-04-27T13:55:00.000Z,,airbnb money due friday,important,deadline,stress_domain_language,Domain language stress test: trip,93,93,0,93,deadline,100,{},deadline.explicit:32; deadline.payment:18; time.weekday:7; deadline.date-context:18; deadline.object-context:18
stress_0162,Econ 302 Project,Group project/class chat,Mia,2026-04-27T13:59:00.000Z,,flight leaves at 6am,important,event,stress_domain_language,Domain language stress test: trip,46,46,0,46,event,61,{},event.arrival-departure:34; time.explicit:12
stress_0163,Lot 14 Tailgate,Tailgate/party planning chat,Mia,2026-04-27T14:03:00.000Z,msg_01312,check in moved to 3pm,important,announcement,stress_domain_language,Domain language stress test: trip,80,80,8,88,announcement,99,"{""👀"":1}",announcement.change:30; time.explicit:12; change.concrete-context:24; announcement.date-context:14
stress_0164,Apartment 4B,Apartment/roommate chat,Riley,2026-04-27T14:07:00.000Z,,need drivers to airport tomorrow,important,logistics,stress_domain_language,Domain language stress test: trip,86,86,12,98,request,100,"{""✅"":1}",request.concrete-need:28; logistics.transport:20; time.relative:8; request.urgent-tonight:12; request.object-action:10; structure.concrete-details:8
stress_0165,The Big One,Large chaotic general social chat,Marcus,2026-04-27T14:11:00.000Z,,bring passport if you have one,important,logistics,stress_domain_language,Domain language stress test: trip,0,0,8,8,noise,24,"{""✅"":1}",
stress_0166,Rush Week Leads,Recruitment logistics chat,Zoe,2026-04-27T14:15:00.000Z,,venmo for cake by tonight,important,deadline,stress_domain_language,Domain language stress test: birthday,84,84,12,96,deadline,100,"{""✅"":1}",deadline.explicit:32; deadline.payment:18; time.relative:8; deadline.object-context:18; structure.concrete-details:8
stress_0167,Formal Bus 2,Event transportation chat,Marcus,2026-04-27T14:19:00.000Z,,arrive by 7 for the surprise,important,event,stress_domain_language,Domain language stress test: birthday,0,0,8,8,noise,24,"{""✅"":1}",
stress_0168,Intramural Hoops,Sports pickup team,Nate,2026-04-27T14:23:00.000Z,,can someone bring candles,important,request,stress_domain_language,Domain language stress test: birthday,34,34,8,42,request,57,"{""👀"":1}",request.can-someone:24; question.intent:10
stress_0169,House Dinner Crew,Food/social planning chat,Logan,2026-04-27T14:27:00.000Z,,surprise moved to apartment,important,announcement,stress_domain_language,Domain language stress test: birthday,54,54,12,66,announcement,74,"{""✅"":1}",announcement.change:30; change.concrete-context:24
stress_0170,Weekend Festival Run,Festival/social trip chat,Harper,2026-04-27T14:31:00.000Z,,reservation deposit due noon,important,deadline,stress_domain_language,Domain language stress test: restaurant,100,100,30,100,deadline,100,"{""✅"":1,""👀"":1,""📌"":1}",deadline.explicit:32; event.social-anchor:12; event.starts-time:28; time.explicit:12; deadline.date-context:18; event.concrete-time:16; structure.concrete-details:8
stress_0171,St. Mark Newman Center,Church/Catholic center group,Harper,2026-04-27T14:35:00.000Z,,flight leaves at 6am,important,event,stress_domain_language,Repeated domain variant: trip,46,46,12,58,event,61,"{""✅"":1}",event.arrival-departure:34; time.explicit:12
stress_0172,Pre-Med Service Crew,Pre-med volunteering group,Noah,2026-04-27T14:39:00.000Z,,bring cleats tomorrow,important,logistics,stress_domain_language,Repeated domain variant: sports,73,73,12,85,logistics,86,"{""✅"":1}",logistics.supplies:25; time.relative:8; logistics.supply-context:12; logistics.direct-supply-command:28
stress_0173,Senior Design Lab,Engineering lab/project team,Jake,2026-04-27T14:43:00.000Z,,surprise moved to apartment,important,announcement,stress_domain_language,Repeated domain variant: birthday,54,54,8,62,announcement,74,"{""👀"":1}",announcement.change:30; change.concrete-context:24
stress_0174,Maple Hall 3,Dorm floor chat,Zoe,2026-04-27T14:47:00.000Z,,airbnb money due friday,important,deadline,stress_domain_language,Repeated domain variant: trip,93,93,0,93,deadline,100,{},deadline.explicit:32; deadline.payment:18; time.weekday:7; deadline.date-context:18; deadline.object-context:18
stress_0175,Bracket Weekend,Intramural tournament group,Chris,2026-04-27T14:51:00.000Z,,risk needs sober drivers by 9,important,logistics,stress_domain_language,Repeated domain variant: fraternity,50,50,8,58,logistics,63,"{""👀"":1}",logistics.transport:20; logistics.sober-drivers:30
stress_0176,Arena Concert Run,Concert/festival group,Maya,2026-04-27T14:55:00.000Z,,clinic signup closes tn,important,deadline,stress_domain_language,Repeated domain variant: premed,100,100,20,100,deadline,100,"{""✅"":1,""👀"":1}",normalization.alias:4; deadline.explicit:32; deadline.payment:18; time.relative:8; deadline.date-context:18; deadline.object-context:18; structure.concrete-details:8
stress_0177,Reservation Roulette,Restaurant/dinner reservation group,Quinn,2026-04-27T14:59:00.000Z,,maintenance coming at 9am,important,event,stress_domain_language,Repeated domain variant: roommate,12,12,8,20,noise,30,"{""👀"":1}",time.explicit:12
stress_0178,PCB Spring Break,Spring break/trip planning group,Nick,2026-04-27T15:03:00.000Z,msg_04023,venmo for cake by tonight,important,deadline,stress_domain_language,Repeated domain variant: birthday,84,84,8,92,deadline,100,"{""👀"":1}",deadline.explicit:32; deadline.payment:18; time.relative:8; deadline.object-context:18; structure.concrete-details:8
stress_0179,Morning Lift Crew,Gym/workout group,Maya,2026-04-27T15:07:00.000Z,,surprise moved to apartment,important,announcement,stress_domain_language,Repeated domain variant: birthday,54,54,18,72,announcement,74,"{""✅"":1,""👀"":1}",announcement.change:30; change.concrete-context:24
stress_0180,Ava Birthday Ops,Birthday/event planning group,Tyler,2026-04-27T15:11:00.000Z,,chapter at 6,important,event,stress_domain_language,Repeated domain variant: fraternity,76,76,8,84,event,100,"{""👀"":1}",event.social-anchor:12; event.meeting-time:24; time.explicit:12; event.concrete-time:16; domain.action-time:12
stress_0181,Pledge Class 28,Fraternity pledge chat,Bella,2026-04-27T15:15:00.000Z,,canvas closes at midnight,important,deadline,stress_domain_language,Repeated domain variant: class,100,100,8,100,deadline,100,"{""👀"":1}",deadline.explicit:32; deadline.payment:18; time.explicit:12; deadline.date-context:18; deadline.object-context:18; structure.concrete-details:8
stress_0182,Kappa Event Crew,Sorority event planning chat,Nick,2026-04-27T15:19:00.000Z,,need controller at the booth,important,request,stress_domain_language,Repeated domain variant: dj,71,71,8,79,request,100,"{""👀"":1}",request.concrete-need:28; logistics.supplies:25; request.object-action:10; structure.concrete-details:8
stress_0183,Downtown Survivors,College friend group,Bella,2026-04-27T15:23:00.000Z,,maintenance coming at 9am,important,event,stress_domain_language,Repeated domain variant: roommate,12,12,8,20,noise,30,"{""✅"":1}",time.explicit:12
stress_0184,Campus Volunteer Board,Student organization/club,Drew,2026-04-27T15:27:00.000Z,,lineup posted at noon,important,announcement,stress_domain_language,Repeated domain variant: fraternity,100,100,8,100,announcement,100,"{""👀"":1}",event.social-anchor:12; event.starts-time:28; announcement.change:30; time.explicit:12; event.concrete-time:16; domain.action-time:12; change.concrete-context:24; announcement.date-context:14
stress_0185,Club Soccer,Sports team,Marcus,2026-04-27T15:31:00.000Z,,need two people for philanthropy check in,important,request,stress_domain_language,Repeated domain variant: sorority,50,50,8,58,request,81,"{""👀"":1}",request.concrete-need:28; event.social-anchor:12; request.help-needed:10
stress_0186,Basement Set Team,DJ/promoter group,Olivia,2026-04-27T15:35:00.000Z,,volunteer shift starts at 11,important,event,stress_domain_language,Repeated domain variant: church,64,64,20,84,event,75,"{""✅"":1,""👀"":1}",event.starts-time:28; event.meeting-time:24; time.explicit:12
stress_0187,Econ 302 Project,Group project/class chat,Olivia,2026-04-27T15:39:00.000Z,,volunteer room changed to 214,important,announcement,stress_domain_language,Repeated domain variant: premed,100,100,0,100,announcement,97,{},announcement.change:30; change.concrete-context:24; announcement.room-location-update:55
stress_0188,Lot 14 Tailgate,Tailgate/party planning chat,Grace,2026-04-27T15:43:00.000Z,,chapter at 6,important,event,stress_domain_language,Repeated domain variant: fraternity,76,76,8,84,event,100,"{""👀"":1}",event.social-anchor:12; event.meeting-time:24; time.explicit:12; event.concrete-time:16; domain.action-time:12
stress_0189,Apartment 4B,Apartment/roommate chat,Riley,2026-04-27T15:47:00.000Z,,practice moved indoors,important,announcement,stress_domain_language,Repeated domain variant: sports,78,78,12,90,announcement,98,"{""✅"":1}",event.social-anchor:12; announcement.change:30; domain.action-time:12; change.concrete-context:24
stress_0190,The Big One,Large chaotic general social chat,Logan,2026-04-27T15:51:00.000Z,,guest list closes tn,important,deadline,stress_domain_language,Repeated domain variant: dj,62,62,12,74,deadline,83,"{""✅"":1}",normalization.alias:4; deadline.explicit:32; time.relative:8; deadline.date-context:18
stress_0191,Rush Week Leads,Recruitment logistics chat,Logan,2026-04-27T15:55:00.000Z,,retreat forms due tonight,important,deadline,stress_domain_language,Repeated domain variant: church,100,100,12,100,deadline,100,"{""✅"":1}",deadline.explicit:32; deadline.payment:18; event.social-anchor:12; time.relative:8; deadline.date-context:18; deadline.object-context:18; event.concrete-time:16; structure.concrete-details:8
stress_0192,Formal Bus 2,Event transportation chat,Quinn,2026-04-27T15:59:00.000Z,,can someone bring candles,important,request,stress_domain_language,Repeated domain variant: birthday,34,34,18,52,request,57,"{""✅"":1,""👀"":1}",request.can-someone:24; question.intent:10
stress_0193,Intramural Hoops,Sports pickup team,Grace,2026-04-27T16:03:00.000Z,,volunteer shift starts at 11,important,event,stress_domain_language,Repeated domain variant: church,64,64,24,88,event,75,"{""📌"":1}",event.starts-time:28; event.meeting-time:24; time.explicit:12
stress_0194,House Dinner Crew,Food/social planning chat,Logan,2026-04-27T16:07:00.000Z,,arrive by 7 for the surprise,important,event,stress_domain_language,Repeated domain variant: birthday,0,0,8,8,noise,24,"{""✅"":1}",
stress_0195,Weekend Festival Run,Festival/social trip chat,Zoe,2026-04-27T16:11:00.000Z,,guest list closes tn,important,deadline,stress_domain_language,Repeated domain variant: dj,62,62,12,74,deadline,83,"{""✅"":1}",normalization.alias:4; deadline.explicit:32; time.relative:8; deadline.date-context:18
stress_0196,St. Mark Newman Center,Church/Catholic center group,Lena,2026-04-27T16:15:00.000Z,,canvas closes at midnight,important,deadline,stress_domain_language,Repeated domain variant: class,100,100,0,100,deadline,100,{},deadline.explicit:32; deadline.payment:18; time.explicit:12; deadline.date-context:18; deadline.object-context:18; structure.concrete-details:8
stress_0197,Pre-Med Service Crew,Pre-med volunteering group,Noah,2026-04-27T16:19:00.000Z,,tipoff at 8 court 3,important,event,stress_domain_language,Repeated domain variant: sports,40,40,8,48,event,59,"{""👀"":1}",event.starts-time:28; time.explicit:12
stress_0198,Senior Design Lab,Engineering lab/project team,Tyler,2026-04-27T16:23:00.000Z,,bid day forms due tonight,important,deadline,stress_domain_language,Repeated domain variant: sorority,100,100,8,100,deadline,100,"{""👀"":1}",deadline.explicit:32; deadline.payment:18; event.social-anchor:12; time.relative:8; deadline.date-context:18; deadline.object-context:18; event.concrete-time:16; structure.concrete-details:8
stress_0199,Maple Hall 3,Dorm floor chat,Mason,2026-04-27T16:27:00.000Z,,arrive by 7 for the surprise,important,event,stress_domain_language,Repeated domain variant: birthday,0,0,8,8,noise,24,"{""✅"":1,""👀"":1}",
stress_0200,Bracket Weekend,Intramural tournament group,Luke,2026-04-27T16:31:00.000Z,,meet in lab 118 at 6,important,event,stress_domain_language,Repeated domain variant: engineering,64,64,12,76,event,93,"{""✅"":1}",event.social-anchor:12; event.meeting-time:24; time.explicit:12; event.concrete-time:16
stress_0201,Arena Concert Run,Concert/festival group,Tyler,2026-04-27T16:35:00.000Z,,volunteer room changed to 214,important,announcement,stress_domain_language,Repeated domain variant: premed,100,100,12,100,announcement,97,"{""✅"":1}",announcement.change:30; change.concrete-context:24; announcement.room-location-update:55
stress_0202,Reservation Roulette,Restaurant/dinner reservation group,Ava,2026-04-27T16:39:00.000Z,,flight leaves at 6am,important,event,stress_domain_language,Repeated domain variant: trip,46,46,18,64,event,61,"{""✅"":1,""📌"":1}",event.arrival-departure:34; time.explicit:12
stress_0203,PCB Spring Break,Spring break/trip planning group,Sophia,2026-04-27T16:43:00.000Z,,need drivers for service saturday,important,logistics,stress_domain_language,Repeated domain variant: church,100,100,0,100,request,100,{},request.concrete-need:28; logistics.transport:20; event.social-anchor:12; time.weekday:7; event.concrete-time:16; request.object-action:10; structure.concrete-details:8
stress_0204,Morning Lift Crew,Gym/workout group,Jordan,2026-04-27T16:47:00.000Z,,lineup posted at noon,important,announcement,stress_domain_language,Repeated domain variant: fraternity,100,100,12,100,announcement,100,"{""✅"":1}",event.social-anchor:12; event.starts-time:28; announcement.change:30; time.explicit:12; event.concrete-time:16; domain.action-time:12; change.concrete-context:24; announcement.date-context:14
stress_0205,Ava Birthday Ops,Birthday/event planning group,Jordan,2026-04-27T16:51:00.000Z,,meet in lab 118 at 6,important,event,stress_domain_language,Repeated domain variant: engineering,64,64,20,84,event,93,"{""✅"":1,""👀"":1}",event.social-anchor:12; event.meeting-time:24; time.explicit:12; event.concrete-time:16
stress_0206,Pledge Class 28,Fraternity pledge chat,Sam,2026-04-27T16:55:00.000Z,,airbnb money due friday,important,deadline,stress_domain_language,Repeated domain variant: trip,93,93,20,100,deadline,100,"{""✅"":1,""👀"":1}",deadline.explicit:32; deadline.payment:18; time.weekday:7; deadline.date-context:18; deadline.object-context:18
stress_0207,Kappa Event Crew,Sorority event planning chat,Maya,2026-04-27T16:59:00.000Z,msg_00284,surprise moved to apartment,important,announcement,stress_domain_language,Repeated domain variant: birthday,54,54,18,72,announcement,74,"{""✅"":1,""👀"":1}",announcement.change:30; change.concrete-context:24
stress_0208,Downtown Survivors,College friend group,Chris,2026-04-27T17:03:00.000Z,msg_00382,need two people for philanthropy check in,important,request,stress_domain_language,Repeated domain variant: sorority,50,50,8,58,request,81,"{""👀"":1}",request.concrete-need:28; event.social-anchor:12; request.help-needed:10
stress_0209,Campus Volunteer Board,Student organization/club,Mia,2026-04-27T17:07:00.000Z,,can someone grab trash bags,important,request,stress_domain_language,Repeated domain variant: roommate,100,100,8,100,request,100,"{""👀"":1}",request.can-someone:24; logistics.supplies:25; question.intent:10; logistics.direct-supply-command:28; request.bring-supplies:14; request.object-action:10
stress_0210,Club Soccer,Sports team,Logan,2026-04-27T17:11:00.000Z,,inspection moved to thursday,important,announcement,stress_domain_language,Repeated domain variant: roommate,75,75,0,75,announcement,97,{},announcement.change:30; time.weekday:7; change.concrete-context:24; announcement.date-context:14
stress_0211,Basement Set Team,DJ/promoter group,Marcus,2026-04-27T17:15:00.000Z,,canvas closes at midnight,important,deadline,stress_domain_language,Repeated domain variant: class,100,100,0,100,deadline,100,{},deadline.explicit:32; deadline.payment:18; time.explicit:12; deadline.date-context:18; deadline.object-context:18; structure.concrete-details:8
stress_0212,Econ 302 Project,Group project/class chat,Cam,2026-04-27T17:19:00.000Z,,arrive by 7 for the surprise,important,event,stress_domain_language,Repeated domain variant: birthday,0,0,8,8,noise,24,"{""👀"":1}",
stress_0213,Lot 14 Tailgate,Tailgate/party planning chat,Logan,2026-04-27T17:23:00.000Z,,can someone grab trash bags,important,request,stress_domain_language,Repeated domain variant: roommate,100,100,20,100,request,100,"{""✅"":1,""👀"":1}",request.can-someone:24; logistics.supplies:25; question.intent:10; logistics.direct-supply-command:28; request.bring-supplies:14; request.object-action:10
stress_0214,Apartment 4B,Apartment/roommate chat,Olivia,2026-04-27T17:27:00.000Z,,need people for check in at noon,important,request,stress_domain_language,Repeated domain variant: premed,50,50,0,50,request,81,{},request.concrete-need:28; time.explicit:12; request.help-needed:10
stress_0215,The Big One,Large chaotic general social chat,Drew,2026-04-27T17:31:00.000Z,,venmo for cake by tonight,important,deadline,stress_domain_language,Repeated domain variant: birthday,84,84,20,100,deadline,100,"{""✅"":1,""👀"":1}",deadline.explicit:32; deadline.payment:18; time.relative:8; deadline.object-context:18; structure.concrete-details:8
stress_0216,Rush Week Leads,Recruitment logistics chat,Zoe,2026-04-27T17:35:00.000Z,,need drivers for service saturday,important,logistics,stress_domain_language,Repeated domain variant: church,100,100,30,100,request,100,"{""👀"":1,""📌"":1}",request.concrete-need:28; logistics.transport:20; event.social-anchor:12; time.weekday:7; event.concrete-time:16; request.object-action:10; structure.concrete-details:8
stress_0217,Formal Bus 2,Event transportation chat,Olivia,2026-04-27T17:39:00.000Z,,mass moved to chapel at 7,important,announcement,stress_domain_language,Repeated domain variant: church,100,100,20,100,announcement,100,"{""✅"":1,""👀"":1}",event.social-anchor:12; event.meeting-time:24; announcement.change:30; time.explicit:12; event.concrete-time:16; domain.action-time:12; change.concrete-context:24; announcement.date-context:14; structure.concrete-details:8
stress_0218,Intramural Hoops,Sports pickup team,Mia,2026-04-27T17:43:00.000Z,,peer review due friday,important,deadline,stress_domain_language,Repeated domain variant: class,93,93,12,100,deadline,100,"{""✅"":1}",deadline.explicit:32; deadline.payment:18; time.weekday:7; deadline.date-context:18; deadline.object-context:18
stress_0219,House Dinner Crew,Food/social planning chat,Ethan,2026-04-27T17:47:00.000Z,,mass moved to chapel at 7,important,announcement,stress_domain_language,Repeated domain variant: church,100,100,0,100,announcement,100,{},event.social-anchor:12; event.meeting-time:24; announcement.change:30; time.explicit:12; event.concrete-time:16; domain.action-time:12; change.concrete-context:24; announcement.date-context:14; structure.concrete-details:8
stress_0220,Weekend Festival Run,Festival/social trip chat,Ethan,2026-04-27T17:51:00.000Z,,venmo for cake by tonight,important,deadline,stress_domain_language,Repeated domain variant: birthday,84,84,20,100,deadline,100,"{""✅"":1,""👀"":1}",deadline.explicit:32; deadline.payment:18; time.relative:8; deadline.object-context:18; structure.concrete-details:8
stress_0221,St. Mark Newman Center,Church/Catholic center group,Mason,2026-04-27T17:55:00.000Z,msg_02819,volunteer shift starts at 11,important,event,stress_domain_language,Repeated domain variant: church,64,64,8,72,event,75,"{""👀"":1}",event.starts-time:28; event.meeting-time:24; time.explicit:12
stress_0222,Pre-Med Service Crew,Pre-med volunteering group,Grace,2026-04-27T17:59:00.000Z,,slides need to be done by 7,important,request,stress_domain_language,Repeated domain variant: class,81,81,20,100,request,99,"{""✅"":1,""❓"":1}",deadline.payment:18; request.concrete-need:28; logistics.supplies:25; request.object-action:10
stress_0223,Senior Design Lab,Engineering lab/project team,Noah,2026-04-27T18:03:00.000Z,,rent is due tomorrow,important,deadline,stress_domain_language,Repeated domain variant: roommate,94,94,12,100,deadline,100,"{""✅"":1}",deadline.explicit:32; deadline.payment:18; time.relative:8; deadline.date-context:18; deadline.object-context:18
stress_0224,Maple Hall 3,Dorm floor chat,Luke,2026-04-27T18:07:00.000Z,,volunteer shift starts at 11,important,event,stress_domain_language,Repeated domain variant: church,64,64,0,64,event,75,{},event.starts-time:28; event.meeting-time:24; time.explicit:12
stress_0225,Bracket Weekend,Intramural tournament group,Sophia,2026-04-27T18:11:00.000Z,,need one more for tipoff,important,request,stress_domain_language,Repeated domain variant: sports,28,28,0,28,request,57,{},request.concrete-need:28
stress_0226,Arena Concert Run,Concert/festival group,Ava,2026-04-27T18:15:00.000Z,,arrive by 7 for the surprise,important,event,stress_domain_language,Repeated domain variant: birthday,0,0,8,8,noise,24,"{""✅"":1}",
stress_0227,Reservation Roulette,Restaurant/dinner reservation group,Sophia,2026-04-27T18:19:00.000Z,,need controller at the booth,important,request,stress_domain_language,Repeated domain variant: dj,71,71,8,79,request,100,"{""👀"":1}",request.concrete-need:28; logistics.supplies:25; request.object-action:10; structure.concrete-details:8
stress_0228,PCB Spring Break,Spring break/trip planning group,Tyler,2026-04-27T18:23:00.000Z,,flight leaves at 6am,important,event,stress_domain_language,Repeated domain variant: trip,46,46,12,58,event,61,"{""✅"":1}",event.arrival-departure:34; time.explicit:12
stress_0229,Morning Lift Crew,Gym/workout group,Bella,2026-04-27T18:27:00.000Z,,need drivers to airport tomorrow,important,logistics,stress_domain_language,Repeated domain variant: trip,86,86,8,94,request,100,"{""👀"":1}",request.concrete-need:28; logistics.transport:20; time.relative:8; request.urgent-tonight:12; request.object-action:10; structure.concrete-details:8
stress_0230,Ava Birthday Ops,Birthday/event planning group,Chris,2026-04-27T18:31:00.000Z,,arrive by 7 for the surprise,important,event,stress_domain_language,Repeated domain variant: birthday,0,0,8,8,noise,24,"{""✅"":1,""👀"":1}",
stress_0231,Pledge Class 28,Fraternity pledge chat,Maya,2026-04-27T18:35:00.000Z,,guest list closes tn,important,deadline,stress_domain_language,Repeated domain variant: dj,62,62,0,62,deadline,83,{},normalization.alias:4; deadline.explicit:32; time.relative:8; deadline.date-context:18
stress_0232,Kappa Event Crew,Sorority event planning chat,Logan,2026-04-27T18:39:00.000Z,,need one more for tipoff,important,request,stress_domain_language,Repeated domain variant: sports,28,28,18,46,request,57,"{""👀"":1,""📌"":1}",request.concrete-need:28
stress_0233,Downtown Survivors,College friend group,Riley,2026-04-27T18:43:00.000Z,,bring canned food tomorrow,important,logistics,stress_domain_language,Repeated domain variant: church,81,81,12,93,logistics,100,"{""✅"":1}",logistics.supplies:25; time.relative:8; logistics.supply-context:12; logistics.direct-supply-command:28; structure.concrete-details:8
stress_0234,Campus Volunteer Board,Student organization/club,Sophia,2026-04-27T18:47:00.000Z,,mass moved to chapel at 7,important,announcement,stress_domain_language,Repeated domain variant: church,100,100,12,100,announcement,100,"{""✅"":1}",event.social-anchor:12; event.meeting-time:24; announcement.change:30; time.explicit:12; event.concrete-time:16; domain.action-time:12; change.concrete-context:24; announcement.date-context:14; structure.concrete-details:8
stress_0235,Club Soccer,Sports team,Maya,2026-04-27T18:51:00.000Z,,chapter at 6,important,event,stress_domain_language,Repeated domain variant: fraternity,76,76,8,84,event,100,"{""👀"":1}",event.social-anchor:12; event.meeting-time:24; time.explicit:12; event.concrete-time:16; domain.action-time:12
stress_0236,Basement Set Team,DJ/promoter group,Sam,2026-04-27T18:55:00.000Z,,slides need to be done by 7,important,request,stress_domain_language,Repeated domain variant: class,81,81,8,89,request,99,"{""👀"":1}",deadline.payment:18; request.concrete-need:28; logistics.supplies:25; request.object-action:10
stress_0237,Econ 302 Project,Group project/class chat,Bella,2026-04-27T18:59:00.000Z,,set times posted doors at 8,important,announcement,stress_domain_language,Repeated domain variant: dj,100,100,8,100,announcement,100,"{""👀"":1}",event.social-anchor:12; event.starts-time:28; announcement.change:30; time.explicit:12; event.concrete-time:16; domain.action-time:12; change.concrete-context:24; announcement.date-context:14; structure.concrete-details:8
stress_0238,Lot 14 Tailgate,Tailgate/party planning chat,Drew,2026-04-27T19:03:00.000Z,,canvas closes at midnight,important,deadline,stress_domain_language,Repeated domain variant: class,100,100,24,100,deadline,100,"{""📌"":1}",deadline.explicit:32; deadline.payment:18; time.explicit:12; deadline.date-context:18; deadline.object-context:18; structure.concrete-details:8
stress_0239,Apartment 4B,Apartment/roommate chat,Jake,2026-04-27T19:07:00.000Z,,venmo for cake by tonight,important,deadline,stress_domain_language,Repeated domain variant: birthday,84,84,8,92,deadline,100,"{""👀"":1}",deadline.explicit:32; deadline.payment:18; time.relative:8; deadline.object-context:18; structure.concrete-details:8
stress_0240,The Big One,Large chaotic general social chat,Ethan,2026-04-27T19:11:00.000Z,,flight leaves at 6am,important,event,stress_domain_language,Repeated domain variant: trip,46,46,12,58,event,61,"{""✅"":1}",event.arrival-departure:34; time.explicit:12
stress_0241,Rush Week Leads,Recruitment logistics chat,Ethan,2026-04-27T19:15:00.000Z,,bring passport if you have one,important,logistics,stress_domain_language,Repeated domain variant: trip,0,0,8,8,noise,24,"{""✅"":1}",
stress_0242,Formal Bus 2,Event transportation chat,Ethan,2026-04-27T19:19:00.000Z,,flight leaves at 6am,important,event,stress_domain_language,Repeated domain variant: trip,46,46,0,46,event,61,{},event.arrival-departure:34; time.explicit:12
stress_0243,Intramural Hoops,Sports pickup team,Sam,2026-04-27T19:23:00.000Z,,maintenance coming at 9am,important,event,stress_domain_language,Repeated domain variant: roommate,12,12,8,20,noise,30,"{""✅"":1,""👀"":1}",time.explicit:12
stress_0244,House Dinner Crew,Food/social planning chat,Harper,2026-04-27T19:27:00.000Z,,inspection moved to thursday,important,announcement,stress_domain_language,Repeated domain variant: roommate,75,75,24,99,announcement,97,"{""📌"":1}",announcement.change:30; time.weekday:7; change.concrete-context:24; announcement.date-context:14
stress_0245,Weekend Festival Run,Festival/social trip chat,Grace,2026-04-27T19:31:00.000Z,,bid day forms due tonight,important,deadline,stress_domain_language,Repeated domain variant: sorority,100,100,0,100,deadline,100,{},deadline.explicit:32; deadline.payment:18; event.social-anchor:12; time.relative:8; deadline.date-context:18; deadline.object-context:18; event.concrete-time:16; structure.concrete-details:8
stress_0246,St. Mark Newman Center,Church/Catholic center group,Chris,2026-04-27T19:35:00.000Z,msg_02741,risk needs sober drivers by 9,important,logistics,stress_domain_language,Repeated domain variant: fraternity,50,50,12,62,logistics,63,"{""✅"":1}",logistics.transport:20; logistics.sober-drivers:30
stress_0247,Pre-Med Service Crew,Pre-med volunteering group,Chris,2026-04-27T19:39:00.000Z,,tipoff at 8 court 3,important,event,stress_domain_language,Repeated domain variant: sports,40,40,8,48,event,59,"{""👀"":1}",event.starts-time:28; time.explicit:12
stress_0248,Senior Design Lab,Engineering lab/project team,Sophia,2026-04-27T19:43:00.000Z,,chapter at 6,important,event,stress_domain_language,Repeated domain variant: fraternity,76,76,8,84,event,100,"{""👀"":1}",event.social-anchor:12; event.meeting-time:24; time.explicit:12; event.concrete-time:16; domain.action-time:12
stress_0249,Maple Hall 3,Dorm floor chat,Luke,2026-04-27T19:47:00.000Z,,load in at 6,important,event,stress_domain_language,Repeated domain variant: dj,68,68,12,80,event,95,"{""✅"":1}",event.social-anchor:12; event.starts-time:28; time.explicit:12; event.concrete-time:16
stress_0250,Bracket Weekend,Intramural tournament group,Lena,2026-04-27T19:51:00.000Z,,peer review due friday,important,deadline,stress_domain_language,Repeated domain variant: class,93,93,8,100,deadline,100,"{""👀"":1}",deadline.explicit:32; deadline.payment:18; time.weekday:7; deadline.date-context:18; deadline.object-context:18
stress_0251,Arena Concert Run,Concert/festival group,Tyler,2026-04-27T19:55:00.000Z,,volunteer shift starts at 11,important,event,stress_domain_language,Repeated domain variant: church,64,64,20,84,event,75,"{""✅"":1,""👀"":1}",event.starts-time:28; event.meeting-time:24; time.explicit:12
stress_0252,Reservation Roulette,Restaurant/dinner reservation group,Sophia,2026-04-27T19:59:00.000Z,,reservation deposit due noon,important,deadline,stress_domain_language,Repeated domain variant: restaurant,100,100,12,100,deadline,100,"{""✅"":1}",deadline.explicit:32; event.social-anchor:12; event.starts-time:28; time.explicit:12; deadline.date-context:18; event.concrete-time:16; structure.concrete-details:8
stress_0253,PCB Spring Break,Spring break/trip planning group,Tessa,2026-04-27T20:03:00.000Z,msg_04093,prob set due tmr,important,deadline,stress_domain_language,Repeated domain variant: class,100,100,0,100,deadline,100,{},normalization.alias:4; deadline.explicit:32; deadline.payment:18; event.social-anchor:12; time.relative:8; deadline.date-context:18; deadline.object-context:18; event.concrete-time:16; structure.concrete-details:8
stress_0254,Morning Lift Crew,Gym/workout group,Mason,2026-04-27T20:07:00.000Z,,pledges meet at the house by 8,important,event,stress_domain_language,Repeated domain variant: fraternity,0,0,8,8,noise,24,"{""✅"":1,""📌"":1}",
stress_0255,Ava Birthday Ops,Birthday/event planning group,Nate,2026-04-27T20:11:00.000Z,,signup closes tomorrow,important,deadline,stress_domain_language,Repeated domain variant: sorority,94,94,12,100,deadline,100,"{""✅"":1}",deadline.explicit:32; deadline.payment:18; time.relative:8; deadline.date-context:18; deadline.object-context:18
stress_0256,Pledge Class 28,Fraternity pledge chat,Chris,2026-04-27T20:15:00.000Z,,risk needs sober drivers by 9,important,logistics,stress_domain_language,Repeated domain variant: fraternity,50,50,8,58,logistics,63,"{""👀"":1}",logistics.transport:20; logistics.sober-drivers:30
stress_0257,Kappa Event Crew,Sorority event planning chat,Nick,2026-04-27T20:19:00.000Z,,practice moved indoors,important,announcement,stress_domain_language,Repeated domain variant: sports,78,78,8,86,announcement,98,"{""👀"":1}",event.social-anchor:12; announcement.change:30; domain.action-time:12; change.concrete-context:24
stress_0258,Downtown Survivors,College friend group,Sam,2026-04-27T20:23:00.000Z,,chapter at 6,important,event,stress_domain_language,Repeated domain variant: fraternity,76,76,24,100,event,100,"{""📌"":1}",event.social-anchor:12; event.meeting-time:24; time.explicit:12; event.concrete-time:16; domain.action-time:12
stress_0259,Campus Volunteer Board,Student organization/club,Drew,2026-04-27T20:27:00.000Z,,wear white for recruitment at 6,important,event,stress_domain_language,Repeated domain variant: sorority,60,60,0,60,event,100,{},event.social-anchor:12; time.explicit:12; event.concrete-time:16; domain.action-time:12; structure.concrete-details:8
stress_0260,Club Soccer,Sports team,Maya,2026-04-27T20:31:00.000Z,,slides need to be done by 7,important,request,stress_domain_language,Repeated domain variant: class,81,81,24,100,request,99,"{""📌"":1}",deadline.payment:18; request.concrete-need:28; logistics.supplies:25; request.object-action:10
stress_0261,Basement Set Team,DJ/promoter group,Olivia,2026-04-27T20:35:00.000Z,,can someone grab trash bags,important,request,stress_domain_language,Repeated domain variant: roommate,100,100,30,100,request,100,"{""👀"":1,""📌"":1}",request.can-someone:24; logistics.supplies:25; question.intent:10; logistics.direct-supply-command:28; request.bring-supplies:14; request.object-action:10
stress_0262,Econ 302 Project,Group project/class chat,Noah,2026-04-27T20:39:00.000Z,,venmo for cake by tonight,important,deadline,stress_domain_language,Repeated domain variant: birthday,84,84,0,84,deadline,100,{},deadline.explicit:32; deadline.payment:18; time.relative:8; deadline.object-context:18; structure.concrete-details:8
stress_0263,Lot 14 Tailgate,Tailgate/party planning chat,Olivia,2026-04-27T20:43:00.000Z,,doors got pushed to 8,important,announcement,stress_domain_language,Repeated domain variant: dj,66,66,0,66,announcement,86,{},event.social-anchor:12; announcement.change:30; change.concrete-context:24
stress_0264,Apartment 4B,Apartment/roommate chat,Grace,2026-04-27T20:47:00.000Z,msg_01499,need drivers to airport tomorrow,important,logistics,stress_domain_language,Repeated domain variant: trip,86,86,0,86,request,100,{},request.concrete-need:28; logistics.transport:20; time.relative:8; request.urgent-tonight:12; request.object-action:10; structure.concrete-details:8
stress_0265,The Big One,Large chaotic general social chat,Riley,2026-04-27T20:51:00.000Z,,rent is due tomorrow,important,deadline,stress_domain_language,Repeated domain variant: roommate,94,94,12,100,deadline,100,"{""✅"":1}",deadline.explicit:32; deadline.payment:18; time.relative:8; deadline.date-context:18; deadline.object-context:18
stress_0266,Rush Week Leads,Recruitment logistics chat,Harper,2026-04-27T20:55:00.000Z,,wristbands close at midnight,important,deadline,stress_domain_language,Repeated domain variant: fraternity,100,100,0,100,deadline,100,{},deadline.explicit:32; deadline.payment:18; time.explicit:12; deadline.date-context:18; deadline.object-context:18; structure.concrete-details:8
stress_0267,Formal Bus 2,Event transportation chat,Marcus,2026-04-27T20:59:00.000Z,,doors got pushed to 8,important,announcement,stress_domain_language,Repeated domain variant: dj,66,66,8,74,announcement,86,"{""👀"":1}",event.social-anchor:12; announcement.change:30; change.concrete-context:24
stress_0268,Intramural Hoops,Sports pickup team,Harper,2026-04-27T21:03:00.000Z,,reservation deposit due noon,important,deadline,stress_domain_language,Repeated domain variant: restaurant,100,100,20,100,deadline,100,"{""✅"":1,""👀"":1}",deadline.explicit:32; event.social-anchor:12; event.starts-time:28; time.explicit:12; deadline.date-context:18; event.concrete-time:16; structure.concrete-details:8
stress_0269,House Dinner Crew,Food/social planning chat,Olivia,2026-04-27T21:07:00.000Z,,bring canned food tomorrow,important,logistics,stress_domain_language,Repeated domain variant: church,81,81,0,81,logistics,100,{},logistics.supplies:25; time.relative:8; logistics.supply-context:12; logistics.direct-supply-command:28; structure.concrete-details:8
stress_0270,Weekend Festival Run,Festival/social trip chat,Olivia,2026-04-27T21:11:00.000Z,msg_02691,bring canned food tomorrow,important,logistics,stress_domain_language,Repeated domain variant: church,81,81,20,100,logistics,100,"{""✅"":1,""👀"":1}",logistics.supplies:25; time.relative:8; logistics.supply-context:12; logistics.direct-supply-command:28; structure.concrete-details:8
stress_0271,St. Mark Newman Center,Church/Catholic center group,Grace,2026-04-27T21:15:00.000Z,,need two people for philanthropy check in,important,request,stress_domain_language,Repeated domain variant: sorority,50,50,8,58,request,81,"{""👀"":1}",request.concrete-need:28; event.social-anchor:12; request.help-needed:10
stress_0272,Pre-Med Service Crew,Pre-med volunteering group,Luke,2026-04-27T21:19:00.000Z,msg_02919,shadowing forms due friday,important,deadline,stress_domain_language,Repeated domain variant: premed,100,100,8,100,deadline,100,"{""👀"":1}",deadline.explicit:32; deadline.payment:18; time.weekday:7; deadline.date-context:18; deadline.object-context:18; structure.concrete-details:8
stress_0273,Senior Design Lab,Engineering lab/project team,Noah,2026-04-27T21:23:00.000Z,,volunteer shift starts at 11,important,event,stress_domain_language,Repeated domain variant: church,64,64,12,76,event,75,"{""✅"":1}",event.starts-time:28; event.meeting-time:24; time.explicit:12
stress_0274,Maple Hall 3,Dorm floor chat,Nate,2026-04-27T21:27:00.000Z,,surprise moved to apartment,important,announcement,stress_domain_language,Repeated domain variant: birthday,54,54,12,66,announcement,74,"{""✅"":1}",announcement.change:30; change.concrete-context:24
stress_0275,Bracket Weekend,Intramural tournament group,Quinn,2026-04-27T21:31:00.000Z,,lineup posted at noon,important,announcement,stress_domain_language,Repeated domain variant: fraternity,100,100,0,100,announcement,100,{},event.social-anchor:12; event.starts-time:28; announcement.change:30; time.explicit:12; event.concrete-time:16; domain.action-time:12; change.concrete-context:24; announcement.date-context:14
stress_0276,Arena Concert Run,Concert/festival group,Zoe,2026-04-27T21:35:00.000Z,,need controller at the booth,important,request,stress_domain_language,Repeated domain variant: dj,71,71,28,99,request,100,"{""✅"":1,""👀"":1,""❓"":1}",request.concrete-need:28; logistics.supplies:25; request.object-action:10; structure.concrete-details:8
stress_0277,Reservation Roulette,Restaurant/dinner reservation group,Zoe,2026-04-27T21:39:00.000Z,,check in moved to 3pm,important,announcement,stress_domain_language,Repeated domain variant: trip,80,80,30,100,announcement,99,"{""👀"":1,""📌"":1}",announcement.change:30; time.explicit:12; change.concrete-context:24; announcement.date-context:14
stress_0278,PCB Spring Break,Spring break/trip planning group,Jordan,2026-04-27T21:43:00.000Z,msg_04133,canvas closes at midnight,important,deadline,stress_domain_language,Repeated domain variant: class,100,100,20,100,deadline,100,"{""✅"":1,""👀"":1}",deadline.explicit:32; deadline.payment:18; time.explicit:12; deadline.date-context:18; deadline.object-context:18; structure.concrete-details:8
stress_0279,Morning Lift Crew,Gym/workout group,Chris,2026-04-27T21:47:00.000Z,,need one more for tipoff,important,request,stress_domain_language,Repeated domain variant: sports,28,28,8,36,request,57,"{""👀"":1}",request.concrete-need:28
stress_0280,Ava Birthday Ops,Birthday/event planning group,Bella,2026-04-27T21:51:00.000Z,,practice moved indoors,important,announcement,stress_domain_language,Repeated domain variant: sports,78,78,8,86,announcement,98,"{""👀"":1}",event.social-anchor:12; announcement.change:30; domain.action-time:12; change.concrete-context:24
stress_0281,Pledge Class 28,Fraternity pledge chat,Riley,2026-04-27T21:55:00.000Z,,mass moved to chapel at 7,important,announcement,stress_domain_language,Repeated domain variant: church,100,100,12,100,announcement,100,"{""✅"":1}",event.social-anchor:12; event.meeting-time:24; announcement.change:30; time.explicit:12; event.concrete-time:16; domain.action-time:12; change.concrete-context:24; announcement.date-context:14; structure.concrete-details:8
stress_0282,Kappa Event Crew,Sorority event planning chat,Mia,2026-04-27T21:59:00.000Z,,airbnb money due friday,important,deadline,stress_domain_language,Repeated domain variant: trip,93,93,8,100,deadline,100,"{""👀"":1}",deadline.explicit:32; deadline.payment:18; time.weekday:7; deadline.date-context:18; deadline.object-context:18
stress_0283,Downtown Survivors,College friend group,Sophia,2026-04-27T22:03:00.000Z,,canvas closes at midnight,important,deadline,stress_domain_language,Repeated domain variant: class,100,100,20,100,deadline,100,"{""✅"":1,""👀"":1}",deadline.explicit:32; deadline.payment:18; time.explicit:12; deadline.date-context:18; deadline.object-context:18; structure.concrete-details:8
stress_0284,Campus Volunteer Board,Student organization/club,Ethan,2026-04-27T22:07:00.000Z,,practice moved indoors,important,announcement,stress_domain_language,Repeated domain variant: sports,78,78,8,86,announcement,98,"{""👀"":1}",event.social-anchor:12; announcement.change:30; domain.action-time:12; change.concrete-context:24
stress_0285,Club Soccer,Sports team,Jordan,2026-04-27T22:11:00.000Z,,surprise moved to apartment,important,announcement,stress_domain_language,Repeated domain variant: birthday,54,54,18,72,announcement,74,"{""✅"":1,""👀"":1}",announcement.change:30; change.concrete-context:24
stress_0286,Basement Set Team,DJ/promoter group,Olivia,2026-04-27T22:15:00.000Z,stress_0161,maintenance coming at 9am,important,event,stress_domain_language,Repeated domain variant: roommate,12,12,8,20,noise,30,"{""👀"":1}",time.explicit:12
stress_0287,Econ 302 Project,Group project/class chat,Zoe,2026-04-27T22:19:00.000Z,,volunteer shift starts at 11,important,event,stress_domain_language,Repeated domain variant: church,64,64,8,72,event,75,"{""👀"":1}",event.starts-time:28; event.meeting-time:24; time.explicit:12
stress_0288,Lot 14 Tailgate,Tailgate/party planning chat,Bella,2026-04-27T22:23:00.000Z,,need drivers for service saturday,important,logistics,stress_domain_language,Repeated domain variant: church,100,100,8,100,request,100,"{""👀"":1}",request.concrete-need:28; logistics.transport:20; event.social-anchor:12; time.weekday:7; event.concrete-time:16; request.object-action:10; structure.concrete-details:8
stress_0289,Apartment 4B,Apartment/roommate chat,Sam,2026-04-27T22:27:00.000Z,msg_01478,surprise moved to apartment,important,announcement,stress_domain_language,Repeated domain variant: birthday,54,54,8,62,announcement,74,"{""👀"":1}",announcement.change:30; change.concrete-context:24
stress_0290,The Big One,Large chaotic general social chat,Ethan,2026-04-27T22:31:00.000Z,msg_01665,peer review due friday,important,deadline,stress_domain_language,Repeated domain variant: class,93,93,20,100,deadline,100,"{""✅"":1,""👀"":1}",deadline.explicit:32; deadline.payment:18; time.weekday:7; deadline.date-context:18; deadline.object-context:18
stress_0291,Rush Week Leads,Recruitment logistics chat,Logan,2026-04-27T22:35:00.000Z,,deadline for being washed is tonight,noise,noise,stress_false_positive_trap,Important-looking false-positive trap,0,0,0,0,noise,20,{},deadline.explicit:32; time.relative:8; deadline.date-context:18; noise.hype-only:-24; noise.important-word-joke:-38
stress_0292,Formal Bus 2,Event transportation chat,Sam,2026-04-27T22:39:00.000Z,,formal apology incoming,noise,noise,stress_false_positive_trap,Important-looking false-positive trap,0,0,0,0,noise,20,{},event.social-anchor:12; noise.hype-only:-24; noise.important-word-joke:-38
stress_0293,Intramural Hoops,Sports pickup team,Marcus,2026-04-27T22:43:00.000Z,,rush hour traffic sucks,noise,noise,stress_false_positive_trap,Important-looking false-positive trap,0,0,0,0,noise,20,{},event.social-anchor:12; noise.hype-only:-24; noise.important-word-joke:-38
stress_0294,House Dinner Crew,Food/social planning chat,Harper,2026-04-27T22:47:00.000Z,,party animal,noise,noise,stress_false_positive_trap,Important-looking false-positive trap,0,0,0,0,noise,20,{},event.social-anchor:12; noise.hype-only:-24; noise.important-word-joke:-38; noise.vague-short:-12
stress_0295,Weekend Festival Run,Festival/social trip chat,Olivia,2026-04-27T22:51:00.000Z,,who let him cook?,noise,noise,stress_false_positive_trap,Important-looking false-positive trap,0,0,8,8,noise,24,"{""😂"":1,""💀"":3,""🔥"":4}",question.intent:10; noise.important-word-joke:-38; noise.casual-question:-14; noise.vague-short:-12
stress_0296,St. Mark Newman Center,Church/Catholic center group,Noah,2026-04-27T22:55:00.000Z,,why is bro like this?,noise,noise,stress_false_positive_trap,Important-looking false-positive trap,0,0,0,0,noise,20,{},question.intent:10; noise.important-word-joke:-38
stress_0297,Pre-Med Service Crew,Pre-med volunteering group,Tyler,2026-04-27T22:59:00.000Z,msg_02893,need bro to retire,noise,noise,stress_false_positive_trap,Important-looking false-positive trap,0,0,8,8,noise,24,"{""🔥"":4}",noise.important-word-joke:-38
stress_0298,Senior Design Lab,Engineering lab/project team,Jake,2026-04-27T23:03:00.000Z,,Friday was insane,noise,noise,stress_false_positive_trap,Important-looking false-positive trap,0,0,0,0,noise,20,"{""😂"":2,""💀"":1}",time.weekday:7; noise.hype-only:-24; noise.important-word-joke:-38
stress_0299,Maple Hall 3,Dorm floor chat,Zoe,2026-04-27T23:07:00.000Z,,tomorrow gonna be wild,noise,noise,stress_false_positive_trap,Important-looking false-positive trap,0,0,0,0,noise,20,"{""💀"":2}",time.relative:8; noise.hype-only:-24; noise.important-word-joke:-38
stress_0300,Bracket Weekend,Intramural tournament group,Jordan,2026-04-27T23:11:00.000Z,,9 is crazy,noise,noise,stress_false_positive_trap,Important-looking false-positive trap,0,0,0,0,noise,20,{},noise.important-word-joke:-38; noise.vague-short:-12
stress_0301,Arena Concert Run,Concert/festival group,Lena,2026-04-27T23:15:00.000Z,,can someone tell Tyler to stop yelling,noise,noise,stress_false_positive_trap,Important-looking false-positive trap,0,0,0,0,noise,20,{},question.intent:10; noise.important-word-joke:-38
stress_0302,Reservation Roulette,Restaurant/dinner reservation group,Bella,2026-04-27T23:19:00.000Z,msg_03937,bro said formal like he owns the place,noise,noise,stress_false_positive_trap,Important-looking false-positive trap,0,0,0,0,noise,20,{},event.social-anchor:12; noise.important-word-joke:-38
stress_0303,PCB Spring Break,Spring break/trip planning group,Nick,2026-04-27T23:23:00.000Z,,he needs to be stopped,noise,noise,stress_false_positive_trap,Important-looking false-positive trap,0,0,6,6,noise,23,"{""🔥"":2,""😂"":1,""💀"":1}",noise.important-word-joke:-38
stress_0304,Morning Lift Crew,Gym/workout group,Ava,2026-04-27T23:27:00.000Z,,this fit is formal,noise,noise,stress_false_positive_trap,Important-looking false-positive trap,0,0,0,0,noise,20,{},event.social-anchor:12; noise.important-word-joke:-38
stress_0305,Ava Birthday Ops,Birthday/event planning group,Ava,2026-04-27T23:31:00.000Z,,tickets to the downfall,noise,noise,stress_false_positive_trap,Important-looking false-positive trap,0,0,0,0,noise,20,{},deadline.payment:18; noise.hype-only:-24; noise.important-word-joke:-38
stress_0306,Pledge Class 28,Fraternity pledge chat,Mia,2026-04-27T23:35:00.000Z,msg_00124,meeting my downfall rn,noise,noise,stress_false_positive_trap,Important-looking false-positive trap,26,26,0,26,noise,100,{},normalization.alias:4; event.social-anchor:12; event.meeting-time:24; time.explicit:12; event.concrete-time:16; domain.action-time:12; structure.concrete-details:8; noise.hype-only:-24; noise.important-word-joke:-38
stress_0307,Kappa Event Crew,Sorority event planning chat,Jordan,2026-04-27T23:39:00.000Z,,chapter of my villain arc starts tonight,noise,noise,stress_false_positive_trap,Important-looking false-positive trap,0,0,0,0,noise,20,{},event.social-anchor:12; time.relative:8; event.concrete-time:16; domain.action-time:12; structure.concrete-details:8; noise.hype-only:-24; noise.important-word-joke:-38
stress_0308,Downtown Survivors,College friend group,Bella,2026-04-27T23:43:00.000Z,edge_0043,canvas is my enemy,noise,noise,stress_false_positive_trap,Important-looking false-positive trap,18,18,8,26,deadline,44,"{""🔥"":3,""💀"":2}",deadline.payment:18
stress_0309,Campus Volunteer Board,Student organization/club,Noah,2026-04-27T23:47:00.000Z,,practice? never heard of her,noise,noise,stress_false_positive_trap,Important-looking false-positive trap,30,30,0,30,question,64,{},event.social-anchor:12; question.intent:10; question.event-context:8
stress_0310,Club Soccer,Sports team,Marcus,2026-04-27T23:51:00.000Z,,soundcheck for my mental breakdown,noise,noise,stress_false_positive_trap,Important-looking false-positive trap,12,12,3,15,noise,28,"{""🔥"":1}",event.social-anchor:12
stress_0311,Basement Set Team,DJ/promoter group,Grace,2026-04-27T23:55:00.000Z,,doors at 8 to my downfall,noise,noise,stress_false_positive_trap,Important-looking false-positive trap,26,26,3,29,noise,100,"{""💀"":3,""😂"":3,""🔥"":1}",event.social-anchor:12; event.starts-time:28; time.explicit:12; event.concrete-time:16; domain.action-time:12; structure.concrete-details:8; noise.hype-only:-24; noise.important-word-joke:-38
stress_0312,Econ 302 Project,Group project/class chat,Harper,2026-04-27T23:59:00.000Z,msg_01167,rent free in his head,noise,noise,stress_false_positive_trap,Important-looking false-positive trap,18,18,0,18,noise,29,{},deadline.payment:18
stress_0313,Lot 14 Tailgate,Tailgate/party planning chat,Luke,2026-04-28T00:03:00.000Z,,utilities? bro has none,noise,noise,stress_false_positive_trap,Important-looking false-positive trap,28,28,3,31,deadline,55,"{""🔥"":1,""💀"":1}",deadline.payment:18; question.intent:10
stress_0314,Apartment 4B,Apartment/roommate chat,Ethan,2026-04-28T00:07:00.000Z,,bring plates for my ego,noise,noise,stress_false_positive_trap,Important-looking false-positive trap,53,53,9,62,logistics,64,"{""🔥"":3,""😂"":4}",logistics.supplies:25; logistics.direct-supply-command:28
stress_0315,The Big One,Large chaotic general social chat,Nate,2026-04-28T00:11:00.000Z,,need drivers for the struggle bus,noise,noise,stress_false_positive_trap,Important-looking false-positive trap,58,58,0,58,request,83,"{""💀"":4,""😂"":2}",request.concrete-need:28; logistics.transport:20; request.object-action:10
stress_0316,Rush Week Leads,Recruitment logistics chat,Grace,2026-04-28T00:15:00.000Z,,massive L tomorrow,noise,noise,stress_false_positive_trap,Important-looking false-positive trap,8,8,0,8,noise,24,{},time.relative:8
stress_0317,Formal Bus 2,Event transportation chat,Harper,2026-04-28T00:19:00.000Z,msg_02060,retreat from my responsibilities,noise,noise,stress_false_positive_trap,Important-looking false-positive trap,12,12,0,12,noise,26,"{""😂"":2}",event.social-anchor:12
stress_0318,Intramural Hoops,Sports pickup team,Luke,2026-04-28T00:23:00.000Z,,birthday suit formal,noise,noise,stress_false_positive_trap,Important-looking false-positive trap,12,12,8,20,noise,30,"{""🔥"":3,""💀"":3,""😂"":1}",event.social-anchor:12
stress_0319,House Dinner Crew,Food/social planning chat,Harper,2026-04-28T00:27:00.000Z,,reservation for one brain cell,noise,noise,stress_false_positive_trap,Important-looking false-positive trap,12,12,0,12,noise,26,{},event.social-anchor:12
stress_0320,Weekend Festival Run,Festival/social trip chat,Nate,2026-04-28T00:31:00.000Z,,kickoff to being washed,noise,noise,stress_false_positive_trap,Important-looking false-positive trap,0,0,0,0,noise,20,{},noise.hype-only:-24; noise.important-word-joke:-38
stress_0321,St. Mark Newman Center,Church/Catholic center group,Lena,2026-04-28T00:35:00.000Z,,soundcheck for my mental breakdown,noise,noise,stress_false_positive_trap,Repeated false-positive trap variant,12,12,0,12,noise,26,{},event.social-anchor:12
stress_0322,Pre-Med Service Crew,Pre-med volunteering group,Mason,2026-04-28T00:39:00.000Z,,formal apology incoming,noise,noise,stress_false_positive_trap,Repeated false-positive trap variant,0,0,0,0,noise,20,{},event.social-anchor:12; noise.hype-only:-24; noise.important-word-joke:-38
stress_0323,Senior Design Lab,Engineering lab/project team,Marcus,2026-04-28T00:43:00.000Z,,meeting my downfall rn,noise,noise,stress_false_positive_trap,Repeated false-positive trap variant,26,26,6,32,noise,100,"{""💀"":3,""😂"":3,""🔥"":2}",normalization.alias:4; event.social-anchor:12; event.meeting-time:24; time.explicit:12; event.concrete-time:16; domain.action-time:12; structure.concrete-details:8; noise.hype-only:-24; noise.important-word-joke:-38
stress_0324,Maple Hall 3,Dorm floor chat,Sophia,2026-04-28T00:47:00.000Z,,he needs to be stopped,noise,noise,stress_false_positive_trap,Repeated false-positive trap variant,0,0,0,0,noise,20,{},noise.important-word-joke:-38
stress_0325,Bracket Weekend,Intramural tournament group,Luke,2026-04-28T00:51:00.000Z,,formal apology incoming,noise,noise,stress_false_positive_trap,Repeated false-positive trap variant,0,0,0,0,noise,20,"{""😂"":1,""💀"":1}",event.social-anchor:12; noise.hype-only:-24; noise.important-word-joke:-38
stress_0326,Arena Concert Run,Concert/festival group,Nate,2026-04-28T00:55:00.000Z,,soundcheck for my mental breakdown,noise,noise,stress_false_positive_trap,Repeated false-positive trap variant,12,12,0,12,noise,26,"{""😂"":1}",event.social-anchor:12
stress_0327,Reservation Roulette,Restaurant/dinner reservation group,Nate,2026-04-28T00:59:00.000Z,msg_03863,9 is crazy,noise,noise,stress_false_positive_trap,Repeated false-positive trap variant,0,0,0,0,noise,20,{},noise.important-word-joke:-38; noise.vague-short:-12
stress_0328,PCB Spring Break,Spring break/trip planning group,Cam,2026-04-28T01:03:00.000Z,,meeting my downfall rn,noise,noise,stress_false_positive_trap,Repeated false-positive trap variant,26,26,3,29,noise,100,"{""💀"":1,""🔥"":1}",normalization.alias:4; event.social-anchor:12; event.meeting-time:24; time.explicit:12; event.concrete-time:16; domain.action-time:12; structure.concrete-details:8; noise.hype-only:-24; noise.important-word-joke:-38
stress_0329,Morning Lift Crew,Gym/workout group,Ava,2026-04-28T01:07:00.000Z,,party animal,noise,noise,stress_false_positive_trap,Repeated false-positive trap variant,0,0,0,0,noise,20,{},event.social-anchor:12; noise.hype-only:-24; noise.important-word-joke:-38; noise.vague-short:-12
stress_0330,Ava Birthday Ops,Birthday/event planning group,Nick,2026-04-28T01:11:00.000Z,,party animal,noise,noise,stress_false_positive_trap,Repeated false-positive trap variant,0,0,0,0,noise,20,{},event.social-anchor:12; noise.hype-only:-24; noise.important-word-joke:-38; noise.vague-short:-12
stress_0331,Pledge Class 28,Fraternity pledge chat,Cam,2026-04-28T01:15:00.000Z,,tomorrow gonna be wild,noise,noise,stress_false_positive_trap,Repeated false-positive trap variant,0,0,0,0,noise,20,{},time.relative:8; noise.hype-only:-24; noise.important-word-joke:-38
stress_0332,Kappa Event Crew,Sorority event planning chat,Chris,2026-04-28T01:19:00.000Z,,chapter of my villain arc starts tonight,noise,noise,stress_false_positive_trap,Repeated false-positive trap variant,0,0,8,8,noise,24,"{""💀"":2,""🔥"":4,""😂"":1}",event.social-anchor:12; time.relative:8; event.concrete-time:16; domain.action-time:12; structure.concrete-details:8; noise.hype-only:-24; noise.important-word-joke:-38
stress_0333,Downtown Survivors,College friend group,Riley,2026-04-28T01:23:00.000Z,,birthday suit formal,noise,noise,stress_false_positive_trap,Repeated false-positive trap variant,12,12,0,12,noise,26,"{""💀"":1}",event.social-anchor:12
stress_0334,Campus Volunteer Board,Student organization/club,Jake,2026-04-28T01:27:00.000Z,,soundcheck for my mental breakdown,noise,noise,stress_false_positive_trap,Repeated false-positive trap variant,12,12,0,12,noise,26,{},event.social-anchor:12
stress_0335,Club Soccer,Sports team,Mia,2026-04-28T01:31:00.000Z,,why is bro like this?,noise,noise,stress_false_positive_trap,Repeated false-positive trap variant,0,0,0,0,noise,20,{},question.intent:10; noise.important-word-joke:-38
stress_0336,Basement Set Team,DJ/promoter group,Noah,2026-04-28T01:35:00.000Z,,canvas is my enemy,noise,noise,stress_false_positive_trap,Repeated false-positive trap variant,18,18,0,18,noise,29,{},deadline.payment:18
stress_0337,Econ 302 Project,Group project/class chat,Riley,2026-04-28T01:39:00.000Z,,canvas is my enemy,noise,noise,stress_false_positive_trap,Repeated false-positive trap variant,18,18,0,18,noise,29,{},deadline.payment:18
stress_0338,Lot 14 Tailgate,Tailgate/party planning chat,Drew,2026-04-28T01:43:00.000Z,,this fit is formal,noise,noise,stress_false_positive_trap,Repeated false-positive trap variant,0,0,0,0,noise,20,"{""😂"":1}",event.social-anchor:12; noise.important-word-joke:-38
stress_0339,Apartment 4B,Apartment/roommate chat,Olivia,2026-04-28T01:47:00.000Z,,deadline for being washed is tonight,noise,noise,stress_false_positive_trap,Repeated false-positive trap variant,0,0,0,0,noise,20,{},deadline.explicit:32; time.relative:8; deadline.date-context:18; noise.hype-only:-24; noise.important-word-joke:-38
stress_0340,The Big One,Large chaotic general social chat,Mia,2026-04-28T01:51:00.000Z,,meeting my downfall rn,noise,noise,stress_false_positive_trap,Repeated false-positive trap variant,26,26,0,26,noise,100,{},normalization.alias:4; event.social-anchor:12; event.meeting-time:24; time.explicit:12; event.concrete-time:16; domain.action-time:12; structure.concrete-details:8; noise.hype-only:-24; noise.important-word-joke:-38
stress_0341,Rush Week Leads,Recruitment logistics chat,Sam,2026-04-28T01:55:00.000Z,,doors at 8 to my downfall,noise,noise,stress_false_positive_trap,Repeated false-positive trap variant,26,26,0,26,noise,100,{},event.social-anchor:12; event.starts-time:28; time.explicit:12; event.concrete-time:16; domain.action-time:12; structure.concrete-details:8; noise.hype-only:-24; noise.important-word-joke:-38
stress_0342,Formal Bus 2,Event transportation chat,Grace,2026-04-28T01:59:00.000Z,,bro said formal like he owns the place,noise,noise,stress_false_positive_trap,Repeated false-positive trap variant,0,0,0,0,noise,20,{},event.social-anchor:12; noise.important-word-joke:-38
stress_0343,Intramural Hoops,Sports pickup team,Grace,2026-04-28T02:03:00.000Z,,need drivers for the struggle bus,noise,noise,stress_false_positive_trap,Repeated false-positive trap variant,58,58,3,61,request,83,"{""😂"":1,""💀"":2,""🔥"":1}",request.concrete-need:28; logistics.transport:20; request.object-action:10
stress_0344,House Dinner Crew,Food/social planning chat,Olivia,2026-04-28T02:07:00.000Z,,utilities? bro has none,noise,noise,stress_false_positive_trap,Repeated false-positive trap variant,28,28,12,40,deadline,55,"{""😂"":4,""🔥"":4}",deadline.payment:18; question.intent:10
stress_0345,Weekend Festival Run,Festival/social trip chat,Ethan,2026-04-28T02:11:00.000Z,,he needs to be stopped,noise,noise,stress_false_positive_trap,Repeated false-positive trap variant,0,0,0,0,noise,20,{},noise.important-word-joke:-38
stress_0346,St. Mark Newman Center,Church/Catholic center group,Jake,2026-04-28T02:15:00.000Z,msg_02711,retreat from my responsibilities,noise,noise,stress_false_positive_trap,Repeated false-positive trap variant,12,12,3,15,noise,28,"{""💀"":2,""🔥"":1,""😂"":4}",event.social-anchor:12
stress_0347,Pre-Med Service Crew,Pre-med volunteering group,Chris,2026-04-28T02:19:00.000Z,msg_02997,birthday suit formal,noise,noise,stress_false_positive_trap,Repeated false-positive trap variant,12,12,0,12,noise,26,{},event.social-anchor:12
stress_0348,Senior Design Lab,Engineering lab/project team,Grace,2026-04-28T02:23:00.000Z,,why is bro like this?,noise,noise,stress_false_positive_trap,Repeated false-positive trap variant,0,0,0,0,noise,20,{},question.intent:10; noise.important-word-joke:-38
stress_0349,Maple Hall 3,Dorm floor chat,Luke,2026-04-28T02:27:00.000Z,msg_03263,utilities? bro has none,noise,noise,stress_false_positive_trap,Repeated false-positive trap variant,28,28,0,28,deadline,55,{},deadline.payment:18; question.intent:10
stress_0350,Bracket Weekend,Intramural tournament group,Ava,2026-04-28T02:31:00.000Z,,reservation for one brain cell,noise,noise,stress_false_positive_trap,Repeated false-positive trap variant,12,12,0,12,noise,26,{},event.social-anchor:12
stress_0351,Arena Concert Run,Concert/festival group,Jordan,2026-04-28T02:35:00.000Z,,practice? never heard of her,noise,noise,stress_false_positive_trap,Repeated false-positive trap variant,30,30,0,30,question,64,{},event.social-anchor:12; question.intent:10; question.event-context:8
stress_0352,Reservation Roulette,Restaurant/dinner reservation group,Luke,2026-04-28T02:39:00.000Z,stress_0102,this fit is formal,noise,noise,stress_false_positive_trap,Repeated false-positive trap variant,0,0,0,0,noise,20,{},event.social-anchor:12; noise.important-word-joke:-38
stress_0353,PCB Spring Break,Spring break/trip planning group,Jordan,2026-04-28T02:43:00.000Z,msg_04082,practice? never heard of her,noise,noise,stress_false_positive_trap,Repeated false-positive trap variant,30,30,0,30,question,64,{},event.social-anchor:12; question.intent:10; question.event-context:8
stress_0354,Morning Lift Crew,Gym/workout group,Lena,2026-04-28T02:47:00.000Z,,formal apology incoming,noise,noise,stress_false_positive_trap,Repeated false-positive trap variant,0,0,0,0,noise,20,{},event.social-anchor:12; noise.hype-only:-24; noise.important-word-joke:-38
stress_0355,Ava Birthday Ops,Birthday/event planning group,Sophia,2026-04-28T02:51:00.000Z,,soundcheck for my mental breakdown,noise,noise,stress_false_positive_trap,Repeated false-positive trap variant,12,12,0,12,noise,26,{},event.social-anchor:12
stress_0356,Pledge Class 28,Fraternity pledge chat,Logan,2026-04-28T02:55:00.000Z,,this fit is formal,noise,noise,stress_false_positive_trap,Repeated false-positive trap variant,0,0,0,0,noise,20,{},event.social-anchor:12; noise.important-word-joke:-38
stress_0357,Kappa Event Crew,Sorority event planning chat,Bella,2026-04-28T02:59:00.000Z,,he needs to be stopped,noise,noise,stress_false_positive_trap,Repeated false-positive trap variant,0,0,0,0,noise,20,{},noise.important-word-joke:-38
stress_0358,Downtown Survivors,College friend group,Jordan,2026-04-28T03:03:00.000Z,,Friday was insane,noise,noise,stress_false_positive_trap,Repeated false-positive trap variant,0,0,0,0,noise,20,{},time.weekday:7; noise.hype-only:-24; noise.important-word-joke:-38
stress_0359,Campus Volunteer Board,Student organization/club,Ethan,2026-04-28T03:07:00.000Z,,practice? never heard of her,noise,noise,stress_false_positive_trap,Repeated false-positive trap variant,30,30,0,30,question,64,"{""😂"":2}",event.social-anchor:12; question.intent:10; question.event-context:8
stress_0360,Club Soccer,Sports team,Sam,2026-04-28T03:11:00.000Z,,who let him cook?,noise,noise,stress_false_positive_trap,Repeated false-positive trap variant,0,0,0,0,noise,20,{},question.intent:10; noise.important-word-joke:-38; noise.casual-question:-14; noise.vague-short:-12
stress_0361,Basement Set Team,DJ/promoter group,Ethan,2026-04-28T03:15:00.000Z,msg_00948,who let him cook?,noise,noise,stress_false_positive_trap,Repeated false-positive trap variant,0,0,0,0,noise,20,{},question.intent:10; noise.important-word-joke:-38; noise.casual-question:-14; noise.vague-short:-12
stress_0362,Econ 302 Project,Group project/class chat,Bella,2026-04-28T03:19:00.000Z,,this fit is formal,noise,noise,stress_false_positive_trap,Repeated false-positive trap variant,0,0,0,0,noise,20,{},event.social-anchor:12; noise.important-word-joke:-38
stress_0363,Lot 14 Tailgate,Tailgate/party planning chat,Luke,2026-04-28T03:23:00.000Z,,this fit is formal,noise,noise,stress_false_positive_trap,Repeated false-positive trap variant,0,0,6,6,noise,23,"{""😂"":3,""💀"":2,""🔥"":2}",event.social-anchor:12; noise.important-word-joke:-38
stress_0364,Apartment 4B,Apartment/roommate chat,Jake,2026-04-28T03:27:00.000Z,,soundcheck for my mental breakdown,noise,noise,stress_false_positive_trap,Repeated false-positive trap variant,12,12,0,12,noise,26,"{""💀"":4,""😂"":2}",event.social-anchor:12
stress_0365,The Big One,Large chaotic general social chat,Riley,2026-04-28T03:31:00.000Z,,rush hour traffic sucks,noise,noise,stress_false_positive_trap,Repeated false-positive trap variant,0,0,0,0,noise,20,{},event.social-anchor:12; noise.hype-only:-24; noise.important-word-joke:-38
stress_0366,Rush Week Leads,Recruitment logistics chat,Lena,2026-04-28T03:35:00.000Z,,rush hour traffic sucks,noise,noise,stress_false_positive_trap,Repeated false-positive trap variant,0,0,0,0,noise,20,{},event.social-anchor:12; noise.hype-only:-24; noise.important-word-joke:-38
stress_0367,Formal Bus 2,Event transportation chat,Grace,2026-04-28T03:39:00.000Z,,soundcheck for my mental breakdown,noise,noise,stress_false_positive_trap,Repeated false-positive trap variant,12,12,3,15,noise,28,"{""💀"":4,""🔥"":1,""😂"":1}",event.social-anchor:12
stress_0368,Intramural Hoops,Sports pickup team,Quinn,2026-04-28T03:43:00.000Z,,soundcheck for my mental breakdown,noise,noise,stress_false_positive_trap,Repeated false-positive trap variant,12,12,0,12,noise,26,"{""😂"":2}",event.social-anchor:12
stress_0369,House Dinner Crew,Food/social planning chat,Luke,2026-04-28T03:47:00.000Z,,soundcheck for my mental breakdown,noise,noise,stress_false_positive_trap,Repeated false-positive trap variant,12,12,8,20,noise,30,"{""🔥"":3,""💀"":4}",event.social-anchor:12
stress_0370,Weekend Festival Run,Festival/social trip chat,Grace,2026-04-28T03:51:00.000Z,,tickets to the downfall,noise,noise,stress_false_positive_trap,Repeated false-positive trap variant,0,0,0,0,noise,20,"{""😂"":2}",deadline.payment:18; noise.hype-only:-24; noise.important-word-joke:-38
stress_0371,St. Mark Newman Center,Church/Catholic center group,Tessa,2026-04-28T03:55:00.000Z,,deadline for being washed is tonight,noise,noise,stress_false_positive_trap,Repeated false-positive trap variant,0,0,8,8,noise,24,"{""😂"":2,""🔥"":4,""💀"":1}",deadline.explicit:32; time.relative:8; deadline.date-context:18; noise.hype-only:-24; noise.important-word-joke:-38
stress_0372,Pre-Med Service Crew,Pre-med volunteering group,Marcus,2026-04-28T03:59:00.000Z,,Friday was insane,noise,noise,stress_false_positive_trap,Repeated false-positive trap variant,0,0,0,0,noise,20,{},time.weekday:7; noise.hype-only:-24; noise.important-word-joke:-38
stress_0373,Senior Design Lab,Engineering lab/project team,Lena,2026-04-28T04:03:00.000Z,,kickoff to being washed,noise,noise,stress_false_positive_trap,Repeated false-positive trap variant,0,0,0,0,noise,20,{},noise.hype-only:-24; noise.important-word-joke:-38
stress_0374,Maple Hall 3,Dorm floor chat,Luke,2026-04-28T04:07:00.000Z,msg_03324,utilities? bro has none,noise,noise,stress_false_positive_trap,Repeated false-positive trap variant,28,28,0,28,deadline,55,{},deadline.payment:18; question.intent:10
stress_0375,Bracket Weekend,Intramural tournament group,Tessa,2026-04-28T04:11:00.000Z,,9 is crazy,noise,noise,stress_false_positive_trap,Repeated false-positive trap variant,0,0,3,3,noise,22,"{""💀"":3,""😂"":1,""🔥"":1}",noise.important-word-joke:-38; noise.vague-short:-12
stress_0376,Arena Concert Run,Concert/festival group,Nate,2026-04-28T04:15:00.000Z,,rush hour traffic sucks,noise,noise,stress_false_positive_trap,Repeated false-positive trap variant,0,0,0,0,noise,20,{},event.social-anchor:12; noise.hype-only:-24; noise.important-word-joke:-38
stress_0377,Reservation Roulette,Restaurant/dinner reservation group,Zoe,2026-04-28T04:19:00.000Z,,meeting my downfall rn,noise,noise,stress_false_positive_trap,Repeated false-positive trap variant,26,26,0,26,noise,100,{},normalization.alias:4; event.social-anchor:12; event.meeting-time:24; time.explicit:12; event.concrete-time:16; domain.action-time:12; structure.concrete-details:8; noise.hype-only:-24; noise.important-word-joke:-38
stress_0378,PCB Spring Break,Spring break/trip planning group,Tessa,2026-04-28T04:23:00.000Z,,practice? never heard of her,noise,noise,stress_false_positive_trap,Repeated false-positive trap variant,30,30,0,30,question,64,{},event.social-anchor:12; question.intent:10; question.event-context:8
stress_0379,Morning Lift Crew,Gym/workout group,Luke,2026-04-28T04:27:00.000Z,,why is bro like this?,noise,noise,stress_false_positive_trap,Repeated false-positive trap variant,0,0,6,6,noise,23,"{""😂"":1,""🔥"":2}",question.intent:10; noise.important-word-joke:-38
stress_0380,Ava Birthday Ops,Birthday/event planning group,Bella,2026-04-28T04:31:00.000Z,,canvas is my enemy,noise,noise,stress_false_positive_trap,Repeated false-positive trap variant,18,18,0,18,noise,29,{},deadline.payment:18
stress_0381,Pledge Class 28,Fraternity pledge chat,Sophia,2026-04-28T04:35:00.000Z,,formal apology incoming,noise,noise,stress_false_positive_trap,Repeated false-positive trap variant,0,0,0,0,noise,20,{},event.social-anchor:12; noise.hype-only:-24; noise.important-word-joke:-38
stress_0382,Kappa Event Crew,Sorority event planning chat,Ava,2026-04-28T04:39:00.000Z,msg_00262,rush hour traffic sucks,noise,noise,stress_false_positive_trap,Repeated false-positive trap variant,0,0,0,0,noise,20,{},event.social-anchor:12; noise.hype-only:-24; noise.important-word-joke:-38
stress_0383,Downtown Survivors,College friend group,Cam,2026-04-28T04:43:00.000Z,,bring plates for my ego,noise,noise,stress_false_positive_trap,Repeated false-positive trap variant,53,53,3,56,logistics,64,"{""💀"":5,""🔥"":1,""😂"":1}",logistics.supplies:25; logistics.direct-supply-command:28
stress_0384,Campus Volunteer Board,Student organization/club,Jake,2026-04-28T04:47:00.000Z,,9 is crazy,noise,noise,stress_false_positive_trap,Repeated false-positive trap variant,0,0,0,0,noise,20,{},noise.important-word-joke:-38; noise.vague-short:-12
stress_0385,Club Soccer,Sports team,Cam,2026-04-28T04:51:00.000Z,,formal apology incoming,noise,noise,stress_false_positive_trap,Repeated false-positive trap variant,0,0,0,0,noise,20,{},event.social-anchor:12; noise.hype-only:-24; noise.important-word-joke:-38
stress_0386,Basement Set Team,DJ/promoter group,Drew,2026-04-28T04:55:00.000Z,msg_00996,tickets to the downfall,noise,noise,stress_false_positive_trap,Repeated false-positive trap variant,0,0,0,0,noise,20,"{""😂"":1}",deadline.payment:18; noise.hype-only:-24; noise.important-word-joke:-38
stress_0387,Econ 302 Project,Group project/class chat,Harper,2026-04-28T04:59:00.000Z,,need bro to retire,noise,noise,stress_false_positive_trap,Repeated false-positive trap variant,0,0,0,0,noise,20,{},noise.important-word-joke:-38
stress_0388,Lot 14 Tailgate,Tailgate/party planning chat,Marcus,2026-04-28T05:03:00.000Z,,soundcheck for my mental breakdown,noise,noise,stress_false_positive_trap,Repeated false-positive trap variant,12,12,3,15,noise,28,"{""🔥"":1}",event.social-anchor:12
stress_0389,Apartment 4B,Apartment/roommate chat,Logan,2026-04-28T05:07:00.000Z,,party animal,noise,noise,stress_false_positive_trap,Repeated false-positive trap variant,0,0,0,0,noise,20,{},event.social-anchor:12; noise.hype-only:-24; noise.important-word-joke:-38; noise.vague-short:-12
stress_0390,The Big One,Large chaotic general social chat,Harper,2026-04-28T05:11:00.000Z,msg_01710,can someone tell Tyler to stop yelling,noise,noise,stress_false_positive_trap,Repeated false-positive trap variant,0,0,8,8,noise,24,"{""💀"":2,""😂"":3,""🔥"":3}",question.intent:10; noise.important-word-joke:-38
stress_0391,Rush Week Leads,Recruitment logistics chat,Zoe,2026-04-28T05:15:00.000Z,,he needs to be stopped,noise,noise,stress_false_positive_trap,Repeated false-positive trap variant,0,0,0,0,noise,20,{},noise.important-word-joke:-38
stress_0392,Formal Bus 2,Event transportation chat,Noah,2026-04-28T05:19:00.000Z,,rush hour traffic sucks,noise,noise,stress_false_positive_trap,Repeated false-positive trap variant,0,0,0,0,noise,20,{},event.social-anchor:12; noise.hype-only:-24; noise.important-word-joke:-38
stress_0393,Intramural Hoops,Sports pickup team,Sam,2026-04-28T05:23:00.000Z,,can someone tell Tyler to stop yelling,noise,noise,stress_false_positive_trap,Repeated false-positive trap variant,0,0,0,0,noise,20,{},question.intent:10; noise.important-word-joke:-38
stress_0394,House Dinner Crew,Food/social planning chat,Tessa,2026-04-28T05:27:00.000Z,,Friday was insane,noise,noise,stress_false_positive_trap,Repeated false-positive trap variant,0,0,0,0,noise,20,{},time.weekday:7; noise.hype-only:-24; noise.important-word-joke:-38
stress_0395,Weekend Festival Run,Festival/social trip chat,Mason,2026-04-28T05:31:00.000Z,,9 is crazy,noise,noise,stress_false_positive_trap,Repeated false-positive trap variant,0,0,0,0,noise,20,{},noise.important-word-joke:-38; noise.vague-short:-12
stress_0396,St. Mark Newman Center,Church/Catholic center group,Jake,2026-04-28T05:35:00.000Z,msg_02748,utilities? bro has none,noise,noise,stress_false_positive_trap,Repeated false-positive trap variant,28,28,6,34,deadline,55,"{""🔥"":2,""💀"":2,""😂"":1}",deadline.payment:18; question.intent:10
stress_0397,Pre-Med Service Crew,Pre-med volunteering group,Chris,2026-04-28T05:39:00.000Z,,tickets to the downfall,noise,noise,stress_false_positive_trap,Repeated false-positive trap variant,0,0,0,0,noise,20,{},deadline.payment:18; noise.hype-only:-24; noise.important-word-joke:-38
stress_0398,Senior Design Lab,Engineering lab/project team,Noah,2026-04-28T05:43:00.000Z,,bro said formal like he owns the place,noise,noise,stress_false_positive_trap,Repeated false-positive trap variant,0,0,0,0,noise,20,{},event.social-anchor:12; noise.important-word-joke:-38
stress_0399,Maple Hall 3,Dorm floor chat,Ava,2026-04-28T05:47:00.000Z,,need bro to retire,noise,noise,stress_false_positive_trap,Repeated false-positive trap variant,0,0,0,0,noise,20,{},noise.important-word-joke:-38
stress_0400,Bracket Weekend,Intramural tournament group,Sophia,2026-04-28T05:51:00.000Z,,canvas is my enemy,noise,noise,stress_false_positive_trap,Repeated false-positive trap variant,18,18,8,26,deadline,44,"{""💀"":1,""😂"":3,""🔥"":3}",deadline.payment:18
stress_0401,Arena Concert Run,Concert/festival group,Tessa,2026-04-28T05:55:00.000Z,,formal apology incoming,noise,noise,stress_false_positive_trap,Repeated false-positive trap variant,0,0,0,0,noise,20,"{""💀"":1}",event.social-anchor:12; noise.hype-only:-24; noise.important-word-joke:-38
stress_0402,Reservation Roulette,Restaurant/dinner reservation group,Tessa,2026-04-28T05:59:00.000Z,,massive L tomorrow,noise,noise,stress_false_positive_trap,Repeated false-positive trap variant,8,8,3,11,noise,26,"{""😂"":1,""🔥"":1,""💀"":1}",time.relative:8
stress_0403,PCB Spring Break,Spring break/trip planning group,Zoe,2026-04-28T06:03:00.000Z,,he needs to be stopped,noise,noise,stress_false_positive_trap,Repeated false-positive trap variant,0,0,0,0,noise,20,{},noise.important-word-joke:-38
stress_0404,Morning Lift Crew,Gym/workout group,Mason,2026-04-28T06:07:00.000Z,,doors at 8 to my downfall,noise,noise,stress_false_positive_trap,Repeated false-positive trap variant,26,26,0,26,noise,100,{},event.social-anchor:12; event.starts-time:28; time.explicit:12; event.concrete-time:16; domain.action-time:12; structure.concrete-details:8; noise.hype-only:-24; noise.important-word-joke:-38
stress_0405,Ava Birthday Ops,Birthday/event planning group,Ava,2026-04-28T06:11:00.000Z,,utilities? bro has none,noise,noise,stress_false_positive_trap,Repeated false-positive trap variant,28,28,3,31,deadline,55,"{""💀"":2,""🔥"":1,""😂"":4}",deadline.payment:18; question.intent:10
stress_0406,Pledge Class 28,Fraternity pledge chat,Drew,2026-04-28T06:15:00.000Z,,meeting my downfall rn,noise,noise,stress_false_positive_trap,Repeated false-positive trap variant,26,26,0,26,noise,100,{},normalization.alias:4; event.social-anchor:12; event.meeting-time:24; time.explicit:12; event.concrete-time:16; domain.action-time:12; structure.concrete-details:8; noise.hype-only:-24; noise.important-word-joke:-38
stress_0407,Kappa Event Crew,Sorority event planning chat,Sophia,2026-04-28T06:19:00.000Z,,rush hour traffic sucks,noise,noise,stress_false_positive_trap,Repeated false-positive trap variant,0,0,6,6,noise,23,"{""🔥"":2,""💀"":2,""😂"":3}",event.social-anchor:12; noise.hype-only:-24; noise.important-word-joke:-38
stress_0408,Downtown Survivors,College friend group,Chris,2026-04-28T06:23:00.000Z,,canvas is my enemy,noise,noise,stress_false_positive_trap,Repeated false-positive trap variant,18,18,0,18,noise,29,{},deadline.payment:18
stress_0409,Campus Volunteer Board,Student organization/club,Nick,2026-04-28T06:27:00.000Z,,canvas is my enemy,noise,noise,stress_false_positive_trap,Repeated false-positive trap variant,18,18,0,18,noise,29,{},deadline.payment:18
stress_0410,Club Soccer,Sports team,Logan,2026-04-28T06:31:00.000Z,,can someone tell Tyler to stop yelling,noise,noise,stress_false_positive_trap,Repeated false-positive trap variant,0,0,0,0,noise,20,{},question.intent:10; noise.important-word-joke:-38
stress_0411,Basement Set Team,DJ/promoter group,Jake,2026-04-28T06:35:00.000Z,msg_00908,this fit is formal,noise,noise,stress_false_positive_trap,Repeated false-positive trap variant,0,0,0,0,noise,20,{},event.social-anchor:12; noise.important-word-joke:-38
stress_0412,Econ 302 Project,Group project/class chat,Olivia,2026-04-28T06:39:00.000Z,,bro said formal like he owns the place,noise,noise,stress_false_positive_trap,Repeated false-positive trap variant,0,0,0,0,noise,20,"{""😂"":1}",event.social-anchor:12; noise.important-word-joke:-38
stress_0413,Lot 14 Tailgate,Tailgate/party planning chat,Bella,2026-04-28T06:43:00.000Z,msg_01306,formal apology incoming,noise,noise,stress_false_positive_trap,Repeated false-positive trap variant,0,0,0,0,noise,20,{},event.social-anchor:12; noise.hype-only:-24; noise.important-word-joke:-38
stress_0414,Apartment 4B,Apartment/roommate chat,Harper,2026-04-28T06:47:00.000Z,,kickoff to being washed,noise,noise,stress_false_positive_trap,Repeated false-positive trap variant,0,0,0,0,noise,20,{},noise.hype-only:-24; noise.important-word-joke:-38
stress_0415,The Big One,Large chaotic general social chat,Cam,2026-04-28T06:51:00.000Z,,massive L tomorrow,noise,noise,stress_false_positive_trap,Repeated false-positive trap variant,8,8,0,8,noise,24,{},time.relative:8
