id,groupName,groupType,username,createdAt,replyTo,text,expectedImportance,expectedCategory,scenarioTag,notes,baseScoreBeforeReactions,baseScore,reactionBoost,finalScore,signalCategory,signalConfidence,reactionCounts,matchedRules
msg_00210,Kappa Event Crew,Sorority event planning chat,Ethan,2026-04-18T02:28:00.000Z,,need two cars for the philanthropy event Friday,important,logistics,ride_request,Generated important Sorority event planning chat message,7,7,8,15,noise,28,"{""✅"":1,""👀"":1}",time.weekday:7
msg_00219,Kappa Event Crew,Sorority event planning chat,Cam,2026-04-18T02:55:00.000Z,,need two cars for the philanthropy event Friday,important,logistics,ride_request,Generated important Sorority event planning chat message,7,7,0,7,noise,24,{},time.weekday:7
msg_00232,Kappa Event Crew,Sorority event planning chat,Ethan,2026-04-18T03:34:00.000Z,msg_00214,need two cars for the philanthropy event Friday,important,logistics,ride_request,Generated important Sorority event planning chat message,7,7,8,15,noise,28,"{""📌"":1}",time.weekday:7
msg_00258,Kappa Event Crew,Sorority event planning chat,Chris,2026-04-18T04:51:00.000Z,,mtg moved to room 204 tn,important,announcement,room_change,Generated important Sorority event planning chat message,30,30,8,38,announcement,48,"{""👀"":1}",announcement.change:30
msg_00262,Kappa Event Crew,Sorority event planning chat,Jordan,2026-04-18T05:03:00.000Z,,need two cars for the philanthropy event Friday,important,logistics,ride_request,Generated important Sorority event planning chat message,7,7,8,15,noise,28,"{""📌"":1}",time.weekday:7
msg_00267,Kappa Event Crew,Sorority event planning chat,Sam,2026-04-18T05:20:00.000Z,,need two cars for the philanthropy event Friday,important,logistics,ride_request,Generated important Sorority event planning chat message,7,7,8,15,noise,28,"{""👀"":1}",time.weekday:7
msg_00287,Kappa Event Crew,Sorority event planning chat,Sophia,2026-04-18T06:20:00.000Z,,need two cars for the philanthropy event Friday,important,logistics,ride_request,Generated important Sorority event planning chat message,7,7,8,15,noise,28,"{""👀"":1,""📌"":1}",time.weekday:7
msg_00311,Kappa Event Crew,Sorority event planning chat,Chris,2026-04-18T07:31:00.000Z,msg_00235,need two cars for the philanthropy event Friday,important,logistics,ride_request,Generated important Sorority event planning chat message,7,7,0,7,noise,24,{},time.weekday:7
msg_00334,Kappa Event Crew,Sorority event planning chat,Drew,2026-04-18T08:41:00.000Z,,need two cars for the philanthropy event Friday,important,logistics,ride_request,Generated important Sorority event planning chat message,7,7,8,15,noise,28,"{""✅"":1,""📌"":1}",time.weekday:7
msg_00355,Kappa Event Crew,Sorority event planning chat,Sam,2026-04-18T09:42:00.000Z,,need two cars for the philanthropy event Friday,important,logistics,ride_request,Generated important Sorority event planning chat message,7,7,8,15,noise,28,"{""✅"":1}",time.weekday:7
msg_00376,Downtown Survivors,College friend group,Marcus,2026-04-18T10:45:00.000Z,,who can drive Friday,important,logistics,ride_question,Generated important College friend group message,49,49,0,49,logistics,78,{},logistics.transport:20; time.weekday:7; question.intent:10; logistics.transport-question:12
msg_00390,Downtown Survivors,College friend group,Nick,2026-04-18T11:28:00.000Z,,reservation is at 8:30,important,event,event_time,Generated important College friend group message,12,12,8,20,noise,30,"{""✅"":1}",time.explicit:12
msg_00391,Downtown Survivors,College friend group,Bella,2026-04-18T11:31:00.000Z,,we are leaving for downtown at 10,important,event,departure,Generated important College friend group message,48,48,12,60,event,98,"{""✅"":1}",event.social-anchor:12; time.explicit:12; event.concrete-time:16; structure.concrete-details:8
msg_00396,Downtown Survivors,College friend group,Sophia,2026-04-18T11:47:00.000Z,,who can drive Friday,important,logistics,ride_question,Generated important College friend group message,49,49,0,49,logistics,78,{},logistics.transport:20; time.weekday:7; question.intent:10; logistics.transport-question:12
msg_00400,Downtown Survivors,College friend group,Mia,2026-04-18T11:58:00.000Z,,reservation is at 8:30,important,event,event_time,Generated important College friend group message,12,12,8,20,noise,30,"{""👀"":1}",time.explicit:12
msg_00406,Downtown Survivors,College friend group,Marcus,2026-04-18T12:17:00.000Z,,we are leaving for downtown at 10,important,event,departure,Generated important College friend group message,48,48,0,48,event,98,{},event.social-anchor:12; time.explicit:12; event.concrete-time:16; structure.concrete-details:8
msg_00407,Downtown Survivors,College friend group,Nick,2026-04-18T12:20:00.000Z,,who can drive Friday,important,logistics,ride_question,Generated important College friend group message,49,49,0,49,logistics,78,{},logistics.transport:20; time.weekday:7; question.intent:10; logistics.transport-question:12
msg_00420,Downtown Survivors,College friend group,Ethan,2026-04-18T12:58:00.000Z,msg_00376,reservation is at 8:30,important,event,event_time,Generated important College friend group message,12,12,8,20,noise,30,"{""📌"":1}",time.explicit:12
msg_00431,Downtown Survivors,College friend group,Cam,2026-04-18T13:32:00.000Z,,who can drive Friday,important,logistics,ride_question,Generated important College friend group message,49,49,8,57,logistics,78,"{""👀"":1}",logistics.transport:20; time.weekday:7; question.intent:10; logistics.transport-question:12
msg_00438,Downtown Survivors,College friend group,Olivia,2026-04-18T13:52:00.000Z,,reservation is at 8:30,important,event,event_time,Generated important College friend group message,12,12,8,20,noise,30,"{""👀"":1}",time.explicit:12
msg_00439,Downtown Survivors,College friend group,Mia,2026-04-18T13:54:00.000Z,,who can drive Friday,important,logistics,ride_question,Generated important College friend group message,49,49,0,49,logistics,78,{},logistics.transport:20; time.weekday:7; question.intent:10; logistics.transport-question:12
msg_00443,Downtown Survivors,College friend group,Ethan,2026-04-18T14:08:00.000Z,,who can drive Friday,important,logistics,ride_question,Generated important College friend group message,49,49,12,61,logistics,78,"{""✅"":1}",logistics.transport:20; time.weekday:7; question.intent:10; logistics.transport-question:12
msg_00447,Downtown Survivors,College friend group,Ava,2026-04-18T14:20:00.000Z,,reservation is at 8:30,important,event,event_time,Generated important College friend group message,12,12,8,20,noise,30,"{""✅"":1,""👀"":1}",time.explicit:12
msg_00457,Downtown Survivors,College friend group,Ethan,2026-04-18T14:50:00.000Z,,reservation is at 8:30,important,event,event_time,Generated important College friend group message,12,12,8,20,noise,30,"{""✅"":1}",time.explicit:12
msg_00461,Downtown Survivors,College friend group,Cam,2026-04-18T15:00:00.000Z,,reservation is at 8:30,important,event,event_time,Generated important College friend group message,12,12,8,20,noise,30,"{""📌"":1}",time.explicit:12
msg_00476,Downtown Survivors,College friend group,Mia,2026-04-18T15:47:00.000Z,msg_00469,reservation is at 8:30,important,event,event_time,Generated important College friend group message,12,12,8,20,noise,30,"{""✅"":1}",time.explicit:12
msg_00477,Downtown Survivors,College friend group,Ava,2026-04-18T15:48:00.000Z,,reservation is at 8:30,important,event,event_time,Generated important College friend group message,12,12,8,20,noise,30,"{""👀"":1}",time.explicit:12
msg_00479,Downtown Survivors,College friend group,Olivia,2026-04-18T15:56:00.000Z,,reservation is at 8:30,important,event,event_time,Generated important College friend group message,12,12,8,20,noise,30,"{""✅"":1,""👀"":1}",time.explicit:12
msg_00495,Downtown Survivors,College friend group,Ava,2026-04-18T16:44:00.000Z,,reservation is at 8:30,important,event,event_time,Generated important College friend group message,12,12,8,20,noise,30,"{""👀"":1}",time.explicit:12
msg_00504,Downtown Survivors,College friend group,Sam,2026-04-18T17:11:00.000Z,,we are leaving for downtown at 10,important,event,departure,Generated important College friend group message,48,48,8,56,event,98,"{""👀"":1}",event.social-anchor:12; time.explicit:12; event.concrete-time:16; structure.concrete-details:8
msg_00510,Downtown Survivors,College friend group,Nick,2026-04-18T17:27:00.000Z,,reservation is at 8:30,important,event,event_time,Generated important College friend group message,12,12,0,12,noise,26,{},time.explicit:12
msg_00512,Downtown Survivors,College friend group,Bella,2026-04-18T17:33:00.000Z,msg_00365,who can drive Friday,important,logistics,ride_question,Generated important College friend group message,49,49,12,61,logistics,78,"{""✅"":1}",logistics.transport:20; time.weekday:7; question.intent:10; logistics.transport-question:12
msg_00513,Downtown Survivors,College friend group,Ethan,2026-04-18T17:37:00.000Z,,reservation is at 8:30,important,event,event_time,Generated important College friend group message,12,12,0,12,noise,26,{},time.explicit:12
msg_00520,Downtown Survivors,College friend group,Riley,2026-04-18T17:57:00.000Z,,we are leaving for downtown at 10,important,event,departure,Generated important College friend group message,48,48,12,60,event,98,"{""✅"":1}",event.social-anchor:12; time.explicit:12; event.concrete-time:16; structure.concrete-details:8
msg_00521,Downtown Survivors,College friend group,Mia,2026-04-18T18:02:00.000Z,msg_00363,reservation is at 8:30,important,event,event_time,Generated important College friend group message,12,12,8,20,noise,30,"{""✅"":1,""👀"":1,""📌"":1}",time.explicit:12
msg_00523,Downtown Survivors,College friend group,Logan,2026-04-18T18:06:00.000Z,,we are leaving for downtown at 10,important,event,departure,Generated important College friend group message,48,48,8,56,event,98,"{""👀"":1}",event.social-anchor:12; time.explicit:12; event.concrete-time:16; structure.concrete-details:8
msg_00534,Downtown Survivors,College friend group,Sophia,2026-04-18T18:39:00.000Z,,reservation is at 8:30,important,event,event_time,Generated important College friend group message,12,12,8,20,noise,30,"{""✅"":1,""👀"":1}",time.explicit:12
msg_00535,Downtown Survivors,College friend group,Ethan,2026-04-18T18:44:00.000Z,,reservation is at 8:30,important,event,event_time,Generated important College friend group message,12,12,8,20,noise,30,"{""📌"":1}",time.explicit:12
msg_00537,Downtown Survivors,College friend group,Mia,2026-04-18T18:50:00.000Z,msg_00369,reservation is at 8:30,important,event,event_time,Generated important College friend group message,12,12,8,20,noise,30,"{""✅"":1}",time.explicit:12
msg_00540,Downtown Survivors,College friend group,Sophia,2026-04-18T18:57:00.000Z,,we are leaving for downtown at 10,important,event,departure,Generated important College friend group message,48,48,12,60,event,98,"{""✅"":1}",event.social-anchor:12; time.explicit:12; event.concrete-time:16; structure.concrete-details:8
msg_00541,Campus Volunteer Board,Student organization/club,Mia,2026-04-18T19:00:00.000Z,,meeting moved to the library room 310,important,announcement,room_change,Generated important Student organization/club message,42,42,12,54,announcement,60,"{""✅"":1}",event.social-anchor:12; announcement.change:30
msg_00554,Campus Volunteer Board,Student organization/club,Bella,2026-04-18T19:41:00.000Z,,meeting moved to the library room 310,important,announcement,room_change,Generated important Student organization/club message,42,42,8,50,announcement,60,"{""👀"":1}",event.social-anchor:12; announcement.change:30
msg_00557,Campus Volunteer Board,Student organization/club,Cam,2026-04-18T19:48:00.000Z,,need 4 people for check in at noon,important,request,volunteer,Generated important Student organization/club message,50,50,12,62,request,81,"{""✅"":1}",request.concrete-need:28; time.explicit:12; request.help-needed:10
msg_00559,Campus Volunteer Board,Student organization/club,Bella,2026-04-18T19:55:00.000Z,,meeting moved to the library room 310,important,announcement,room_change,Generated important Student organization/club message,42,42,18,60,announcement,60,"{""📌"":1}",event.social-anchor:12; announcement.change:30
msg_00568,Campus Volunteer Board,Student organization/club,Noah,2026-04-18T20:22:00.000Z,,need 4 people for check in at noon,important,request,volunteer,Generated important Student organization/club message,50,50,12,62,request,81,"{""✅"":1}",request.concrete-need:28; time.explicit:12; request.help-needed:10
msg_00570,Campus Volunteer Board,Student organization/club,Olivia,2026-04-18T20:29:00.000Z,,meeting moved to the library room 310,important,announcement,room_change,Generated important Student organization/club message,42,42,12,54,announcement,60,"{""✅"":1}",event.social-anchor:12; announcement.change:30
msg_00573,Campus Volunteer Board,Student organization/club,Maya,2026-04-18T20:37:00.000Z,,meeting moved to the library room 310,important,announcement,room_change,Generated important Student organization/club message,42,42,18,60,announcement,60,"{""✅"":1,""📌"":1}",event.social-anchor:12; announcement.change:30
msg_00585,Campus Volunteer Board,Student organization/club,Maya,2026-04-18T21:12:00.000Z,,event starts at 7 in the union,important,event,event_time,Generated important Student organization/club message,40,40,8,48,event,59,"{""👀"":1}",event.starts-time:28; time.explicit:12
msg_00608,Campus Volunteer Board,Student organization/club,Noah,2026-04-18T22:21:00.000Z,,meeting moved to the library room 310,important,announcement,room_change,Generated important Student organization/club message,42,42,18,60,announcement,60,"{""✅"":1,""👀"":1}",event.social-anchor:12; announcement.change:30
msg_00612,Campus Volunteer Board,Student organization/club,Nick,2026-04-18T22:34:00.000Z,msg_00610,need 4 people for check in at noon,important,request,volunteer,Generated important Student organization/club message,50,50,8,58,request,81,"{""❓"":1}",request.concrete-need:28; time.explicit:12; request.help-needed:10
msg_00632,Campus Volunteer Board,Student organization/club,Sophia,2026-04-18T23:35:00.000Z,,meeting moved to the library room 310,important,announcement,room_change,Generated important Student organization/club message,42,42,8,50,announcement,60,"{""👀"":1}",event.social-anchor:12; announcement.change:30
msg_00643,Campus Volunteer Board,Student organization/club,Grace,2026-04-19T00:08:00.000Z,,event starts at 7 in the union,important,event,event_time,Generated important Student organization/club message,40,40,18,58,event,59,"{""✅"":1,""👀"":1}",event.starts-time:28; time.explicit:12
msg_00646,Campus Volunteer Board,Student organization/club,Bella,2026-04-19T00:17:00.000Z,,event starts at 7 in the union,important,event,event_time,Generated important Student organization/club message,40,40,18,58,event,59,"{""📌"":1}",event.starts-time:28; time.explicit:12
msg_00653,Campus Volunteer Board,Student organization/club,Grace,2026-04-19T00:36:00.000Z,,need 4 people for check in at noon,important,request,volunteer,Generated important Student organization/club message,50,50,8,58,request,81,"{""👀"":1}",request.concrete-need:28; time.explicit:12; request.help-needed:10
msg_00659,Campus Volunteer Board,Student organization/club,Nick,2026-04-19T00:56:00.000Z,,meeting moved to the library room 310,important,announcement,room_change,Generated important Student organization/club message,42,42,8,50,announcement,60,"{""👀"":1}",event.social-anchor:12; announcement.change:30
msg_00677,Campus Volunteer Board,Student organization/club,Logan,2026-04-19T01:48:00.000Z,,need 4 people for check in at noon,important,request,volunteer,Generated important Student organization/club message,50,50,8,58,request,81,"{""👀"":1}",request.concrete-need:28; time.explicit:12; request.help-needed:10
msg_00680,Campus Volunteer Board,Student organization/club,Sophia,2026-04-19T01:57:00.000Z,,meeting moved to the library room 310,important,announcement,room_change,Generated important Student organization/club message,42,42,0,42,announcement,60,{},event.social-anchor:12; announcement.change:30
msg_00684,Campus Volunteer Board,Student organization/club,Cam,2026-04-19T02:09:00.000Z,,need 4 people for check in at noon,important,request,volunteer,Generated important Student organization/club message,50,50,0,50,request,81,{},request.concrete-need:28; time.explicit:12; request.help-needed:10
msg_00691,Campus Volunteer Board,Student organization/club,Drew,2026-04-19T02:31:00.000Z,,meeting moved to the library room 310,important,announcement,room_change,Generated important Student organization/club message,42,42,12,54,announcement,60,"{""✅"":1}",event.social-anchor:12; announcement.change:30
msg_00703,Campus Volunteer Board,Student organization/club,Nick,2026-04-19T03:06:00.000Z,,need 4 people for check in at noon,important,request,volunteer,Generated important Student organization/club message,50,50,0,50,request,81,{},request.concrete-need:28; time.explicit:12; request.help-needed:10
msg_00705,Campus Volunteer Board,Student organization/club,Mia,2026-04-19T03:14:00.000Z,msg_00583,event starts at 7 in the union,important,event,event_time,Generated important Student organization/club message,40,40,18,58,event,59,"{""✅"":1,""📌"":1}",event.starts-time:28; time.explicit:12
msg_00707,Campus Volunteer Board,Student organization/club,Mia,2026-04-19T03:18:00.000Z,,event starts at 7 in the union,important,event,event_time,Generated important Student organization/club message,40,40,12,52,event,59,"{""✅"":1}",event.starts-time:28; time.explicit:12
msg_00710,Campus Volunteer Board,Student organization/club,Marcus,2026-04-19T03:29:00.000Z,,event starts at 7 in the union,important,event,event_time,Generated important Student organization/club message,40,40,12,52,event,59,"{""✅"":1}",event.starts-time:28; time.explicit:12
msg_00712,Campus Volunteer Board,Student organization/club,Cam,2026-04-19T03:35:00.000Z,,meeting moved to the library room 310,important,announcement,room_change,Generated important Student organization/club message,42,42,8,50,announcement,60,"{""👀"":1}",event.social-anchor:12; announcement.change:30
msg_00718,Campus Volunteer Board,Student organization/club,Nick,2026-04-19T03:51:00.000Z,msg_00612,event starts at 7 in the union,important,event,event_time,Generated important Student organization/club message,40,40,12,52,event,59,"{""✅"":1}",event.starts-time:28; time.explicit:12
msg_00724,Club Soccer,Sports team,Jordan,2026-04-19T04:11:00.000Z,,bring both jerseys tomorrow,important,logistics,equipment,Generated important Sports team message,8,8,8,16,noise,28,"{""📌"":1}",time.relative:8
msg_00737,Club Soccer,Sports team,Drew,2026-04-19T04:48:00.000Z,,practice moved indoors tn,important,announcement,practice_change,Generated important Sports team message,30,30,8,38,announcement,48,"{""👀"":1}",announcement.change:30
msg_00743,Club Soccer,Sports team,Drew,2026-04-19T05:08:00.000Z,,bring both jerseys tomorrow,important,logistics,equipment,Generated important Sports team message,8,8,8,16,noise,28,"{""👀"":1,""📌"":1}",time.relative:8
msg_00744,Club Soccer,Sports team,Maya,2026-04-19T05:11:00.000Z,,bring both jerseys tomorrow,important,logistics,equipment,Generated important Sports team message,8,8,0,8,noise,24,{},time.relative:8
msg_00748,Club Soccer,Sports team,Mia,2026-04-19T05:22:00.000Z,msg_00723,bring both jerseys tomorrow,important,logistics,equipment,Generated important Sports team message,8,8,8,16,noise,28,"{""📌"":1}",time.relative:8
msg_00753,Club Soccer,Sports team,Jordan,2026-04-19T05:38:00.000Z,,bring both jerseys tomorrow,important,logistics,equipment,Generated important Sports team message,8,8,0,8,noise,24,{},time.relative:8
msg_00754,Club Soccer,Sports team,Mia,2026-04-19T05:40:00.000Z,,bring both jerseys tmr,important,logistics,equipment,Generated important Sports team message,0,0,8,8,noise,24,"{""📌"":1}",
msg_00771,Club Soccer,Sports team,Olivia,2026-04-19T06:32:00.000Z,,bring both jerseys tmr,important,logistics,equipment,Generated important Sports team message,0,0,8,8,noise,24,"{""👀"":1}",
msg_00774,Club Soccer,Sports team,Bella,2026-04-19T06:41:00.000Z,msg_00749,bring both jerseys tomorrow,important,logistics,equipment,Generated important Sports team message,8,8,8,16,noise,28,"{""✅"":1}",time.relative:8
msg_00805,Club Soccer,Sports team,Nick,2026-04-19T08:14:00.000Z,,practice moved indoors tonight,important,announcement,practice_change,Generated important Sports team message,52,52,0,52,announcement,81,{},announcement.change:30; time.relative:8; announcement.date-context:14
msg_00827,Club Soccer,Sports team,Logan,2026-04-19T09:18:00.000Z,,bring both jerseys tomorrow,important,logistics,equipment,Generated important Sports team message,8,8,8,16,noise,28,"{""📌"":1}",time.relative:8
msg_00854,Club Soccer,Sports team,Mia,2026-04-19T10:39:00.000Z,,bring both jerseys tmr,important,logistics,equipment,Generated important Sports team message,0,0,8,8,noise,24,"{""👀"":1}",
msg_00867,Club Soccer,Sports team,Olivia,2026-04-19T11:18:00.000Z,msg_00838,practice moved indoors tn,important,announcement,practice_change,Generated important Sports team message,30,30,0,30,announcement,48,{},announcement.change:30
msg_00877,Club Soccer,Sports team,Bella,2026-04-19T11:49:00.000Z,,practice moved indoors tonight,important,announcement,practice_change,Generated important Sports team message,52,52,8,60,announcement,81,"{""👀"":1}",announcement.change:30; time.relative:8; announcement.date-context:14
msg_00890,Club Soccer,Sports team,Jake,2026-04-19T12:28:00.000Z,,practice moved indoors tonight,important,announcement,practice_change,Generated important Sports team message,52,52,8,60,announcement,81,"{""👀"":1}",announcement.change:30; time.relative:8; announcement.date-context:14
msg_00896,Club Soccer,Sports team,Bella,2026-04-19T12:45:00.000Z,,bring both jerseys tmr,important,logistics,equipment,Generated important Sports team message,0,0,8,8,noise,24,"{""✅"":1}",
msg_00898,Club Soccer,Sports team,Nick,2026-04-19T12:51:00.000Z,,bring both jerseys tomorrow,important,logistics,equipment,Generated important Sports team message,8,8,0,8,noise,24,{},time.relative:8
msg_00904,Basement Set Team,DJ/promoter group,Sam,2026-04-19T13:09:00.000Z,,"soundcheck at 5, doors at 8",important,event,set_time,Generated important DJ/promoter group message,40,40,0,40,event,59,{},event.starts-time:28; time.explicit:12
msg_00907,Basement Set Team,DJ/promoter group,Mia,2026-04-19T13:20:00.000Z,,need someone to bring the controller,important,request,gear,Generated important DJ/promoter group message,10,10,8,18,noise,29,"{""👀"":1,""📌"":1}",request.help-needed:10
msg_00910,Basement Set Team,DJ/promoter group,Nick,2026-04-19T13:27:00.000Z,,set time moved to 11:30,important,announcement,time_change,Generated important DJ/promoter group message,30,30,12,42,announcement,48,"{""✅"":1}",announcement.change:30
msg_00912,Basement Set Team,DJ/promoter group,Noah,2026-04-19T13:35:00.000Z,,set time moved to 11:30,important,announcement,time_change,Generated important DJ/promoter group message,30,30,8,38,announcement,48,"{""👀"":1}",announcement.change:30
msg_00921,Basement Set Team,DJ/promoter group,Mia,2026-04-19T14:01:00.000Z,,need someone to bring the controller,important,request,gear,Generated important DJ/promoter group message,10,10,0,10,noise,25,{},request.help-needed:10
msg_00922,Basement Set Team,DJ/promoter group,Grace,2026-04-19T14:05:00.000Z,,promo post has to be up by noon,important,deadline,promo_deadline,Generated important DJ/promoter group message,12,12,8,20,noise,30,"{""👀"":1}",time.explicit:12
msg_00924,Basement Set Team,DJ/promoter group,Olivia,2026-04-19T14:11:00.000Z,,promo post has to be up by noon,important,deadline,promo_deadline,Generated important DJ/promoter group message,12,12,8,20,noise,30,"{""👀"":1}",time.explicit:12
msg_00928,Basement Set Team,DJ/promoter group,Marcus,2026-04-19T14:22:00.000Z,,promo post has to be up by noon,important,deadline,promo_deadline,Generated important DJ/promoter group message,12,12,0,12,noise,26,{},time.explicit:12
msg_00929,Basement Set Team,DJ/promoter group,Sam,2026-04-19T14:25:00.000Z,,"soundcheck at 5, doors at 8",important,event,set_time,Generated important DJ/promoter group message,40,40,0,40,event,59,{},event.starts-time:28; time.explicit:12
msg_00938,Basement Set Team,DJ/promoter group,Logan,2026-04-19T14:51:00.000Z,msg_00927,promo post has to be up by noon,important,deadline,promo_deadline,Generated important DJ/promoter group message,12,12,0,12,noise,26,{},time.explicit:12
msg_00948,Basement Set Team,DJ/promoter group,Jordan,2026-04-19T15:22:00.000Z,msg_00915,"soundcheck at 5, doors at 8",important,event,set_time,Generated important DJ/promoter group message,40,40,18,58,event,59,"{""✅"":1,""👀"":1}",event.starts-time:28; time.explicit:12
msg_00952,Basement Set Team,DJ/promoter group,Noah,2026-04-19T15:35:00.000Z,,need someone to bring the controller,important,request,gear,Generated important DJ/promoter group message,10,10,8,18,noise,29,"{""✅"":1}",request.help-needed:10
msg_00956,Basement Set Team,DJ/promoter group,Grace,2026-04-19T15:47:00.000Z,,"soundcheck at 5, doors at 8",important,event,set_time,Generated important DJ/promoter group message,40,40,12,52,event,59,"{""✅"":1}",event.starts-time:28; time.explicit:12
msg_00962,Basement Set Team,DJ/promoter group,Olivia,2026-04-19T16:04:00.000Z,,promo post has to be up by noon,important,deadline,promo_deadline,Generated important DJ/promoter group message,12,12,8,20,noise,30,"{""👀"":1}",time.explicit:12
msg_00964,Basement Set Team,DJ/promoter group,Riley,2026-04-19T16:10:00.000Z,,set time moved to 11:30,important,announcement,time_change,Generated important DJ/promoter group message,30,30,18,48,announcement,48,"{""✅"":1,""👀"":1}",announcement.change:30
msg_00965,Basement Set Team,DJ/promoter group,Sam,2026-04-19T16:13:00.000Z,,"soundcheck at 5, doors at 8",important,event,set_time,Generated important DJ/promoter group message,40,40,0,40,event,59,{},event.starts-time:28; time.explicit:12
msg_00968,Basement Set Team,DJ/promoter group,Logan,2026-04-19T16:23:00.000Z,,promo post has to be up by noon,important,deadline,promo_deadline,Generated important DJ/promoter group message,12,12,8,20,noise,30,"{""👀"":1}",time.explicit:12
msg_00974,Basement Set Team,DJ/promoter group,Maya,2026-04-19T16:39:00.000Z,,need someone to bring the controller,important,request,gear,Generated important DJ/promoter group message,10,10,8,18,noise,29,"{""✅"":1,""👀"":1,""❓"":1}",request.help-needed:10
msg_00975,Basement Set Team,DJ/promoter group,Cam,2026-04-19T16:43:00.000Z,msg_00939,"soundcheck at 5, doors at 8",important,event,set_time,Generated important DJ/promoter group message,40,40,18,58,event,59,"{""📌"":1}",event.starts-time:28; time.explicit:12
msg_00977,Basement Set Team,DJ/promoter group,Ethan,2026-04-19T16:49:00.000Z,,promo post has to be up by noon,important,deadline,promo_deadline,Generated important DJ/promoter group message,12,12,8,20,noise,30,"{""👀"":1}",time.explicit:12
msg_00981,Basement Set Team,DJ/promoter group,Cam,2026-04-19T17:02:00.000Z,,need someone to bring the controller,important,request,gear,Generated important DJ/promoter group message,10,10,8,18,noise,29,"{""✅"":1}",request.help-needed:10
msg_00983,Basement Set Team,DJ/promoter group,Mia,2026-04-19T17:07:00.000Z,,need someone to bring the controller,important,request,gear,Generated important DJ/promoter group message,10,10,8,18,noise,29,"{""✅"":1}",request.help-needed:10
msg_01001,Basement Set Team,DJ/promoter group,Noah,2026-04-19T18:01:00.000Z,,promo post has to be up by noon,important,deadline,promo_deadline,Generated important DJ/promoter group message,12,12,8,20,noise,30,"{""✅"":1}",time.explicit:12
msg_01004,Basement Set Team,DJ/promoter group,Sam,2026-04-19T18:10:00.000Z,,"soundcheck at 5, doors at 8",important,event,set_time,Generated important DJ/promoter group message,40,40,8,48,event,59,"{""👀"":1}",event.starts-time:28; time.explicit:12
msg_01009,Basement Set Team,DJ/promoter group,Marcus,2026-04-19T18:24:00.000Z,,"soundcheck at 5, doors at 8",important,event,set_time,Generated important DJ/promoter group message,40,40,18,58,event,59,"{""✅"":1,""👀"":1,""📌"":1}",event.starts-time:28; time.explicit:12
msg_01011,Basement Set Team,DJ/promoter group,Mia,2026-04-19T18:31:00.000Z,,promo post has to be up by noon,important,deadline,promo_deadline,Generated important DJ/promoter group message,12,12,8,20,noise,30,"{""👀"":1}",time.explicit:12
msg_01017,Basement Set Team,DJ/promoter group,Sam,2026-04-19T18:49:00.000Z,,set time moved to 11:30,important,announcement,time_change,Generated important DJ/promoter group message,30,30,0,30,announcement,48,{},announcement.change:30
msg_01018,Basement Set Team,DJ/promoter group,Olivia,2026-04-19T18:51:00.000Z,,set time moved to 11:30,important,announcement,time_change,Generated important DJ/promoter group message,30,30,12,42,announcement,48,"{""✅"":1}",announcement.change:30
msg_01021,Basement Set Team,DJ/promoter group,Riley,2026-04-19T19:00:00.000Z,,need someone to bring the controller,important,request,gear,Generated important DJ/promoter group message,10,10,0,10,noise,25,{},request.help-needed:10
msg_01023,Basement Set Team,DJ/promoter group,Jordan,2026-04-19T19:07:00.000Z,,set time moved to 11:30,important,announcement,time_change,Generated important DJ/promoter group message,30,30,18,48,announcement,48,"{""📌"":1}",announcement.change:30
msg_01028,Basement Set Team,DJ/promoter group,Sam,2026-04-19T19:23:00.000Z,,"soundcheck at 5, doors at 8",important,event,set_time,Generated important DJ/promoter group message,40,40,18,58,event,59,"{""📌"":1}",event.starts-time:28; time.explicit:12
msg_01030,Basement Set Team,DJ/promoter group,Ethan,2026-04-19T19:29:00.000Z,,"soundcheck at 5, doors at 8",important,event,set_time,Generated important DJ/promoter group message,40,40,0,40,event,59,{},event.starts-time:28; time.explicit:12
msg_01036,Basement Set Team,DJ/promoter group,Bella,2026-04-19T19:45:00.000Z,,promo post has to be up by noon,important,deadline,promo_deadline,Generated important DJ/promoter group message,12,12,8,20,noise,30,"{""📌"":1}",time.explicit:12
msg_01043,Basement Set Team,DJ/promoter group,Nick,2026-04-19T20:06:00.000Z,msg_00940,promo post has to be up by noon,important,deadline,promo_deadline,Generated important DJ/promoter group message,12,12,8,20,noise,30,"{""✅"":1,""👀"":1}",time.explicit:12
msg_01044,Basement Set Team,DJ/promoter group,Cam,2026-04-19T20:10:00.000Z,msg_00974,"soundcheck at 5, doors at 8",important,event,set_time,Generated important DJ/promoter group message,40,40,18,58,event,59,"{""👀"":1,""📌"":1}",event.starts-time:28; time.explicit:12
msg_01050,Basement Set Team,DJ/promoter group,Olivia,2026-04-19T20:27:00.000Z,,"soundcheck at 5, doors at 8",important,event,set_time,Generated important DJ/promoter group message,40,40,0,40,event,59,{},event.starts-time:28; time.explicit:12
msg_01051,Basement Set Team,DJ/promoter group,Bella,2026-04-19T20:31:00.000Z,,"soundcheck at 5, doors at 8",important,event,set_time,Generated important DJ/promoter group message,40,40,12,52,event,59,"{""✅"":1}",event.starts-time:28; time.explicit:12
msg_01058,Basement Set Team,DJ/promoter group,Sam,2026-04-19T20:52:00.000Z,,"soundcheck at 5, doors at 8",important,event,set_time,Generated important DJ/promoter group message,40,40,0,40,event,59,{},event.starts-time:28; time.explicit:12
msg_01059,Basement Set Team,DJ/promoter group,Marcus,2026-04-19T20:55:00.000Z,,promo post has to be up by noon,important,deadline,promo_deadline,Generated important DJ/promoter group message,12,12,8,20,noise,30,"{""👀"":1}",time.explicit:12
msg_01060,Basement Set Team,DJ/promoter group,Bella,2026-04-19T20:57:00.000Z,,"soundcheck at 5, doors at 8",important,event,set_time,Generated important DJ/promoter group message,40,40,8,48,event,59,"{""👀"":1}",event.starts-time:28; time.explicit:12
msg_01061,Basement Set Team,DJ/promoter group,Maya,2026-04-19T21:00:00.000Z,,set time moved to 11:30,important,announcement,time_change,Generated important DJ/promoter group message,30,30,12,42,announcement,48,"{""✅"":1}",announcement.change:30
msg_01062,Basement Set Team,DJ/promoter group,Olivia,2026-04-19T21:05:00.000Z,,need someone to bring the controller,important,request,gear,Generated important DJ/promoter group message,10,10,8,18,noise,29,"{""✅"":1,""📌"":1}",request.help-needed:10
msg_01067,Basement Set Team,DJ/promoter group,Drew,2026-04-19T21:20:00.000Z,,need someone to bring the controller,important,request,gear,Generated important DJ/promoter group message,10,10,8,18,noise,29,"{""👀"":1,""❓"":1}",request.help-needed:10
msg_01070,Basement Set Team,DJ/promoter group,Jake,2026-04-19T21:29:00.000Z,,"soundcheck at 5, doors at 8",important,event,set_time,Generated important DJ/promoter group message,40,40,12,52,event,59,"{""✅"":1}",event.starts-time:28; time.explicit:12
msg_01073,Basement Set Team,DJ/promoter group,Jordan,2026-04-19T21:37:00.000Z,msg_01029,need someone to bring the controller,important,request,gear,Generated important DJ/promoter group message,10,10,0,10,noise,25,{},request.help-needed:10
msg_01074,Basement Set Team,DJ/promoter group,Cam,2026-04-19T21:41:00.000Z,,set time moved to 11:30,important,announcement,time_change,Generated important DJ/promoter group message,30,30,8,38,announcement,48,"{""👀"":1}",announcement.change:30
msg_01079,Basement Set Team,DJ/promoter group,Marcus,2026-04-19T21:55:00.000Z,,promo post has to be up by noon,important,deadline,promo_deadline,Generated important DJ/promoter group message,12,12,8,20,noise,30,"{""📌"":1}",time.explicit:12
msg_01085,Econ 302 Project,Group project/class chat,Grace,2026-04-19T22:12:00.000Z,,can someone finish the slides by Sunday,important,request,deliverable,Generated important Group project/class chat message,49,49,8,57,deadline,70,"{""❓"":1}",deadline.explicit:32; time.weekday:7; question.intent:10
msg_01086,Econ 302 Project,Group project/class chat,Noah,2026-04-19T22:17:00.000Z,,meet in the library at 7,important,event,meeting_time,Generated important Group project/class chat message,12,12,8,20,noise,30,"{""✅"":1}",time.explicit:12
msg_01095,Econ 302 Project,Group project/class chat,Ethan,2026-04-19T22:42:00.000Z,,can someone finish the slides by Sunday,important,request,deliverable,Generated important Group project/class chat message,49,49,12,61,deadline,70,"{""✅"":1}",deadline.explicit:32; time.weekday:7; question.intent:10
msg_01099,Econ 302 Project,Group project/class chat,Harper,2026-04-19T22:55:00.000Z,,presentation moved to Thursday,important,announcement,date_change,Generated important Group project/class chat message,51,51,8,59,announcement,81,"{""👀"":1}",announcement.change:30; time.weekday:7; announcement.date-context:14
msg_01101,Econ 302 Project,Group project/class chat,Nick,2026-04-19T23:01:00.000Z,,submit the final doc by midnight,important,deadline,deliverable,Generated important Group project/class chat message,56,56,8,64,deadline,100,"{""👀"":1}",deadline.payment:18; time.explicit:12; deadline.date-context:18; structure.concrete-details:8
msg_01108,Econ 302 Project,Group project/class chat,Riley,2026-04-19T23:22:00.000Z,,submit the final doc by midnight,important,deadline,deliverable,Generated important Group project/class chat message,56,56,8,64,deadline,100,"{""👀"":1}",deadline.payment:18; time.explicit:12; deadline.date-context:18; structure.concrete-details:8
msg_01116,Econ 302 Project,Group project/class chat,Harper,2026-04-19T23:47:00.000Z,,submit the final doc by midnight,important,deadline,deliverable,Generated important Group project/class chat message,56,56,8,64,deadline,100,"{""👀"":1}",deadline.payment:18; time.explicit:12; deadline.date-context:18; structure.concrete-details:8
msg_01117,Econ 302 Project,Group project/class chat,Grace,2026-04-19T23:49:00.000Z,,presentation moved to Thursday,important,announcement,date_change,Generated important Group project/class chat message,51,51,12,63,announcement,81,"{""✅"":1}",announcement.change:30; time.weekday:7; announcement.date-context:14
msg_01122,Econ 302 Project,Group project/class chat,Harper,2026-04-20T00:03:00.000Z,,submit the final doc by midnight,important,deadline,deliverable,Generated important Group project/class chat message,56,56,8,64,deadline,100,"{""👀"":1}",deadline.payment:18; time.explicit:12; deadline.date-context:18; structure.concrete-details:8
msg_01123,Econ 302 Project,Group project/class chat,Ethan,2026-04-20T00:08:00.000Z,msg_01115,presentation moved to Thursday,important,announcement,date_change,Generated important Group project/class chat message,51,51,8,59,announcement,81,"{""👀"":1}",announcement.change:30; time.weekday:7; announcement.date-context:14
msg_01124,Econ 302 Project,Group project/class chat,Olivia,2026-04-20T00:10:00.000Z,,meet in the library at 7,important,event,meeting_time,Generated important Group project/class chat message,12,12,8,20,noise,30,"{""👀"":1}",time.explicit:12
msg_01127,Econ 302 Project,Group project/class chat,Mia,2026-04-20T00:20:00.000Z,msg_01102,submit the final doc by midnight,important,deadline,deliverable,Generated important Group project/class chat message,56,56,8,64,deadline,100,"{""👀"":1}",deadline.payment:18; time.explicit:12; deadline.date-context:18; structure.concrete-details:8
msg_01146,Econ 302 Project,Group project/class chat,Cam,2026-04-20T01:15:00.000Z,msg_01114,submit the final doc by midnight,important,deadline,deliverable,Generated important Group project/class chat message,56,56,8,64,deadline,100,"{""👀"":1}",deadline.payment:18; time.explicit:12; deadline.date-context:18; structure.concrete-details:8
msg_01147,Econ 302 Project,Group project/class chat,Cam,2026-04-20T01:18:00.000Z,,can someone finish the slides by Sunday,important,request,deliverable,Generated important Group project/class chat message,49,49,8,57,deadline,70,"{""👀"":1}",deadline.explicit:32; time.weekday:7; question.intent:10
msg_01151,Econ 302 Project,Group project/class chat,Sam,2026-04-20T01:32:00.000Z,,can someone finish the slides by Sunday,important,request,deliverable,Generated important Group project/class chat message,49,49,8,57,deadline,70,"{""❓"":1}",deadline.explicit:32; time.weekday:7; question.intent:10
msg_01160,Econ 302 Project,Group project/class chat,Olivia,2026-04-20T01:58:00.000Z,,presentation moved to Thursday,important,announcement,date_change,Generated important Group project/class chat message,51,51,12,63,announcement,81,"{""✅"":1}",announcement.change:30; time.weekday:7; announcement.date-context:14
msg_01169,Econ 302 Project,Group project/class chat,Ethan,2026-04-20T02:26:00.000Z,msg_01132,meet in the library at 7,important,event,meeting_time,Generated important Group project/class chat message,12,12,8,20,noise,30,"{""✅"":1}",time.explicit:12
msg_01176,Econ 302 Project,Group project/class chat,Olivia,2026-04-20T02:45:00.000Z,,presentation moved to Thursday,important,announcement,date_change,Generated important Group project/class chat message,51,51,8,59,announcement,81,"{""👀"":1}",announcement.change:30; time.weekday:7; announcement.date-context:14
msg_01177,Econ 302 Project,Group project/class chat,Drew,2026-04-20T02:48:00.000Z,,presentation moved to Thursday,important,announcement,date_change,Generated important Group project/class chat message,51,51,12,63,announcement,81,"{""✅"":1}",announcement.change:30; time.weekday:7; announcement.date-context:14
msg_01180,Econ 302 Project,Group project/class chat,Mia,2026-04-20T02:58:00.000Z,,problem set is due tn,important,deadline,assignment,Generated important Group project/class chat message,32,32,8,40,deadline,49,"{""👀"":1}",deadline.explicit:32
msg_01190,Econ 302 Project,Group project/class chat,Riley,2026-04-20T03:28:00.000Z,msg_01156,problem set is due tonight,important,deadline,assignment,Generated important Group project/class chat message,58,58,0,58,deadline,83,{},deadline.explicit:32; time.relative:8; deadline.date-context:18
msg_01194,Econ 302 Project,Group project/class chat,Maya,2026-04-20T03:41:00.000Z,msg_01106,meet in the library at 7,important,event,meeting_time,Generated important Group project/class chat message,12,12,8,20,noise,30,"{""👀"":1}",time.explicit:12
msg_01208,Econ 302 Project,Group project/class chat,Marcus,2026-04-20T04:22:00.000Z,,presentation moved to Thursday,important,announcement,date_change,Generated important Group project/class chat message,51,51,8,59,announcement,81,"{""👀"":1}",announcement.change:30; time.weekday:7; announcement.date-context:14
msg_01209,Econ 302 Project,Group project/class chat,Cam,2026-04-20T04:25:00.000Z,,presentation moved to Thursday,important,announcement,date_change,Generated important Group project/class chat message,51,51,0,51,announcement,81,{},announcement.change:30; time.weekday:7; announcement.date-context:14
msg_01211,Econ 302 Project,Group project/class chat,Harper,2026-04-20T04:30:00.000Z,,submit the final doc by midnight,important,deadline,deliverable,Generated important Group project/class chat message,56,56,0,56,deadline,100,{},deadline.payment:18; time.explicit:12; deadline.date-context:18; structure.concrete-details:8
msg_01220,Econ 302 Project,Group project/class chat,Bella,2026-04-20T04:59:00.000Z,,meet in the library at 7,important,event,meeting_time,Generated important Group project/class chat message,12,12,8,20,noise,30,"{""✅"":1}",time.explicit:12
msg_01224,Econ 302 Project,Group project/class chat,Harper,2026-04-20T05:11:00.000Z,,presentation moved to Thursday,important,announcement,date_change,Generated important Group project/class chat message,51,51,8,59,announcement,81,"{""👀"":1}",announcement.change:30; time.weekday:7; announcement.date-context:14
msg_01226,Econ 302 Project,Group project/class chat,Olivia,2026-04-20T05:16:00.000Z,,meet in the library at 7,important,event,meeting_time,Generated important Group project/class chat message,12,12,8,20,noise,30,"{""📌"":1}",time.explicit:12
msg_01229,Econ 302 Project,Group project/class chat,Harper,2026-04-20T05:26:00.000Z,msg_01122,can someone finish the slides by Sunday,important,request,deliverable,Generated important Group project/class chat message,49,49,12,61,deadline,70,"{""✅"":1}",deadline.explicit:32; time.weekday:7; question.intent:10
msg_01230,Econ 302 Project,Group project/class chat,Zoe,2026-04-20T05:29:00.000Z,,can someone finish the slides by Sunday,important,request,deliverable,Generated important Group project/class chat message,49,49,12,61,deadline,70,"{""✅"":1}",deadline.explicit:32; time.weekday:7; question.intent:10
msg_01233,Econ 302 Project,Group project/class chat,Harper,2026-04-20T05:38:00.000Z,,presentation moved to Thursday,important,announcement,date_change,Generated important Group project/class chat message,51,51,12,63,announcement,81,"{""✅"":1}",announcement.change:30; time.weekday:7; announcement.date-context:14
msg_01247,Econ 302 Project,Group project/class chat,Cam,2026-04-20T06:19:00.000Z,,presentation moved to Thursday,important,announcement,date_change,Generated important Group project/class chat message,51,51,12,63,announcement,81,"{""✅"":1}",announcement.change:30; time.weekday:7; announcement.date-context:14
msg_01248,Econ 302 Project,Group project/class chat,Logan,2026-04-20T06:22:00.000Z,,submit the final doc by midnight,important,deadline,deliverable,Generated important Group project/class chat message,56,56,0,56,deadline,100,{},deadline.payment:18; time.explicit:12; deadline.date-context:18; structure.concrete-details:8
msg_01251,Econ 302 Project,Group project/class chat,Grace,2026-04-20T06:30:00.000Z,,problem set is due tonight,important,deadline,assignment,Generated important Group project/class chat message,58,58,0,58,deadline,83,{},deadline.explicit:32; time.relative:8; deadline.date-context:18
msg_01256,Econ 302 Project,Group project/class chat,Maya,2026-04-20T06:46:00.000Z,,submit the final doc by midnight,important,deadline,deliverable,Generated important Group project/class chat message,56,56,8,64,deadline,100,"{""👀"":1}",deadline.payment:18; time.explicit:12; deadline.date-context:18; structure.concrete-details:8
msg_01259,Econ 302 Project,Group project/class chat,Bella,2026-04-20T06:54:00.000Z,,presentation moved to Thursday,important,announcement,date_change,Generated important Group project/class chat message,51,51,12,63,announcement,81,"{""✅"":1}",announcement.change:30; time.weekday:7; announcement.date-context:14
msg_01275,Lot 14 Tailgate,Tailgate/party planning chat,Nick,2026-04-20T07:43:00.000Z,,parking passes are due by Friday,important,deadline,parking_deadline,Generated important Tailgate/party planning chat message,57,57,0,57,deadline,83,{},deadline.explicit:32; time.weekday:7; deadline.date-context:18
msg_01324,Lot 14 Tailgate,Tailgate/party planning chat,Logan,2026-04-20T10:09:00.000Z,,setup moved to 10am,important,announcement,time_change,Generated important Tailgate/party planning chat message,56,56,8,64,announcement,83,"{""👀"":1}",announcement.change:30; time.explicit:12; announcement.date-context:14
msg_01339,Lot 14 Tailgate,Tailgate/party planning chat,Riley,2026-04-20T10:55:00.000Z,,setup moved to 10am,important,announcement,time_change,Generated important Tailgate/party planning chat message,56,56,0,56,announcement,83,{},announcement.change:30; time.explicit:12; announcement.date-context:14
msg_01347,Lot 14 Tailgate,Tailgate/party planning chat,Cam,2026-04-20T11:20:00.000Z,,setup moved to 10am,important,announcement,time_change,Generated important Tailgate/party planning chat message,56,56,0,56,announcement,83,{},announcement.change:30; time.explicit:12; announcement.date-context:14
msg_01364,Lot 14 Tailgate,Tailgate/party planning chat,Olivia,2026-04-20T12:09:00.000Z,,parking passes are due by Friday,important,deadline,parking_deadline,Generated important Tailgate/party planning chat message,57,57,0,57,deadline,83,{},deadline.explicit:32; time.weekday:7; deadline.date-context:18
msg_01398,Lot 14 Tailgate,Tailgate/party planning chat,Noah,2026-04-20T13:52:00.000Z,,setup moved to 10am,important,announcement,time_change,Generated important Tailgate/party planning chat message,56,56,0,56,announcement,83,{},announcement.change:30; time.explicit:12; announcement.date-context:14
msg_01401,Lot 14 Tailgate,Tailgate/party planning chat,Noah,2026-04-20T14:01:00.000Z,,parking passes are due by Friday,important,deadline,parking_deadline,Generated important Tailgate/party planning chat message,57,57,0,57,deadline,83,{},deadline.explicit:32; time.weekday:7; deadline.date-context:18
msg_01403,Lot 14 Tailgate,Tailgate/party planning chat,Harper,2026-04-20T14:08:00.000Z,,setup moved to 10am,important,announcement,time_change,Generated important Tailgate/party planning chat message,56,56,8,64,announcement,83,"{""👀"":1}",announcement.change:30; time.explicit:12; announcement.date-context:14
msg_01442,Apartment 4B,Apartment/roommate chat,Jake,2026-04-20T16:05:00.000Z,,cleaning inspection moved to Thursday,important,announcement,inspection,Generated important Apartment/roommate chat message,51,51,8,59,announcement,81,"{""👀"":1}",announcement.change:30; time.weekday:7; announcement.date-context:14
msg_01445,Apartment 4B,Apartment/roommate chat,Noah,2026-04-20T16:12:00.000Z,,cleaning inspection moved to Thursday,important,announcement,inspection,Generated important Apartment/roommate chat message,51,51,8,59,announcement,81,"{""👀"":1}",announcement.change:30; time.weekday:7; announcement.date-context:14
msg_01447,Apartment 4B,Apartment/roommate chat,Sam,2026-04-20T16:18:00.000Z,,cleaning inspection moved to Thursday,important,announcement,inspection,Generated important Apartment/roommate chat message,51,51,0,51,announcement,81,{},announcement.change:30; time.weekday:7; announcement.date-context:14
msg_01448,Apartment 4B,Apartment/roommate chat,Cam,2026-04-20T16:23:00.000Z,msg_01447,rent is due tmr,important,deadline,rent,Generated important Apartment/roommate chat message,20,20,8,28,deadline,45,"{""✅"":1}",deadline.explicit:32; noise.vague-short:-12
msg_01460,Apartment 4B,Apartment/roommate chat,Noah,2026-04-20T16:58:00.000Z,,rent is due tmr,important,deadline,rent,Generated important Apartment/roommate chat message,20,20,8,28,deadline,45,"{""✅"":1,""👀"":1}",deadline.explicit:32; noise.vague-short:-12
msg_01463,Apartment 4B,Apartment/roommate chat,Marcus,2026-04-20T17:08:00.000Z,msg_01444,maintenance is coming at 9am,important,event,maintenance,Generated important Apartment/roommate chat message,12,12,8,20,noise,30,"{""📌"":1}",time.explicit:12
msg_01468,Apartment 4B,Apartment/roommate chat,Jake,2026-04-20T17:22:00.000Z,,can someone grab trash bags,important,request,supplies,Generated important Apartment/roommate chat message,34,34,18,52,request,57,"{""✅"":1,""📌"":1}",request.can-someone:24; question.intent:10
msg_01472,Apartment 4B,Apartment/roommate chat,Jake,2026-04-20T17:34:00.000Z,msg_01467,maintenance is coming at 9am,important,event,maintenance,Generated important Apartment/roommate chat message,12,12,8,20,noise,30,"{""👀"":1}",time.explicit:12
msg_01474,Apartment 4B,Apartment/roommate chat,Logan,2026-04-20T17:41:00.000Z,,maintenance is coming at 9am,important,event,maintenance,Generated important Apartment/roommate chat message,12,12,8,20,noise,30,"{""👀"":1}",time.explicit:12
msg_01476,Apartment 4B,Apartment/roommate chat,Cam,2026-04-20T17:47:00.000Z,,maintenance is coming at 9am,important,event,maintenance,Generated important Apartment/roommate chat message,12,12,8,20,noise,30,"{""✅"":1}",time.explicit:12
msg_01477,Apartment 4B,Apartment/roommate chat,Cam,2026-04-20T17:48:00.000Z,,cleaning inspection moved to Thursday,important,announcement,inspection,Generated important Apartment/roommate chat message,51,51,8,59,announcement,81,"{""👀"":1}",announcement.change:30; time.weekday:7; announcement.date-context:14
msg_01491,Apartment 4B,Apartment/roommate chat,Mia,2026-04-20T18:31:00.000Z,,maintenance is coming at 9am,important,event,maintenance,Generated important Apartment/roommate chat message,12,12,0,12,noise,26,{},time.explicit:12
msg_01497,Apartment 4B,Apartment/roommate chat,Bella,2026-04-20T18:50:00.000Z,,can someone grab trash bags,important,request,supplies,Generated important Apartment/roommate chat message,34,34,18,52,request,57,"{""👀"":1,""📌"":1}",request.can-someone:24; question.intent:10
msg_01504,Apartment 4B,Apartment/roommate chat,Ethan,2026-04-20T19:09:00.000Z,msg_01450,maintenance is coming at 9am,important,event,maintenance,Generated important Apartment/roommate chat message,12,12,8,20,noise,30,"{""📌"":1}",time.explicit:12
msg_01513,Apartment 4B,Apartment/roommate chat,Noah,2026-04-20T19:37:00.000Z,msg_01498,maintenance is coming at 9am,important,event,maintenance,Generated important Apartment/roommate chat message,12,12,8,20,noise,30,"{""✅"":1,""👀"":1}",time.explicit:12
msg_01516,Apartment 4B,Apartment/roommate chat,Ethan,2026-04-20T19:47:00.000Z,,can someone grab trash bags,important,request,supplies,Generated important Apartment/roommate chat message,34,34,8,42,request,57,"{""❓"":1}",request.can-someone:24; question.intent:10
msg_01520,Apartment 4B,Apartment/roommate chat,Harper,2026-04-20T19:58:00.000Z,,maintenance is coming at 9am,important,event,maintenance,Generated important Apartment/roommate chat message,12,12,8,20,noise,30,"{""✅"":1}",time.explicit:12
msg_01531,Apartment 4B,Apartment/roommate chat,Cam,2026-04-20T20:30:00.000Z,,maintenance is coming at 9am,important,event,maintenance,Generated important Apartment/roommate chat message,12,12,8,20,noise,30,"{""👀"":1,""📌"":1}",time.explicit:12
msg_01534,Apartment 4B,Apartment/roommate chat,Olivia,2026-04-20T20:40:00.000Z,,can someone grab trash bags,important,request,supplies,Generated important Apartment/roommate chat message,34,34,8,42,request,57,"{""👀"":1}",request.can-someone:24; question.intent:10
msg_01538,Apartment 4B,Apartment/roommate chat,Drew,2026-04-20T20:52:00.000Z,,can someone grab trash bags,important,request,supplies,Generated important Apartment/roommate chat message,34,34,18,52,request,57,"{""📌"":1}",request.can-someone:24; question.intent:10
msg_01539,Apartment 4B,Apartment/roommate chat,Marcus,2026-04-20T20:56:00.000Z,,cleaning inspection moved to Thursday,important,announcement,inspection,Generated important Apartment/roommate chat message,51,51,8,59,announcement,81,"{""👀"":1}",announcement.change:30; time.weekday:7; announcement.date-context:14
msg_01546,Apartment 4B,Apartment/roommate chat,Ethan,2026-04-20T21:17:00.000Z,,rent is due tmr,important,deadline,rent,Generated important Apartment/roommate chat message,20,20,8,28,deadline,45,"{""👀"":1,""📌"":1}",deadline.explicit:32; noise.vague-short:-12
msg_01560,Apartment 4B,Apartment/roommate chat,Marcus,2026-04-20T21:57:00.000Z,,can someone grab trash bags,important,request,supplies,Generated important Apartment/roommate chat message,34,34,18,52,request,57,"{""📌"":1}",request.can-someone:24; question.intent:10
msg_01561,Apartment 4B,Apartment/roommate chat,Harper,2026-04-20T22:00:00.000Z,,can someone grab trash bags,important,request,supplies,Generated important Apartment/roommate chat message,34,34,18,52,request,57,"{""👀"":1,""📌"":1,""❓"":1}",request.can-someone:24; question.intent:10
msg_01563,Apartment 4B,Apartment/roommate chat,Logan,2026-04-20T22:06:00.000Z,,can someone grab trash bags,important,request,supplies,Generated important Apartment/roommate chat message,34,34,18,52,request,57,"{""✅"":1,""👀"":1}",request.can-someone:24; question.intent:10
msg_01566,Apartment 4B,Apartment/roommate chat,Riley,2026-04-20T22:15:00.000Z,,can someone grab trash bags,important,request,supplies,Generated important Apartment/roommate chat message,34,34,16,50,request,57,"{""👀"":1,""❓"":1}",request.can-someone:24; question.intent:10
msg_01580,Apartment 4B,Apartment/roommate chat,Grace,2026-04-20T22:59:00.000Z,,wifi bill due Friday,important,deadline,bill,Generated important Apartment/roommate chat message,57,57,0,57,deadline,83,{},deadline.explicit:32; time.weekday:7; deadline.date-context:18
msg_01581,Apartment 4B,Apartment/roommate chat,Drew,2026-04-20T23:00:00.000Z,,rent is due tmr,important,deadline,rent,Generated important Apartment/roommate chat message,20,20,8,28,deadline,45,"{""👀"":1}",deadline.explicit:32; noise.vague-short:-12
msg_01586,Apartment 4B,Apartment/roommate chat,Logan,2026-04-20T23:15:00.000Z,,can someone grab trash bags,important,request,supplies,Generated important Apartment/roommate chat message,34,34,8,42,request,57,"{""❓"":1}",request.can-someone:24; question.intent:10
msg_01588,Apartment 4B,Apartment/roommate chat,Riley,2026-04-20T23:22:00.000Z,,can someone grab trash bags,important,request,supplies,Generated important Apartment/roommate chat message,34,34,18,52,request,57,"{""✅"":1,""👀"":1,""❓"":1}",request.can-someone:24; question.intent:10
msg_01593,Apartment 4B,Apartment/roommate chat,Bella,2026-04-20T23:38:00.000Z,msg_01544,can someone grab trash bags,important,request,supplies,Generated important Apartment/roommate chat message,34,34,18,52,request,57,"{""👀"":1,""📌"":1}",request.can-someone:24; question.intent:10
msg_01595,Apartment 4B,Apartment/roommate chat,Logan,2026-04-20T23:43:00.000Z,,can someone grab trash bags,important,request,supplies,Generated important Apartment/roommate chat message,34,34,12,46,request,57,"{""✅"":1}",request.can-someone:24; question.intent:10
msg_01596,Apartment 4B,Apartment/roommate chat,Drew,2026-04-20T23:47:00.000Z,,cleaning inspection moved to Thursday,important,announcement,inspection,Generated important Apartment/roommate chat message,51,51,8,59,announcement,81,"{""👀"":1}",announcement.change:30; time.weekday:7; announcement.date-context:14
msg_01601,Apartment 4B,Apartment/roommate chat,Bella,2026-04-21T00:01:00.000Z,,cleaning inspection moved to Thursday,important,announcement,inspection,Generated important Apartment/roommate chat message,51,51,0,51,announcement,81,{},announcement.change:30; time.weekday:7; announcement.date-context:14
msg_01604,Apartment 4B,Apartment/roommate chat,Cam,2026-04-21T00:10:00.000Z,,can someone grab trash bags,important,request,supplies,Generated important Apartment/roommate chat message,34,34,8,42,request,57,"{""👀"":1}",request.can-someone:24; question.intent:10
msg_01613,Apartment 4B,Apartment/roommate chat,Bella,2026-04-21T00:38:00.000Z,,maintenance is coming at 9am,important,event,maintenance,Generated important Apartment/roommate chat message,12,12,8,20,noise,30,"{""👀"":1}",time.explicit:12
msg_01626,The Big One,Large chaotic general social chat,Grace,2026-04-21T01:15:00.000Z,msg_01623,meeting moved to room 204,important,announcement,room_change,Generated important Large chaotic general social chat message,42,42,12,54,announcement,60,"{""✅"":1}",event.social-anchor:12; announcement.change:30
msg_01647,The Big One,Large chaotic general social chat,Zoe,2026-04-21T02:19:00.000Z,,meeting moved to room 204,important,announcement,room_change,Generated important Large chaotic general social chat message,42,42,12,54,announcement,60,"{""✅"":1}",event.social-anchor:12; announcement.change:30
msg_01682,The Big One,Large chaotic general social chat,Drew,2026-04-21T04:05:00.000Z,,meeting moved to room 204,important,announcement,room_change,Generated important Large chaotic general social chat message,42,42,8,50,announcement,60,"{""👀"":1}",event.social-anchor:12; announcement.change:30
msg_01692,The Big One,Large chaotic general social chat,Sam,2026-04-21T04:33:00.000Z,,meeting moved to room 204,important,announcement,room_change,Generated important Large chaotic general social chat message,42,42,18,60,announcement,60,"{""✅"":1,""📌"":1}",event.social-anchor:12; announcement.change:30
msg_01722,The Big One,Large chaotic general social chat,Ethan,2026-04-21T06:05:00.000Z,msg_01711,meeting moved to room 204,important,announcement,room_change,Generated important Large chaotic general social chat message,42,42,0,42,announcement,60,{},event.social-anchor:12; announcement.change:30
msg_01730,The Big One,Large chaotic general social chat,Jake,2026-04-21T06:27:00.000Z,,meeting moved to room 204,important,announcement,room_change,Generated important Large chaotic general social chat message,42,42,12,54,announcement,60,"{""✅"":1}",event.social-anchor:12; announcement.change:30
msg_01734,The Big One,Large chaotic general social chat,Logan,2026-04-21T06:41:00.000Z,,mtg moved to room 204,important,announcement,room_change,Generated important Large chaotic general social chat message,30,30,12,42,announcement,48,"{""✅"":1}",announcement.change:30
msg_01759,The Big One,Large chaotic general social chat,Ethan,2026-04-21T07:56:00.000Z,,mtg moved to room 204,important,announcement,room_change,Generated important Large chaotic general social chat message,30,30,0,30,announcement,48,{},announcement.change:30
msg_01783,The Big One,Large chaotic general social chat,Luke,2026-04-21T09:08:00.000Z,,meeting moved to room 204,important,announcement,room_change,Generated important Large chaotic general social chat message,42,42,12,54,announcement,60,"{""✅"":1}",event.social-anchor:12; announcement.change:30
msg_01806,Rush Week Leads,Recruitment logistics chat,Riley,2026-04-21T10:17:00.000Z,,lineup posted at noon,important,announcement,lineup,Generated important Recruitment logistics chat message,12,12,8,20,noise,30,"{""👀"":1}",time.explicit:12
msg_01810,Rush Week Leads,Recruitment logistics chat,Sam,2026-04-21T10:29:00.000Z,,lineup posted at noon,important,announcement,lineup,Generated important Recruitment logistics chat message,12,12,8,20,noise,30,"{""👀"":1}",time.explicit:12
msg_01814,Rush Week Leads,Recruitment logistics chat,Marcus,2026-04-21T10:40:00.000Z,,need 5 people at check in by 5:30,important,request,volunteer,Generated important Recruitment logistics chat message,38,38,0,38,request,69,{},request.concrete-need:28; request.help-needed:10
msg_01833,Rush Week Leads,Recruitment logistics chat,Marcus,2026-04-21T11:38:00.000Z,,wear navy for house tours tonight,important,event,dress_time,Generated important Recruitment logistics chat message,8,8,8,16,noise,28,"{""👀"":1}",time.relative:8
msg_01836,Rush Week Leads,Recruitment logistics chat,Cam,2026-04-21T11:47:00.000Z,,forms close tmr,important,deadline,forms,Generated important Recruitment logistics chat message,38,38,18,56,deadline,59,"{""📌"":1}",deadline.explicit:32; deadline.payment:18; noise.vague-short:-12
msg_01838,Rush Week Leads,Recruitment logistics chat,Marcus,2026-04-21T11:52:00.000Z,,need 5 people at check in by 5:30,important,request,volunteer,Generated important Recruitment logistics chat message,38,38,16,54,request,69,"{""👀"":1,""❓"":1}",request.concrete-need:28; request.help-needed:10
msg_01847,Rush Week Leads,Recruitment logistics chat,Jake,2026-04-21T12:18:00.000Z,,lineup posted at noon,important,announcement,lineup,Generated important Recruitment logistics chat message,12,12,8,20,noise,30,"{""👀"":1}",time.explicit:12
msg_01848,Rush Week Leads,Recruitment logistics chat,Logan,2026-04-21T12:21:00.000Z,,lineup posted at noon,important,announcement,lineup,Generated important Recruitment logistics chat message,12,12,8,20,noise,30,"{""👀"":1}",time.explicit:12
msg_01850,Rush Week Leads,Recruitment logistics chat,Logan,2026-04-21T12:27:00.000Z,,need 5 people at check in by 5:30,important,request,volunteer,Generated important Recruitment logistics chat message,38,38,0,38,request,69,{},request.concrete-need:28; request.help-needed:10
msg_01864,Rush Week Leads,Recruitment logistics chat,Cam,2026-04-21T13:10:00.000Z,msg_01856,forms close tmr,important,deadline,forms,Generated important Recruitment logistics chat message,38,38,18,56,deadline,59,"{""✅"":1,""👀"":1}",deadline.explicit:32; deadline.payment:18; noise.vague-short:-12
msg_01877,Rush Week Leads,Recruitment logistics chat,Marcus,2026-04-21T13:49:00.000Z,,need 5 people at check in by 5:30,important,request,volunteer,Generated important Recruitment logistics chat message,38,38,8,46,request,69,"{""👀"":1}",request.concrete-need:28; request.help-needed:10
msg_01888,Rush Week Leads,Recruitment logistics chat,Grace,2026-04-21T14:22:00.000Z,,lineup posted at noon,important,announcement,lineup,Generated important Recruitment logistics chat message,12,12,8,20,noise,30,"{""✅"":1,""👀"":1}",time.explicit:12
msg_01891,Rush Week Leads,Recruitment logistics chat,Logan,2026-04-21T14:30:00.000Z,,need 5 people at check in by 5:30,important,request,volunteer,Generated important Recruitment logistics chat message,38,38,8,46,request,69,"{""👀"":1}",request.concrete-need:28; request.help-needed:10
msg_01894,Rush Week Leads,Recruitment logistics chat,Jake,2026-04-21T14:41:00.000Z,msg_01849,lineup posted at noon,important,announcement,lineup,Generated important Recruitment logistics chat message,12,12,8,20,noise,30,"{""✅"":1}",time.explicit:12
msg_01900,Rush Week Leads,Recruitment logistics chat,Ethan,2026-04-21T14:58:00.000Z,,lineup posted at noon,important,announcement,lineup,Generated important Recruitment logistics chat message,12,12,8,20,noise,30,"{""👀"":1}",time.explicit:12
msg_01906,Rush Week Leads,Recruitment logistics chat,Olivia,2026-04-21T15:15:00.000Z,,lineup posted at noon,important,announcement,lineup,Generated important Recruitment logistics chat message,12,12,8,20,noise,30,"{""👀"":1}",time.explicit:12
msg_01917,Rush Week Leads,Recruitment logistics chat,Ethan,2026-04-21T15:49:00.000Z,,need 5 people at check in by 5:30,important,request,volunteer,Generated important Recruitment logistics chat message,38,38,18,56,request,69,"{""📌"":1}",request.concrete-need:28; request.help-needed:10
msg_01921,Rush Week Leads,Recruitment logistics chat,Sam,2026-04-21T16:01:00.000Z,,wear navy for house tours tn,important,event,dress_time,Generated important Recruitment logistics chat message,0,0,8,8,noise,24,"{""👀"":1}",
msg_01925,Rush Week Leads,Recruitment logistics chat,Marcus,2026-04-21T16:12:00.000Z,,lineup posted at noon,important,announcement,lineup,Generated important Recruitment logistics chat message,12,12,8,20,noise,30,"{""📌"":1}",time.explicit:12
msg_01928,Rush Week Leads,Recruitment logistics chat,Sam,2026-04-21T16:23:00.000Z,,lineup posted at noon,important,announcement,lineup,Generated important Recruitment logistics chat message,12,12,0,12,noise,26,{},time.explicit:12
msg_01932,Rush Week Leads,Recruitment logistics chat,Nate,2026-04-21T16:33:00.000Z,,need 5 people at check in by 5:30,important,request,volunteer,Generated important Recruitment logistics chat message,38,38,12,50,request,69,"{""✅"":1}",request.concrete-need:28; request.help-needed:10
msg_01938,Rush Week Leads,Recruitment logistics chat,Sam,2026-04-21T16:52:00.000Z,,wear navy for house tours tn,important,event,dress_time,Generated important Recruitment logistics chat message,0,0,8,8,noise,24,"{""✅"":1}",
msg_01939,Rush Week Leads,Recruitment logistics chat,Jake,2026-04-21T16:55:00.000Z,,need 5 people at check in by 5:30,important,request,volunteer,Generated important Recruitment logistics chat message,38,38,18,56,request,69,"{""✅"":1,""📌"":1}",request.concrete-need:28; request.help-needed:10
msg_01945,Rush Week Leads,Recruitment logistics chat,Ethan,2026-04-21T17:14:00.000Z,,wear navy for house tours tn,important,event,dress_time,Generated important Recruitment logistics chat message,0,0,8,8,noise,24,"{""✅"":1,""📌"":1}",
msg_01946,Rush Week Leads,Recruitment logistics chat,Noah,2026-04-21T17:15:00.000Z,,wear navy for house tours tonight,important,event,dress_time,Generated important Recruitment logistics chat message,8,8,8,16,noise,28,"{""👀"":1}",time.relative:8
msg_01949,Rush Week Leads,Recruitment logistics chat,Logan,2026-04-21T17:25:00.000Z,,wear navy for house tours tonight,important,event,dress_time,Generated important Recruitment logistics chat message,8,8,8,16,noise,28,"{""📌"":1}",time.relative:8
msg_01951,Rush Week Leads,Recruitment logistics chat,Olivia,2026-04-21T17:32:00.000Z,,need 5 people at check in by 5:30,important,request,volunteer,Generated important Recruitment logistics chat message,38,38,8,46,request,69,"{""👀"":1}",request.concrete-need:28; request.help-needed:10
msg_01957,Rush Week Leads,Recruitment logistics chat,Nate,2026-04-21T17:50:00.000Z,,lineup posted at noon,important,announcement,lineup,Generated important Recruitment logistics chat message,12,12,8,20,noise,30,"{""👀"":1,""📌"":1}",time.explicit:12
msg_01963,Rush Week Leads,Recruitment logistics chat,Marcus,2026-04-21T18:08:00.000Z,,wear navy for house tours tonight,important,event,dress_time,Generated important Recruitment logistics chat message,8,8,8,16,noise,28,"{""✅"":1}",time.relative:8
msg_01965,Rush Week Leads,Recruitment logistics chat,Cam,2026-04-21T18:12:00.000Z,,need 5 people at check in by 5:30,important,request,volunteer,Generated important Recruitment logistics chat message,38,38,18,56,request,69,"{""👀"":1,""📌"":1}",request.concrete-need:28; request.help-needed:10
msg_01966,Rush Week Leads,Recruitment logistics chat,Jake,2026-04-21T18:15:00.000Z,,need 5 people at check in by 5:30,important,request,volunteer,Generated important Recruitment logistics chat message,38,38,18,56,request,69,"{""✅"":1,""👀"":1,""❓"":1}",request.concrete-need:28; request.help-needed:10
msg_01967,Rush Week Leads,Recruitment logistics chat,Quinn,2026-04-21T18:19:00.000Z,,lineup posted at noon,important,announcement,lineup,Generated important Recruitment logistics chat message,12,12,0,12,noise,26,{},time.explicit:12
msg_01983,Formal Bus 2,Event transportation chat,Nate,2026-04-21T19:08:00.000Z,,pickup moved to the back lot,important,announcement,location_change,Generated important Event transportation chat message,30,30,18,48,announcement,48,"{""✅"":1,""👀"":1}",announcement.change:30
msg_01991,Formal Bus 2,Event transportation chat,Jake,2026-04-21T19:32:00.000Z,,bus leaves the house at 7,important,event,departure,Generated important Event transportation chat message,12,12,8,20,noise,30,"{""👀"":1}",time.explicit:12
msg_02016,Formal Bus 2,Event transportation chat,Olivia,2026-04-21T20:45:00.000Z,,bus leaves the house at 7,important,event,departure,Generated important Event transportation chat message,12,12,8,20,noise,30,"{""✅"":1,""👀"":1}",time.explicit:12
msg_02019,Formal Bus 2,Event transportation chat,Quinn,2026-04-21T20:55:00.000Z,msg_02007,bus leaves the house at 7,important,event,departure,Generated important Event transportation chat message,12,12,8,20,noise,30,"{""✅"":1,""👀"":1}",time.explicit:12
msg_02020,Formal Bus 2,Event transportation chat,Zoe,2026-04-21T20:57:00.000Z,,bus leaves the house at 7,important,event,departure,Generated important Event transportation chat message,12,12,0,12,noise,26,{},time.explicit:12
msg_02028,Formal Bus 2,Event transportation chat,Logan,2026-04-21T21:23:00.000Z,,bus leaves the house at 7,important,event,departure,Generated important Event transportation chat message,12,12,8,20,noise,30,"{""✅"":1,""👀"":1}",time.explicit:12
msg_02042,Formal Bus 2,Event transportation chat,Marcus,2026-04-21T22:04:00.000Z,,pickup moved to the back lot,important,announcement,location_change,Generated important Event transportation chat message,30,30,0,30,announcement,48,{},announcement.change:30
msg_02046,Formal Bus 2,Event transportation chat,Marcus,2026-04-21T22:17:00.000Z,,pickup moved to the back lot,important,announcement,location_change,Generated important Event transportation chat message,30,30,0,30,announcement,48,{},announcement.change:30
msg_02053,Formal Bus 2,Event transportation chat,Nate,2026-04-21T22:36:00.000Z,,bus leaves the house at 7,important,event,departure,Generated important Event transportation chat message,12,12,8,20,noise,30,"{""👀"":1}",time.explicit:12
msg_02057,Formal Bus 2,Event transportation chat,Jake,2026-04-21T22:48:00.000Z,,pickup moved to the back lot,important,announcement,location_change,Generated important Event transportation chat message,30,30,12,42,announcement,48,"{""✅"":1}",announcement.change:30
msg_02058,Formal Bus 2,Event transportation chat,Lena,2026-04-21T22:51:00.000Z,msg_02045,pickup moved to the back lot,important,announcement,location_change,Generated important Event transportation chat message,30,30,8,38,announcement,48,"{""👀"":1}",announcement.change:30
msg_02060,Formal Bus 2,Event transportation chat,Logan,2026-04-21T22:57:00.000Z,,bus leaves the house at 7,important,event,departure,Generated important Event transportation chat message,12,12,8,20,noise,30,"{""✅"":1}",time.explicit:12
msg_02067,Formal Bus 2,Event transportation chat,Noah,2026-04-21T23:19:00.000Z,,pickup moved to the back lot,important,announcement,location_change,Generated important Event transportation chat message,30,30,8,38,announcement,48,"{""👀"":1}",announcement.change:30
msg_02076,Formal Bus 2,Event transportation chat,Quinn,2026-04-21T23:47:00.000Z,,bus leaves the house at 7,important,event,departure,Generated important Event transportation chat message,12,12,8,20,noise,30,"{""✅"":1}",time.explicit:12
msg_02084,Formal Bus 2,Event transportation chat,Jake,2026-04-22T00:11:00.000Z,msg_02083,pickup moved to the back lot,important,announcement,location_change,Generated important Event transportation chat message,30,30,12,42,announcement,48,"{""✅"":1}",announcement.change:30
msg_02094,Formal Bus 2,Event transportation chat,Logan,2026-04-22T00:39:00.000Z,msg_02072,pickup moved to the back lot,important,announcement,location_change,Generated important Event transportation chat message,30,30,0,30,announcement,48,{},announcement.change:30
msg_02096,Formal Bus 2,Event transportation chat,Jake,2026-04-22T00:47:00.000Z,,bus leaves the house at 7,important,event,departure,Generated important Event transportation chat message,12,12,8,20,noise,30,"{""👀"":1,""📌"":1}",time.explicit:12
msg_02099,Formal Bus 2,Event transportation chat,Tessa,2026-04-22T00:56:00.000Z,,pickup moved to the back lot,important,announcement,location_change,Generated important Event transportation chat message,30,30,0,30,announcement,48,{},announcement.change:30
msg_02105,Formal Bus 2,Event transportation chat,Mia,2026-04-22T01:13:00.000Z,,pickup moved to the back lot,important,announcement,location_change,Generated important Event transportation chat message,30,30,8,38,announcement,48,"{""👀"":1}",announcement.change:30
msg_02107,Formal Bus 2,Event transportation chat,Nate,2026-04-22T01:20:00.000Z,,pickup moved to the back lot,important,announcement,location_change,Generated important Event transportation chat message,30,30,12,42,announcement,48,"{""✅"":1}",announcement.change:30
msg_02118,Formal Bus 2,Event transportation chat,Noah,2026-04-22T01:51:00.000Z,,bus leaves the house at 7,important,event,departure,Generated important Event transportation chat message,12,12,8,20,noise,30,"{""📌"":1}",time.explicit:12
msg_02126,Formal Bus 2,Event transportation chat,Luke,2026-04-22T02:15:00.000Z,msg_02031,pickup moved to the back lot,important,announcement,location_change,Generated important Event transportation chat message,30,30,12,42,announcement,48,"{""✅"":1}",announcement.change:30
msg_02132,Formal Bus 2,Event transportation chat,Luke,2026-04-22T02:33:00.000Z,,pickup moved to the back lot,important,announcement,location_change,Generated important Event transportation chat message,30,30,8,38,announcement,48,"{""👀"":1}",announcement.change:30
msg_02133,Formal Bus 2,Event transportation chat,Nate,2026-04-22T02:37:00.000Z,,pickup moved to the back lot,important,announcement,location_change,Generated important Event transportation chat message,30,30,0,30,announcement,48,{},announcement.change:30
msg_02147,Formal Bus 2,Event transportation chat,Tessa,2026-04-22T03:18:00.000Z,,bus leaves the house at 7,important,event,departure,Generated important Event transportation chat message,12,12,8,20,noise,30,"{""📌"":1}",time.explicit:12
msg_02148,Formal Bus 2,Event transportation chat,Marcus,2026-04-22T03:21:00.000Z,,bus leaves the house at 7,important,event,departure,Generated important Event transportation chat message,12,12,8,20,noise,30,"{""✅"":1,""👀"":1}",time.explicit:12
msg_02161,Intramural Hoops,Sports pickup team,Marcus,2026-04-22T04:01:00.000Z,,need one more for tipoff,important,request,player_count,Generated important Sports pickup team message,28,28,18,46,request,57,"{""✅"":1,""👀"":1}",request.concrete-need:28
msg_02165,Intramural Hoops,Sports pickup team,Jake,2026-04-22T04:13:00.000Z,,need one more for tipoff,important,request,player_count,Generated important Sports pickup team message,28,28,18,46,request,57,"{""✅"":1,""❓"":1}",request.concrete-need:28
msg_02168,Intramural Hoops,Sports pickup team,Ethan,2026-04-22T04:22:00.000Z,,need one more for tipoff,important,request,player_count,Generated important Sports pickup team message,28,28,8,36,request,57,"{""❓"":1}",request.concrete-need:28
msg_02169,Intramural Hoops,Sports pickup team,Logan,2026-04-22T04:24:00.000Z,,practice cancelled tonight,important,announcement,cancellation,Generated important Sports pickup team message,52,52,12,64,announcement,81,"{""✅"":1}",announcement.change:30; time.relative:8; announcement.date-context:14
msg_02178,Intramural Hoops,Sports pickup team,Jake,2026-04-22T04:53:00.000Z,,bring white and dark jerseys,important,logistics,equipment,Generated important Sports pickup team message,0,0,8,8,noise,24,"{""👀"":1}",
msg_02181,Intramural Hoops,Sports pickup team,Luke,2026-04-22T05:02:00.000Z,,need one more for tipoff,important,request,player_count,Generated important Sports pickup team message,28,28,8,36,request,57,"{""👀"":1}",request.concrete-need:28
msg_02187,Intramural Hoops,Sports pickup team,Jake,2026-04-22T05:18:00.000Z,msg_02169,practice cancelled tonight,important,announcement,cancellation,Generated important Sports pickup team message,52,52,8,60,announcement,81,"{""👀"":1}",announcement.change:30; time.relative:8; announcement.date-context:14
msg_02192,Intramural Hoops,Sports pickup team,Zoe,2026-04-22T05:34:00.000Z,,need one more for tipoff,important,request,player_count,Generated important Sports pickup team message,28,28,18,46,request,57,"{""✅"":1,""👀"":1,""❓"":1}",request.concrete-need:28
msg_02194,Intramural Hoops,Sports pickup team,Jake,2026-04-22T05:41:00.000Z,,bring white and dark jerseys,important,logistics,equipment,Generated important Sports pickup team message,0,0,8,8,noise,24,"{""👀"":1}",
msg_02204,Intramural Hoops,Sports pickup team,Nate,2026-04-22T06:10:00.000Z,,need one more for tipoff,important,request,player_count,Generated important Sports pickup team message,28,28,18,46,request,57,"{""📌"":1}",request.concrete-need:28
msg_02207,Intramural Hoops,Sports pickup team,Olivia,2026-04-22T06:18:00.000Z,,need one more for tipoff,important,request,player_count,Generated important Sports pickup team message,28,28,8,36,request,57,"{""❓"":1}",request.concrete-need:28
msg_02235,Intramural Hoops,Sports pickup team,Quinn,2026-04-22T07:43:00.000Z,,bring white and dark jerseys,important,logistics,equipment,Generated important Sports pickup team message,0,0,8,8,noise,24,"{""✅"":1}",
msg_02240,Intramural Hoops,Sports pickup team,Olivia,2026-04-22T07:58:00.000Z,,need one more for tipoff,important,request,player_count,Generated important Sports pickup team message,28,28,12,40,request,57,"{""✅"":1}",request.concrete-need:28
msg_02241,Intramural Hoops,Sports pickup team,Logan,2026-04-22T08:01:00.000Z,msg_02161,bring white and dark jerseys,important,logistics,equipment,Generated important Sports pickup team message,0,0,8,8,noise,24,"{""👀"":1}",
msg_02247,Intramural Hoops,Sports pickup team,Noah,2026-04-22T08:20:00.000Z,,practice cancelled tn,important,announcement,cancellation,Generated important Sports pickup team message,30,30,8,38,announcement,48,"{""👀"":1}",announcement.change:30
msg_02250,Intramural Hoops,Sports pickup team,Luke,2026-04-22T08:27:00.000Z,,practice cancelled tonight,important,announcement,cancellation,Generated important Sports pickup team message,52,52,8,60,announcement,81,"{""👀"":1}",announcement.change:30; time.relative:8; announcement.date-context:14
msg_02252,Intramural Hoops,Sports pickup team,Quinn,2026-04-22T08:34:00.000Z,,bring white and dark jerseys,important,logistics,equipment,Generated important Sports pickup team message,0,0,8,8,noise,24,"{""✅"":1,""👀"":1}",
msg_02259,Intramural Hoops,Sports pickup team,Ethan,2026-04-22T08:55:00.000Z,,practice cancelled tn,important,announcement,cancellation,Generated important Sports pickup team message,30,30,12,42,announcement,48,"{""✅"":1}",announcement.change:30
msg_02267,Intramural Hoops,Sports pickup team,Mia,2026-04-22T09:18:00.000Z,,need one more for tipoff,important,request,player_count,Generated important Sports pickup team message,28,28,8,36,request,57,"{""👀"":1}",request.concrete-need:28
msg_02270,Intramural Hoops,Sports pickup team,Olivia,2026-04-22T09:28:00.000Z,,need one more for tipoff,important,request,player_count,Generated important Sports pickup team message,28,28,18,46,request,57,"{""👀"":1,""📌"":1,""❓"":1}",request.concrete-need:28
msg_02276,Intramural Hoops,Sports pickup team,Lena,2026-04-22T09:45:00.000Z,msg_02189,need one more for tipoff,important,request,player_count,Generated important Sports pickup team message,28,28,18,46,request,57,"{""✅"":1,""❓"":1}",request.concrete-need:28
msg_02281,Intramural Hoops,Sports pickup team,Ethan,2026-04-22T10:02:00.000Z,,practice cancelled tn,important,announcement,cancellation,Generated important Sports pickup team message,30,30,8,38,announcement,48,"{""👀"":1}",announcement.change:30
msg_02292,Intramural Hoops,Sports pickup team,Noah,2026-04-22T10:34:00.000Z,msg_02267,need one more for tipoff,important,request,player_count,Generated important Sports pickup team message,28,28,18,46,request,57,"{""✅"":1,""📌"":1}",request.concrete-need:28
msg_02295,Intramural Hoops,Sports pickup team,Luke,2026-04-22T10:42:00.000Z,,bring white and dark jerseys,important,logistics,equipment,Generated important Sports pickup team message,0,0,8,8,noise,24,"{""✅"":1}",
msg_02304,Intramural Hoops,Sports pickup team,Olivia,2026-04-22T11:10:00.000Z,,bring white and dark jerseys,important,logistics,equipment,Generated important Sports pickup team message,0,0,8,8,noise,24,"{""✅"":1}",
msg_02305,Intramural Hoops,Sports pickup team,Noah,2026-04-22T11:12:00.000Z,,bring white and dark jerseys,important,logistics,equipment,Generated important Sports pickup team message,0,0,8,8,noise,24,"{""👀"":1}",
msg_02309,Intramural Hoops,Sports pickup team,Ethan,2026-04-22T11:26:00.000Z,,need one more for tipoff,important,request,player_count,Generated important Sports pickup team message,28,28,0,28,request,57,{},request.concrete-need:28
msg_02339,Intramural Hoops,Sports pickup team,Jake,2026-04-22T12:55:00.000Z,msg_02333,practice cancelled tonight,important,announcement,cancellation,Generated important Sports pickup team message,52,52,12,64,announcement,81,"{""✅"":1}",announcement.change:30; time.relative:8; announcement.date-context:14
msg_02341,House Dinner Crew,Food/social planning chat,Olivia,2026-04-22T13:00:00.000Z,,can someone bring plates,important,request,supplies,Generated important Food/social planning chat message,34,34,0,34,request,57,{},request.can-someone:24; question.intent:10
msg_02350,House Dinner Crew,Food/social planning chat,Tessa,2026-04-22T13:28:00.000Z,,need one more person for the Costco run,important,logistics,ride_count,Generated important Food/social planning chat message,38,38,8,46,request,69,"{""👀"":1}",request.concrete-need:28; request.help-needed:10
msg_02352,House Dinner Crew,Food/social planning chat,Lena,2026-04-22T13:34:00.000Z,,grocery money due tomorrow,important,deadline,money,Generated important Food/social planning chat message,58,58,0,58,deadline,83,{},deadline.explicit:32; time.relative:8; deadline.date-context:18
msg_02356,House Dinner Crew,Food/social planning chat,Mason,2026-04-22T13:47:00.000Z,,need one more person for the Costco run,important,logistics,ride_count,Generated important Food/social planning chat message,38,38,8,46,request,69,"{""👀"":1}",request.concrete-need:28; request.help-needed:10
msg_02357,House Dinner Crew,Food/social planning chat,Mason,2026-04-22T13:48:00.000Z,,reservation is at 7:45,important,event,reservation,Generated important Food/social planning chat message,12,12,8,20,noise,30,"{""👀"":1}",time.explicit:12
msg_02360,House Dinner Crew,Food/social planning chat,Noah,2026-04-22T13:57:00.000Z,,reservation is at 7:45,important,event,reservation,Generated important Food/social planning chat message,12,12,8,20,noise,30,"{""👀"":1}",time.explicit:12
msg_02363,House Dinner Crew,Food/social planning chat,Ethan,2026-04-22T14:07:00.000Z,msg_02360,can someone bring plates,important,request,supplies,Generated important Food/social planning chat message,34,34,18,52,request,57,"{""✅"":1,""👀"":1}",request.can-someone:24; question.intent:10
msg_02364,House Dinner Crew,Food/social planning chat,Mia,2026-04-22T14:09:00.000Z,msg_02352,need one more person for the Costco run,important,logistics,ride_count,Generated important Food/social planning chat message,38,38,0,38,request,69,{},request.concrete-need:28; request.help-needed:10
msg_02371,House Dinner Crew,Food/social planning chat,Grace,2026-04-22T14:31:00.000Z,,reservation is at 7:45,important,event,reservation,Generated important Food/social planning chat message,12,12,8,20,noise,30,"{""✅"":1}",time.explicit:12
msg_02373,House Dinner Crew,Food/social planning chat,Noah,2026-04-22T14:37:00.000Z,,need one more person for the Costco run,important,logistics,ride_count,Generated important Food/social planning chat message,38,38,8,46,request,69,"{""👀"":1}",request.concrete-need:28; request.help-needed:10
msg_02381,House Dinner Crew,Food/social planning chat,Quinn,2026-04-22T15:01:00.000Z,,can someone bring plates,important,request,supplies,Generated important Food/social planning chat message,34,34,12,46,request,57,"{""✅"":1}",request.can-someone:24; question.intent:10
msg_02382,House Dinner Crew,Food/social planning chat,Grace,2026-04-22T15:03:00.000Z,,reservation is at 7:45,important,event,reservation,Generated important Food/social planning chat message,12,12,8,20,noise,30,"{""👀"":1}",time.explicit:12
msg_02395,House Dinner Crew,Food/social planning chat,Ethan,2026-04-22T15:43:00.000Z,msg_02362,dinner moved to Friday,important,announcement,date_change,Generated important Food/social planning chat message,51,51,8,59,announcement,81,"{""👀"":1}",announcement.change:30; time.weekday:7; announcement.date-context:14
msg_02398,House Dinner Crew,Food/social planning chat,Harper,2026-04-22T15:52:00.000Z,,need one more person for the Costco run,important,logistics,ride_count,Generated important Food/social planning chat message,38,38,18,56,request,69,"{""📌"":1}",request.concrete-need:28; request.help-needed:10
msg_02399,House Dinner Crew,Food/social planning chat,Jake,2026-04-22T15:55:00.000Z,,can someone bring plates,important,request,supplies,Generated important Food/social planning chat message,34,34,0,34,request,57,{},request.can-someone:24; question.intent:10
msg_02400,House Dinner Crew,Food/social planning chat,Tessa,2026-04-22T15:58:00.000Z,,reservation is at 7:45,important,event,reservation,Generated important Food/social planning chat message,12,12,0,12,noise,26,{},time.explicit:12
msg_02404,House Dinner Crew,Food/social planning chat,Harper,2026-04-22T16:10:00.000Z,,can someone bring plates,important,request,supplies,Generated important Food/social planning chat message,34,34,12,46,request,57,"{""✅"":1}",request.can-someone:24; question.intent:10
msg_02407,House Dinner Crew,Food/social planning chat,Mason,2026-04-22T16:18:00.000Z,,need one more person for the Costco run,important,logistics,ride_count,Generated important Food/social planning chat message,38,38,8,46,request,69,"{""👀"":1}",request.concrete-need:28; request.help-needed:10
msg_02410,House Dinner Crew,Food/social planning chat,Nate,2026-04-22T16:28:00.000Z,,reservation is at 7:45,important,event,reservation,Generated important Food/social planning chat message,12,12,8,20,noise,30,"{""✅"":1}",time.explicit:12
msg_02412,House Dinner Crew,Food/social planning chat,Ethan,2026-04-22T16:33:00.000Z,,dinner moved to Friday,important,announcement,date_change,Generated important Food/social planning chat message,51,51,12,63,announcement,81,"{""✅"":1}",announcement.change:30; time.weekday:7; announcement.date-context:14
msg_02413,House Dinner Crew,Food/social planning chat,Quinn,2026-04-22T16:36:00.000Z,msg_02349,need one more person for the Costco run,important,logistics,ride_count,Generated important Food/social planning chat message,38,38,18,56,request,69,"{""📌"":1}",request.concrete-need:28; request.help-needed:10
msg_02420,House Dinner Crew,Food/social planning chat,Mia,2026-04-22T16:57:00.000Z,msg_02371,grocery money due tomorrow,important,deadline,money,Generated important Food/social planning chat message,58,58,0,58,deadline,83,{},deadline.explicit:32; time.relative:8; deadline.date-context:18
msg_02426,House Dinner Crew,Food/social planning chat,Tessa,2026-04-22T17:17:00.000Z,,reservation is at 7:45,important,event,reservation,Generated important Food/social planning chat message,12,12,8,20,noise,30,"{""✅"":1}",time.explicit:12
msg_02427,House Dinner Crew,Food/social planning chat,Harper,2026-04-22T17:19:00.000Z,,can someone bring plates,important,request,supplies,Generated important Food/social planning chat message,34,34,16,50,request,57,"{""👀"":1,""❓"":1}",request.can-someone:24; question.intent:10
msg_02435,House Dinner Crew,Food/social planning chat,Quinn,2026-04-22T17:44:00.000Z,msg_02363,can someone bring plates,important,request,supplies,Generated important Food/social planning chat message,34,34,12,46,request,57,"{""✅"":1}",request.can-someone:24; question.intent:10
msg_02436,House Dinner Crew,Food/social planning chat,Nate,2026-04-22T17:45:00.000Z,,reservation is at 7:45,important,event,reservation,Generated important Food/social planning chat message,12,12,8,20,noise,30,"{""👀"":1}",time.explicit:12
msg_02437,House Dinner Crew,Food/social planning chat,Noah,2026-04-22T17:50:00.000Z,,need one more person for the Costco run,important,logistics,ride_count,Generated important Food/social planning chat message,38,38,0,38,request,69,{},request.concrete-need:28; request.help-needed:10
msg_02441,House Dinner Crew,Food/social planning chat,Mason,2026-04-22T18:00:00.000Z,,grocery money due tmr,important,deadline,money,Generated important Food/social planning chat message,32,32,0,32,deadline,49,{},deadline.explicit:32
msg_02443,House Dinner Crew,Food/social planning chat,Nate,2026-04-22T18:07:00.000Z,,need one more person for the Costco run,important,logistics,ride_count,Generated important Food/social planning chat message,38,38,12,50,request,69,"{""✅"":1}",request.concrete-need:28; request.help-needed:10
msg_02446,House Dinner Crew,Food/social planning chat,Noah,2026-04-22T18:15:00.000Z,msg_02416,reservation is at 7:45,important,event,reservation,Generated important Food/social planning chat message,12,12,8,20,noise,30,"{""✅"":1}",time.explicit:12
msg_02447,House Dinner Crew,Food/social planning chat,Mason,2026-04-22T18:18:00.000Z,,can someone bring plates,important,request,supplies,Generated important Food/social planning chat message,34,34,18,52,request,57,"{""📌"":1}",request.can-someone:24; question.intent:10
msg_02457,House Dinner Crew,Food/social planning chat,Ethan,2026-04-22T18:49:00.000Z,,reservation is at 7:45,important,event,reservation,Generated important Food/social planning chat message,12,12,8,20,noise,30,"{""👀"":1}",time.explicit:12
msg_02458,House Dinner Crew,Food/social planning chat,Noah,2026-04-22T18:51:00.000Z,,can someone bring plates,important,request,supplies,Generated important Food/social planning chat message,34,34,8,42,request,57,"{""❓"":1}",request.can-someone:24; question.intent:10
msg_02462,House Dinner Crew,Food/social planning chat,Mia,2026-04-22T19:04:00.000Z,,need one more person for the Costco run,important,logistics,ride_count,Generated important Food/social planning chat message,38,38,0,38,request,69,{},request.concrete-need:28; request.help-needed:10
msg_02464,House Dinner Crew,Food/social planning chat,Lena,2026-04-22T19:11:00.000Z,,dinner moved to Friday,important,announcement,date_change,Generated important Food/social planning chat message,51,51,12,63,announcement,81,"{""✅"":1}",announcement.change:30; time.weekday:7; announcement.date-context:14
msg_02465,House Dinner Crew,Food/social planning chat,Grace,2026-04-22T19:14:00.000Z,,dinner moved to Friday,important,announcement,date_change,Generated important Food/social planning chat message,51,51,0,51,announcement,81,{},announcement.change:30; time.weekday:7; announcement.date-context:14
msg_02466,House Dinner Crew,Food/social planning chat,Nate,2026-04-22T19:16:00.000Z,,can someone bring plates,important,request,supplies,Generated important Food/social planning chat message,34,34,8,42,request,57,"{""👀"":1}",request.can-someone:24; question.intent:10
msg_02469,House Dinner Crew,Food/social planning chat,Mia,2026-04-22T19:26:00.000Z,,can someone bring plates,important,request,supplies,Generated important Food/social planning chat message,34,34,8,42,request,57,"{""👀"":1}",request.can-someone:24; question.intent:10
msg_02471,House Dinner Crew,Food/social planning chat,Tessa,2026-04-22T19:32:00.000Z,,can someone bring plates,important,request,supplies,Generated important Food/social planning chat message,34,34,18,52,request,57,"{""✅"":1,""📌"":1}",request.can-someone:24; question.intent:10
msg_02473,House Dinner Crew,Food/social planning chat,Quinn,2026-04-22T19:37:00.000Z,msg_02465,grocery money due tmr,important,deadline,money,Generated important Food/social planning chat message,32,32,12,44,deadline,49,"{""✅"":1}",deadline.explicit:32
msg_02474,House Dinner Crew,Food/social planning chat,Marcus,2026-04-22T19:40:00.000Z,,dinner moved to Friday,important,announcement,date_change,Generated important Food/social planning chat message,51,51,0,51,announcement,81,{},announcement.change:30; time.weekday:7; announcement.date-context:14
msg_02478,House Dinner Crew,Food/social planning chat,Jake,2026-04-22T19:51:00.000Z,,reservation is at 7:45,important,event,reservation,Generated important Food/social planning chat message,12,12,8,20,noise,30,"{""✅"":1,""👀"":1}",time.explicit:12
msg_02479,House Dinner Crew,Food/social planning chat,Grace,2026-04-22T19:54:00.000Z,,dinner moved to Friday,important,announcement,date_change,Generated important Food/social planning chat message,51,51,0,51,announcement,81,{},announcement.change:30; time.weekday:7; announcement.date-context:14
msg_02484,House Dinner Crew,Food/social planning chat,Luke,2026-04-22T20:10:00.000Z,,grocery money due tmr,important,deadline,money,Generated important Food/social planning chat message,32,32,12,44,deadline,49,"{""✅"":1}",deadline.explicit:32
msg_02485,House Dinner Crew,Food/social planning chat,Nate,2026-04-22T20:12:00.000Z,,reservation is at 7:45,important,event,reservation,Generated important Food/social planning chat message,12,12,8,20,noise,30,"{""✅"":1,""👀"":1}",time.explicit:12
msg_02490,House Dinner Crew,Food/social planning chat,Luke,2026-04-22T20:28:00.000Z,msg_02459,need one more person for the Costco run,important,logistics,ride_count,Generated important Food/social planning chat message,38,38,12,50,request,69,"{""✅"":1}",request.concrete-need:28; request.help-needed:10
msg_02491,House Dinner Crew,Food/social planning chat,Grace,2026-04-22T20:32:00.000Z,msg_02367,reservation is at 7:45,important,event,reservation,Generated important Food/social planning chat message,12,12,8,20,noise,30,"{""✅"":1}",time.explicit:12
msg_02509,House Dinner Crew,Food/social planning chat,Olivia,2026-04-22T21:25:00.000Z,,dinner moved to Friday,important,announcement,date_change,Generated important Food/social planning chat message,51,51,0,51,announcement,81,{},announcement.change:30; time.weekday:7; announcement.date-context:14
msg_02511,House Dinner Crew,Food/social planning chat,Mason,2026-04-22T21:30:00.000Z,,reservation is at 7:45,important,event,reservation,Generated important Food/social planning chat message,12,12,8,20,noise,30,"{""👀"":1}",time.explicit:12
msg_02518,House Dinner Crew,Food/social planning chat,Olivia,2026-04-22T21:53:00.000Z,,dinner moved to Friday,important,announcement,date_change,Generated important Food/social planning chat message,51,51,0,51,announcement,81,{},announcement.change:30; time.weekday:7; announcement.date-context:14
msg_02519,House Dinner Crew,Food/social planning chat,Marcus,2026-04-22T21:56:00.000Z,,can someone bring plates,important,request,supplies,Generated important Food/social planning chat message,34,34,18,52,request,57,"{""👀"":1,""📌"":1}",request.can-someone:24; question.intent:10
msg_02543,Weekend Festival Run,Festival/social trip chat,Marcus,2026-04-22T23:07:00.000Z,,meetup moved to west entrance,important,announcement,location_change,Generated important Festival/social trip chat message,30,30,18,48,announcement,48,"{""📌"":1}",announcement.change:30
msg_02547,Weekend Festival Run,Festival/social trip chat,Tessa,2026-04-22T23:19:00.000Z,,meetup moved to west entrance,important,announcement,location_change,Generated important Festival/social trip chat message,30,30,12,42,announcement,48,"{""✅"":1}",announcement.change:30
msg_02555,Weekend Festival Run,Festival/social trip chat,Mason,2026-04-22T23:44:00.000Z,,need drivers for Saturday morning,important,logistics,ride_request,Generated important Festival/social trip chat message,63,63,0,63,request,100,{},request.concrete-need:28; logistics.transport:20; time.weekday:7; structure.concrete-details:8
msg_02559,Weekend Festival Run,Festival/social trip chat,Chris,2026-04-22T23:55:00.000Z,,"set starts at 9, meet by the gate at 8",important,event,set_time,Generated important Festival/social trip chat message,40,40,12,52,event,59,"{""✅"":1}",event.starts-time:28; time.explicit:12
msg_02561,Weekend Festival Run,Festival/social trip chat,Nate,2026-04-23T00:02:00.000Z,,"set starts at 9, meet by the gate at 8",important,event,set_time,Generated important Festival/social trip chat message,40,40,8,48,event,59,"{""👀"":1}",event.starts-time:28; time.explicit:12
msg_02571,Weekend Festival Run,Festival/social trip chat,Quinn,2026-04-23T00:31:00.000Z,,"set starts at 9, meet by the gate at 8",important,event,set_time,Generated important Festival/social trip chat message,40,40,12,52,event,59,"{""✅"":1}",event.starts-time:28; time.explicit:12
msg_02578,Weekend Festival Run,Festival/social trip chat,Nate,2026-04-23T00:52:00.000Z,,"set starts at 9, meet by the gate at 8",important,event,set_time,Generated important Festival/social trip chat message,40,40,0,40,event,59,{},event.starts-time:28; time.explicit:12
msg_02581,Weekend Festival Run,Festival/social trip chat,Zoe,2026-04-23T01:02:00.000Z,,"set starts at 9, meet by the gate at 8",important,event,set_time,Generated important Festival/social trip chat message,40,40,12,52,event,59,"{""✅"":1}",event.starts-time:28; time.explicit:12
msg_02584,Weekend Festival Run,Festival/social trip chat,Mason,2026-04-23T01:11:00.000Z,msg_02546,need drivers for Saturday morning,important,logistics,ride_request,Generated important Festival/social trip chat message,63,63,0,63,request,100,{},request.concrete-need:28; logistics.transport:20; time.weekday:7; structure.concrete-details:8
msg_02588,Weekend Festival Run,Festival/social trip chat,Harper,2026-04-23T01:23:00.000Z,,"set starts at 9, meet by the gate at 8",important,event,set_time,Generated important Festival/social trip chat message,40,40,12,52,event,59,"{""✅"":1}",event.starts-time:28; time.explicit:12
msg_02600,Weekend Festival Run,Festival/social trip chat,Grace,2026-04-23T01:59:00.000Z,,meetup moved to west entrance,important,announcement,location_change,Generated important Festival/social trip chat message,30,30,12,42,announcement,48,"{""✅"":1}",announcement.change:30
msg_02612,Weekend Festival Run,Festival/social trip chat,Mia,2026-04-23T02:34:00.000Z,,"set starts at 9, meet by the gate at 8",important,event,set_time,Generated important Festival/social trip chat message,40,40,18,58,event,59,"{""👀"":1,""📌"":1}",event.starts-time:28; time.explicit:12
msg_02614,Weekend Festival Run,Festival/social trip chat,Zoe,2026-04-23T02:40:00.000Z,,meetup moved to west entrance,important,announcement,location_change,Generated important Festival/social trip chat message,30,30,8,38,announcement,48,"{""👀"":1}",announcement.change:30
msg_02639,Weekend Festival Run,Festival/social trip chat,Tyler,2026-04-23T03:54:00.000Z,msg_02565,meetup moved to west entrance,important,announcement,location_change,Generated important Festival/social trip chat message,30,30,12,42,announcement,48,"{""✅"":1}",announcement.change:30
msg_02650,Weekend Festival Run,Festival/social trip chat,Zoe,2026-04-23T04:29:00.000Z,msg_02603,parking pass due by Friday,important,deadline,parking,Generated important Festival/social trip chat message,57,57,0,57,deadline,83,{},deadline.explicit:32; time.weekday:7; deadline.date-context:18
msg_02652,Weekend Festival Run,Festival/social trip chat,Nate,2026-04-23T04:34:00.000Z,,meetup moved to west entrance,important,announcement,location_change,Generated important Festival/social trip chat message,30,30,18,48,announcement,48,"{""✅"":1,""👀"":1,""📌"":1}",announcement.change:30
msg_02659,Weekend Festival Run,Festival/social trip chat,Quinn,2026-04-23T04:56:00.000Z,,"set starts at 9, meet by the gate at 8",important,event,set_time,Generated important Festival/social trip chat message,40,40,18,58,event,59,"{""✅"":1,""👀"":1}",event.starts-time:28; time.explicit:12
msg_02665,Weekend Festival Run,Festival/social trip chat,Jake,2026-04-23T05:13:00.000Z,,meetup moved to west entrance,important,announcement,location_change,Generated important Festival/social trip chat message,30,30,18,48,announcement,48,"{""👀"":1,""📌"":1}",announcement.change:30
msg_02685,Weekend Festival Run,Festival/social trip chat,Mia,2026-04-23T06:13:00.000Z,,meetup moved to west entrance,important,announcement,location_change,Generated important Festival/social trip chat message,30,30,12,42,announcement,48,"{""✅"":1}",announcement.change:30
msg_02687,Weekend Festival Run,Festival/social trip chat,Jake,2026-04-23T06:19:00.000Z,,"set starts at 9, meet by the gate at 8",important,event,set_time,Generated important Festival/social trip chat message,40,40,12,52,event,59,"{""✅"":1}",event.starts-time:28; time.explicit:12
msg_02697,Weekend Festival Run,Festival/social trip chat,Ethan,2026-04-23T06:50:00.000Z,,meetup moved to west entrance,important,announcement,location_change,Generated important Festival/social trip chat message,30,30,0,30,announcement,48,{},announcement.change:30
edge_0003,Downtown Survivors,College friend group,Sophia,2026-04-23T07:08:00.000Z,,be at the house by 8 or you're cooked,important,event,casual_important,Casual wording with real arrival time,0,0,8,8,noise,24,"{""👀"":1}",
edge_0004,Campus Volunteer Board,Student organization/club,Sam,2026-04-23T07:12:00.000Z,,we're leaving in 10 don't be late,important,event,casual_important,Important without obvious date keyword,0,0,8,8,noise,24,"{""👀"":1}",
edge_0014,Campus Volunteer Board,Student organization/club,Cam,2026-04-23T07:52:00.000Z,,rent is due tomorrow,important,deadline,low_reaction_important,Important with no social event keywords,58,58,0,58,deadline,83,{},deadline.explicit:32; time.relative:8; deadline.date-context:18
edge_0015,Club Soccer,Sports team,Bella,2026-04-23T07:56:00.000Z,,meeting moved to room 204,important,announcement,low_reaction_important,Change with location,42,42,0,42,announcement,60,{},event.social-anchor:12; announcement.change:30
edge_0028,Lot 14 Tailgate,Tailgate/party planning chat,Sam,2026-04-23T08:48:00.000Z,,tix due tmr,important,deadline,typo_slang,Ticket deadline slang,20,20,8,28,deadline,45,"{""✅"":1,""👀"":1}",deadline.explicit:32; noise.vague-short:-12
edge_0029,Apartment 4B,Apartment/roommate chat,Olivia,2026-04-23T08:52:00.000Z,,need sober drvr tn,important,logistics,typo_slang,Driver slang,0,0,8,8,noise,24,"{""👀"":1}",
edge_0030,The Big One,Large chaotic general social chat,Logan,2026-04-23T08:56:00.000Z,,mtg moved thurs,important,announcement,typo_slang,Meeting moved slang,18,18,8,26,announcement,44,"{""👀"":1}",announcement.change:30; noise.vague-short:-12
edge_0034,Campus Volunteer Board,Student organization/club,Ethan,2026-04-23T09:12:00.000Z,,nvm party cancelled,important,announcement,cancellation,Cancellation should matter,42,42,12,54,announcement,60,"{""✅"":1}",event.social-anchor:12; announcement.change:30
edge_0035,Club Soccer,Sports team,Jake,2026-04-23T09:16:00.000Z,,meeting is not tonight anymore,important,announcement,cancellation,Schedule cancellation,44,44,8,52,event,97,"{""👀"":1}",event.social-anchor:12; time.relative:8; event.concrete-time:16; structure.concrete-details:8
edge_0036,Basement Set Team,DJ/promoter group,Drew,2026-04-23T09:20:00.000Z,,"don't bring speakers, venue has them",important,announcement,cancellation,Negated supply plan,25,25,8,33,logistics,46,"{""👀"":1}",logistics.supplies:25
edge_0041,Pledge Class 28,Fraternity pledge chat,Sophia,2026-04-23T09:40:00.000Z,,lineup posted at noon,important,announcement,group_specific,Rush/DJ-specific announcement,12,12,8,20,noise,30,"{""✅"":1,""👀"":1}",time.explicit:12
edge_0042,Kappa Event Crew,Sorority event planning chat,Riley,2026-04-23T09:44:00.000Z,,soundcheck at 5,important,event,group_specific,DJ-specific logistics,12,12,8,20,noise,30,"{""👀"":1}",time.explicit:12
edge_0045,Club Soccer,Sports team,Jake,2026-04-23T09:56:00.000Z,,practice moved indoors,important,announcement,group_specific,Sports-specific change,30,30,0,30,announcement,48,{},announcement.change:30
