id,groupName,groupType,username,createdAt,replyTo,text,expectedImportance,expectedCategory,scenarioTag,notes,baseScoreBeforeReactions,baseScore,reactionBoost,finalScore,signalCategory,signalConfidence,reactionCounts,matchedRules
msg_00001,Pledge Class 28,Fraternity pledge chat,Jordan,2026-04-17T16:01:00.000Z,,might go downtown later,maybe,noise,vague_plan,Ambiguous message that may be useful in context,12,12,0,12,noise,26,{},event.social-anchor:12
msg_00002,Pledge Class 28,Fraternity pledge chat,Chris,2026-04-17T16:05:00.000Z,msg_00001,chapter moved to Thursday at 6,important,announcement,change,Generated important Fraternity pledge chat message,100,100,30,100,announcement,100,"{""✅"":1,""📌"":1}",event.social-anchor:12; event.meeting-time:24; announcement.change:30; time.weekday:7; time.explicit:12; event.concrete-time:16; announcement.date-context:14; structure.concrete-details:8
msg_00003,Pledge Class 28,Fraternity pledge chat,Jordan,2026-04-17T16:07:00.000Z,,chapter moved to Thursday at 6,important,announcement,change,Generated important Fraternity pledge chat message,100,100,8,100,announcement,100,"{""👀"":1}",event.social-anchor:12; event.meeting-time:24; announcement.change:30; time.weekday:7; time.explicit:12; event.concrete-time:16; announcement.date-context:14; structure.concrete-details:8
msg_00004,Pledge Class 28,Fraternity pledge chat,Bella,2026-04-17T16:09:00.000Z,,does anyone have tickets left?,maybe,request,ticket_availability,Ambiguous message that may be useful in context,46,46,0,46,request,69,{},deadline.payment:18; request.ticket-availability:18; question.intent:10
msg_00005,Pledge Class 28,Fraternity pledge chat,Chris,2026-04-17T16:13:00.000Z,,what time is tailgate again,maybe,question,event_question,Ambiguous message that may be useful in context,30,30,0,30,question,64,{},event.social-anchor:12; question.intent:10; question.event-context:8
msg_00006,Pledge Class 28,Fraternity pledge chat,Ava,2026-04-17T16:16:00.000Z,,we need one more for the Uber leaving at 9,important,logistics,ride_count,Generated important Fraternity pledge chat message,88,88,12,100,logistics,100,"{""✅"":1}",request.concrete-need:28; logistics.transport:20; time.explicit:12; logistics.uber-count:20; structure.concrete-details:8
msg_00007,Pledge Class 28,Fraternity pledge chat,Mason,2026-04-17T16:18:00.000Z,,lmao,noise,noise,noise,"Noise, joke, hype, or vague reply",0,0,0,0,noise,20,{},noise.one-word:-18; noise.laughter:-35; noise.vague-short:-12
msg_00008,Pledge Class 28,Fraternity pledge chat,Sophia,2026-04-17T16:22:00.000Z,,we need one more for the Uber leaving at 9,important,logistics,ride_count,Generated important Fraternity pledge chat message,88,88,0,88,logistics,100,{},request.concrete-need:28; logistics.transport:20; time.explicit:12; logistics.uber-count:20; structure.concrete-details:8
msg_00009,Pledge Class 28,Fraternity pledge chat,Riley,2026-04-17T16:24:00.000Z,,fire fit,noise,noise,noise,"Noise, joke, hype, or vague reply",0,0,0,0,noise,20,{},noise.vague-short:-12
msg_00010,Pledge Class 28,Fraternity pledge chat,Chris,2026-04-17T16:29:00.000Z,,9 is crazy,noise,noise,noise,"Noise, joke, hype, or vague reply",0,0,0,0,noise,20,{},noise.vague-short:-12
msg_00011,Pledge Class 28,Fraternity pledge chat,Bella,2026-04-17T16:31:00.000Z,,deadline for being washed is tonight,noise,noise,noise,"Noise, joke, hype, or vague reply",58,58,0,58,deadline,83,{},deadline.explicit:32; time.relative:8; deadline.date-context:18
msg_00012,Pledge Class 28,Fraternity pledge chat,Mason,2026-04-17T16:34:00.000Z,,yo,noise,noise,noise,"Noise, joke, hype, or vague reply",0,0,0,0,noise,20,{},noise.one-word:-18; noise.casual-reply:-28; noise.vague-short:-12
msg_00013,Pledge Class 28,Fraternity pledge chat,Mia,2026-04-17T16:38:00.000Z,,I can drive after 10,maybe,logistics,availability,Ambiguous message that may be useful in context,42,42,0,42,logistics,60,{},logistics.transport:20; commitment.availability:22
msg_00014,Pledge Class 28,Fraternity pledge chat,Cam,2026-04-17T16:39:00.000Z,msg_00003,might go downtown later,maybe,noise,vague_plan,Ambiguous message that may be useful in context,12,12,8,20,noise,30,"{""❓"":1,""👀"":1,""😂"":1}",event.social-anchor:12
msg_00015,Pledge Class 28,Fraternity pledge chat,Mason,2026-04-17T16:43:00.000Z,,can someone bring speakers to the pregame,important,request,supplies,Generated important Fraternity pledge chat message,85,85,8,93,request,98,"{""❓"":1}",request.can-someone:24; logistics.supplies:25; event.social-anchor:12; question.intent:10; request.bring-supplies:14
msg_00016,Pledge Class 28,Fraternity pledge chat,Riley,2026-04-17T16:45:00.000Z,,nah,noise,noise,noise,"Noise, joke, hype, or vague reply",0,0,6,6,noise,23,"{""🔥"":2,""💀"":3}",noise.one-word:-18; noise.casual-reply:-28; noise.vague-short:-12
msg_00017,Pledge Class 28,Fraternity pledge chat,Maya,2026-04-17T16:48:00.000Z,msg_00013,anyone going out tonight?,maybe,plan,loose_plan,Ambiguous message that may be useful in context,38,38,8,46,plan,67,"{""❓"":1,""😂"":1}",plan.whos-going:20; time.relative:8; question.intent:10
msg_00018,Pledge Class 28,Fraternity pledge chat,Jordan,2026-04-17T16:53:00.000Z,,I can drive after 10,maybe,logistics,availability,Ambiguous message that may be useful in context,42,42,8,50,logistics,60,"{""👀"":1,""😂"":1}",logistics.transport:20; commitment.availability:22
msg_00019,Pledge Class 28,Fraternity pledge chat,Jordan,2026-04-17T16:54:00.000Z,,need bro to retire,noise,noise,noise,"Noise, joke, hype, or vague reply",0,0,0,0,noise,20,{},
msg_00020,Pledge Class 28,Fraternity pledge chat,Chris,2026-04-17T16:57:00.000Z,msg_00014,rush meeting is at 6 in the house,important,event,meeting_time,Generated important Fraternity pledge chat message,72,72,8,80,event,100,"{""👀"":1}",event.social-anchor:12; event.meeting-time:24; time.explicit:12; event.concrete-time:16; structure.concrete-details:8
msg_00021,Pledge Class 28,Fraternity pledge chat,Logan,2026-04-17T17:02:00.000Z,,chapter moved to Thursday at 6,important,announcement,change,Generated important Fraternity pledge chat message,100,100,8,100,announcement,100,"{""👀"":1}",event.social-anchor:12; event.meeting-time:24; announcement.change:30; time.weekday:7; time.explicit:12; event.concrete-time:16; announcement.date-context:14; structure.concrete-details:8
msg_00022,Pledge Class 28,Fraternity pledge chat,Bella,2026-04-17T17:05:00.000Z,,can someone tell Tyler to chill,noise,noise,noise,"Noise, joke, hype, or vague reply",10,10,8,18,noise,29,"{""🔥"":4,""💀"":3,""😂"":1}",question.intent:10
msg_00023,Pledge Class 28,Fraternity pledge chat,Riley,2026-04-17T17:07:00.000Z,,anyone able to grab snacks?,maybe,request,soft_request,Ambiguous message that may be useful in context,73,73,8,81,request,86,"{""❓"":1}",request.can-someone:24; logistics.supplies:25; question.intent:10; request.bring-supplies:14
msg_00024,Pledge Class 28,Fraternity pledge chat,Chris,2026-04-17T17:09:00.000Z,,why is bro like this?,noise,noise,noise,"Noise, joke, hype, or vague reply",10,10,0,10,noise,25,{},question.intent:10
msg_00025,Pledge Class 28,Fraternity pledge chat,Cam,2026-04-17T17:12:00.000Z,,lol,noise,noise,noise,"Noise, joke, hype, or vague reply",0,0,0,0,noise,20,{},noise.one-word:-18; noise.laughter:-35; noise.vague-short:-12
msg_00026,Pledge Class 28,Fraternity pledge chat,Sophia,2026-04-17T17:15:00.000Z,,can someone tell Tyler to chill,noise,noise,noise,"Noise, joke, hype, or vague reply",10,10,0,10,noise,25,{},question.intent:10
msg_00027,Pledge Class 28,Fraternity pledge chat,Sam,2026-04-17T17:20:00.000Z,,he fell off,noise,noise,noise,"Noise, joke, hype, or vague reply",0,0,6,6,noise,23,"{""💀"":2,""😂"":4,""🔥"":2}",noise.hype-only:-24; noise.vague-short:-12
msg_00028,Pledge Class 28,Fraternity pledge chat,Mia,2026-04-17T17:21:00.000Z,,chapter moved to Thursday at 6,important,announcement,change,Generated important Fraternity pledge chat message,100,100,12,100,announcement,100,"{""✅"":1}",event.social-anchor:12; event.meeting-time:24; announcement.change:30; time.weekday:7; time.explicit:12; event.concrete-time:16; announcement.date-context:14; structure.concrete-details:8
msg_00029,Pledge Class 28,Fraternity pledge chat,Drew,2026-04-17T17:25:00.000Z,,are we still doing the same place?,maybe,question,context_needed,Ambiguous message that may be useful in context,10,10,8,18,noise,29,"{""❓"":1}",question.intent:10
msg_00030,Pledge Class 28,Fraternity pledge chat,Bella,2026-04-17T17:29:00.000Z,,might go downtown later,maybe,noise,vague_plan,Ambiguous message that may be useful in context,12,12,0,12,noise,26,{},event.social-anchor:12
msg_00031,Pledge Class 28,Fraternity pledge chat,Logan,2026-04-17T17:32:00.000Z,,meeting my downfall rn,noise,noise,noise,"Noise, joke, hype, or vague reply",12,12,0,12,noise,26,{},event.social-anchor:12
msg_00032,Pledge Class 28,Fraternity pledge chat,Mia,2026-04-17T17:34:00.000Z,,formal tickets are due by midnight tomorrow,important,deadline,deadline,Generated important Fraternity pledge chat message,100,100,20,100,deadline,100,"{""✅"":1,""👀"":1}",deadline.explicit:32; deadline.payment:18; event.social-anchor:12; time.relative:8; time.explicit:12; deadline.date-context:18; event.concrete-time:16; structure.concrete-details:8
msg_00033,Pledge Class 28,Fraternity pledge chat,Riley,2026-04-17T17:37:00.000Z,,dues are due by Sunday night,important,deadline,dues,Generated important Fraternity pledge chat message,83,83,0,83,deadline,100,{},deadline.explicit:32; deadline.payment:18; time.weekday:7; deadline.date-context:18; structure.concrete-details:8
msg_00034,Pledge Class 28,Fraternity pledge chat,Mia,2026-04-17T17:39:00.000Z,,who all is going Friday?,maybe,plan,attendance_question,Ambiguous message that may be useful in context,37,37,0,37,plan,66,{},plan.whos-going:20; time.weekday:7; question.intent:10
msg_00035,Pledge Class 28,Fraternity pledge chat,Riley,2026-04-17T17:43:00.000Z,,😭😭😭,noise,noise,noise,"Noise, joke, hype, or vague reply",0,0,0,0,noise,20,{},noise.one-word:-18; noise.emoji-only:-35; noise.vague-short:-12
msg_00036,Pledge Class 28,Fraternity pledge chat,Riley,2026-04-17T17:45:00.000Z,,9 is crazy,noise,noise,noise,"Noise, joke, hype, or vague reply",0,0,0,0,noise,20,"{""💀"":3,""😂"":2}",noise.vague-short:-12
msg_00037,Pledge Class 28,Fraternity pledge chat,Tyler,2026-04-17T17:49:00.000Z,,where we at,noise,noise,noise,"Noise, joke, hype, or vague reply",0,0,0,0,noise,20,"{""😂"":4,""💀"":4}",question.intent:10; noise.vague-short:-12
msg_00038,Pledge Class 28,Fraternity pledge chat,Drew,2026-04-17T17:52:00.000Z,,rush mtg is at 6 in the house,important,event,meeting_time,Generated important Fraternity pledge chat message,72,72,8,80,event,100,"{""👀"":1}",event.social-anchor:12; event.meeting-time:24; time.explicit:12; event.concrete-time:16; structure.concrete-details:8
msg_00039,Pledge Class 28,Fraternity pledge chat,Jordan,2026-04-17T17:56:00.000Z,,????????,noise,noise,noise,"Noise, joke, hype, or vague reply",0,0,3,3,noise,22,"{""😂"":3,""💀"":3,""🔥"":1}",question.intent:10; noise.one-word:-18; noise.repeated:-16; noise.vague-short:-12
msg_00040,Pledge Class 28,Fraternity pledge chat,Riley,2026-04-17T17:59:00.000Z,,where are we meeting?,maybe,plan,meeting_question,Ambiguous message that may be useful in context,50,50,0,50,plan,79,{},event.social-anchor:12; plan.leaving-meeting:20; question.intent:10; question.event-context:8
msg_00041,Pledge Class 28,Fraternity pledge chat,Riley,2026-04-17T18:01:00.000Z,,can someone bring speakers to the pregame,important,request,supplies,Generated important Fraternity pledge chat message,85,85,30,100,request,98,"{""👀"":1,""📌"":1}",request.can-someone:24; logistics.supplies:25; event.social-anchor:12; question.intent:10; request.bring-supplies:14
msg_00042,Pledge Class 28,Fraternity pledge chat,Maya,2026-04-17T18:04:00.000Z,,W,noise,noise,noise,"Noise, joke, hype, or vague reply",0,0,0,0,noise,20,{},noise.one-word:-18; noise.casual-reply:-28; noise.vague-short:-12
msg_00043,Pledge Class 28,Fraternity pledge chat,Maya,2026-04-17T18:06:00.000Z,,yo,noise,noise,noise,"Noise, joke, hype, or vague reply",0,0,0,0,noise,20,{},noise.one-word:-18; noise.casual-reply:-28; noise.vague-short:-12
msg_00044,Pledge Class 28,Fraternity pledge chat,Sophia,2026-04-17T18:10:00.000Z,,rush meeting is at 6 in the house,important,event,meeting_time,Generated important Fraternity pledge chat message,72,72,12,84,event,100,"{""✅"":1}",event.social-anchor:12; event.meeting-time:24; time.explicit:12; event.concrete-time:16; structure.concrete-details:8
msg_00045,Pledge Class 28,Fraternity pledge chat,Nick,2026-04-17T18:12:00.000Z,,dues are due by Sunday night,important,deadline,dues,Generated important Fraternity pledge chat message,83,83,8,91,deadline,100,"{""👀"":1}",deadline.explicit:32; deadline.payment:18; time.weekday:7; deadline.date-context:18; structure.concrete-details:8
msg_00046,Pledge Class 28,Fraternity pledge chat,Jordan,2026-04-17T18:17:00.000Z,,he fell off,noise,noise,noise,"Noise, joke, hype, or vague reply",0,0,0,0,noise,20,{},noise.hype-only:-24; noise.vague-short:-12
msg_00047,Pledge Class 28,Fraternity pledge chat,Sam,2026-04-17T18:18:00.000Z,,I can bring cups,maybe,logistics,supply_commitment,Ambiguous message that may be useful in context,35,35,0,35,logistics,58,"{""😂"":1}",logistics.supplies:25; commitment.availability:22; noise.vague-short:-12
msg_00048,Pledge Class 28,Fraternity pledge chat,Ava,2026-04-17T18:21:00.000Z,msg_00005,I can bring cups,maybe,logistics,supply_commitment,Ambiguous message that may be useful in context,35,35,8,43,logistics,58,"{""❓"":1}",logistics.supplies:25; commitment.availability:22; noise.vague-short:-12
msg_00049,Pledge Class 28,Fraternity pledge chat,Chris,2026-04-17T18:25:00.000Z,,Friday was insane,noise,noise,noise,"Noise, joke, hype, or vague reply",7,7,0,7,noise,24,{},time.weekday:7
msg_00050,Pledge Class 28,Fraternity pledge chat,Cam,2026-04-17T18:27:00.000Z,msg_00036,real,noise,noise,noise,"Noise, joke, hype, or vague reply",0,0,0,0,noise,20,{},noise.one-word:-18; noise.casual-reply:-28; noise.vague-short:-12
msg_00051,Pledge Class 28,Fraternity pledge chat,Ava,2026-04-17T18:31:00.000Z,,need 3 sober drivers tonight for formal,important,logistics,ride_request,Generated important Fraternity pledge chat message,100,100,12,100,logistics,100,"{""✅"":1}",request.concrete-need:28; logistics.transport:20; logistics.sober-drivers:30; event.social-anchor:12; time.relative:8; event.concrete-time:16; request.urgent-tonight:12; structure.concrete-details:8
msg_00052,Pledge Class 28,Fraternity pledge chat,Nick,2026-04-17T18:35:00.000Z,msg_00036,rush meeting is at 6 in the house,important,event,meeting_time,Generated important Fraternity pledge chat message,72,72,8,80,event,100,"{""👀"":1}",event.social-anchor:12; event.meeting-time:24; time.explicit:12; event.concrete-time:16; structure.concrete-details:8
msg_00053,Pledge Class 28,Fraternity pledge chat,Tyler,2026-04-17T18:37:00.000Z,,chapter moved to Thursday at 6,important,announcement,change,Generated important Fraternity pledge chat message,100,100,12,100,announcement,100,"{""✅"":1}",event.social-anchor:12; event.meeting-time:24; announcement.change:30; time.weekday:7; time.explicit:12; event.concrete-time:16; announcement.date-context:14; structure.concrete-details:8
msg_00054,Pledge Class 28,Fraternity pledge chat,Maya,2026-04-17T18:40:00.000Z,,formal tickets are due by midnight tmr,important,deadline,deadline,Generated important Fraternity pledge chat message,100,100,0,100,deadline,100,{},deadline.explicit:32; deadline.payment:18; event.social-anchor:12; time.explicit:12; deadline.date-context:18; event.concrete-time:16; structure.concrete-details:8
msg_00055,Pledge Class 28,Fraternity pledge chat,Mason,2026-04-17T18:44:00.000Z,msg_00023,can someone tell Tyler to chill,noise,noise,noise,"Noise, joke, hype, or vague reply",10,10,0,10,noise,25,{},question.intent:10
msg_00056,Pledge Class 28,Fraternity pledge chat,Drew,2026-04-17T18:45:00.000Z,,formal tickets are due by midnight tomorrow,important,deadline,deadline,Generated important Fraternity pledge chat message,100,100,12,100,deadline,100,"{""✅"":1}",deadline.explicit:32; deadline.payment:18; event.social-anchor:12; time.relative:8; time.explicit:12; deadline.date-context:18; event.concrete-time:16; structure.concrete-details:8
msg_00057,Pledge Class 28,Fraternity pledge chat,Sophia,2026-04-17T18:49:00.000Z,,what time is tailgate again,maybe,question,event_question,Ambiguous message that may be useful in context,30,30,0,30,question,64,{},event.social-anchor:12; question.intent:10; question.event-context:8
msg_00058,Pledge Class 28,Fraternity pledge chat,Mia,2026-04-17T18:51:00.000Z,,we need one more for the Uber leaving at 9,important,logistics,ride_count,Generated important Fraternity pledge chat message,88,88,30,100,logistics,100,"{""✅"":1,""👀"":1,""📌"":1}",request.concrete-need:28; logistics.transport:20; time.explicit:12; logistics.uber-count:20; structure.concrete-details:8
msg_00059,Pledge Class 28,Fraternity pledge chat,Cam,2026-04-17T18:56:00.000Z,,does anyone have tickets left?,maybe,request,ticket_availability,Ambiguous message that may be useful in context,46,46,0,46,request,69,{},deadline.payment:18; request.ticket-availability:18; question.intent:10
msg_00060,Pledge Class 28,Fraternity pledge chat,Sophia,2026-04-17T18:57:00.000Z,,does anyone have tickets left?,maybe,request,ticket_availability,Ambiguous message that may be useful in context,46,46,0,46,request,69,{},deadline.payment:18; request.ticket-availability:18; question.intent:10
msg_00061,Pledge Class 28,Fraternity pledge chat,Ava,2026-04-17T19:02:00.000Z,,need bro to retire,noise,noise,noise,"Noise, joke, hype, or vague reply",0,0,0,0,noise,20,{},
msg_00062,Pledge Class 28,Fraternity pledge chat,Mia,2026-04-17T19:04:00.000Z,,skull,noise,noise,noise,"Noise, joke, hype, or vague reply",0,0,0,0,noise,20,{},noise.one-word:-18; noise.casual-reply:-28; noise.vague-short:-12
msg_00063,Pledge Class 28,Fraternity pledge chat,Mia,2026-04-17T19:07:00.000Z,,where are we meeting?,maybe,plan,meeting_question,Ambiguous message that may be useful in context,50,50,8,58,plan,79,"{""👀"":1}",event.social-anchor:12; plan.leaving-meeting:20; question.intent:10; question.event-context:8
msg_00064,Pledge Class 28,Fraternity pledge chat,Sam,2026-04-17T19:10:00.000Z,,can someone bring speakers to the pregame,important,request,supplies,Generated important Fraternity pledge chat message,85,85,20,100,request,98,"{""✅"":1,""❓"":1}",request.can-someone:24; logistics.supplies:25; event.social-anchor:12; question.intent:10; request.bring-supplies:14
msg_00065,Pledge Class 28,Fraternity pledge chat,Maya,2026-04-17T19:12:00.000Z,,I can bring cups,maybe,logistics,supply_commitment,Ambiguous message that may be useful in context,35,35,0,35,logistics,58,{},logistics.supplies:25; commitment.availability:22; noise.vague-short:-12
msg_00066,Pledge Class 28,Fraternity pledge chat,Ava,2026-04-17T19:16:00.000Z,,rush mtg is at 6 in the house,important,event,meeting_time,Generated important Fraternity pledge chat message,72,72,20,92,event,100,"{""✅"":1,""👀"":1}",event.social-anchor:12; event.meeting-time:24; time.explicit:12; event.concrete-time:16; structure.concrete-details:8
msg_00067,Pledge Class 28,Fraternity pledge chat,Riley,2026-04-17T19:18:00.000Z,,rush meeting is at 6 in the house,important,event,meeting_time,Generated important Fraternity pledge chat message,72,72,20,92,event,100,"{""✅"":1,""👀"":1}",event.social-anchor:12; event.meeting-time:24; time.explicit:12; event.concrete-time:16; structure.concrete-details:8
msg_00068,Pledge Class 28,Fraternity pledge chat,Tyler,2026-04-17T19:23:00.000Z,,party animal,noise,noise,noise,"Noise, joke, hype, or vague reply",0,0,0,0,noise,20,{},event.social-anchor:12; noise.vague-short:-12
msg_00069,Pledge Class 28,Fraternity pledge chat,Sophia,2026-04-17T19:24:00.000Z,,I can bring cups,maybe,logistics,supply_commitment,Ambiguous message that may be useful in context,35,35,0,35,logistics,58,{},logistics.supplies:25; commitment.availability:22; noise.vague-short:-12
msg_00070,Pledge Class 28,Fraternity pledge chat,Logan,2026-04-17T19:28:00.000Z,,might go downtown later,maybe,noise,vague_plan,Ambiguous message that may be useful in context,12,12,0,12,noise,26,{},event.social-anchor:12
msg_00071,Pledge Class 28,Fraternity pledge chat,Bella,2026-04-17T19:31:00.000Z,,????????,noise,noise,noise,"Noise, joke, hype, or vague reply",0,0,0,0,noise,20,"{""💀"":2,""😂"":4}",question.intent:10; noise.one-word:-18; noise.repeated:-16; noise.vague-short:-12
msg_00072,Pledge Class 28,Fraternity pledge chat,Sam,2026-04-17T19:34:00.000Z,,????????,noise,noise,noise,"Noise, joke, hype, or vague reply",0,0,0,0,noise,20,{},question.intent:10; noise.one-word:-18; noise.repeated:-16; noise.vague-short:-12
msg_00073,Pledge Class 28,Fraternity pledge chat,Tyler,2026-04-17T19:38:00.000Z,,can someone tell Tyler to chill,noise,noise,noise,"Noise, joke, hype, or vague reply",10,10,0,10,noise,25,{},question.intent:10
msg_00074,Pledge Class 28,Fraternity pledge chat,Tyler,2026-04-17T19:40:00.000Z,,formal tickets are due by midnight tomorrow,important,deadline,deadline,Generated important Fraternity pledge chat message,100,100,8,100,deadline,100,"{""👀"":1}",deadline.explicit:32; deadline.payment:18; event.social-anchor:12; time.relative:8; time.explicit:12; deadline.date-context:18; event.concrete-time:16; structure.concrete-details:8
msg_00075,Pledge Class 28,Fraternity pledge chat,Ava,2026-04-17T19:44:00.000Z,,pregame at the house?,maybe,question,event_question,Ambiguous message that may be useful in context,30,30,0,30,question,64,"{""😂"":1}",event.social-anchor:12; question.intent:10; question.event-context:8
msg_00076,Pledge Class 28,Fraternity pledge chat,Sam,2026-04-17T19:46:00.000Z,msg_00038,who has the speaker?,maybe,question,item_question,Ambiguous message that may be useful in context,10,10,0,10,noise,25,{},question.intent:10
msg_00077,Pledge Class 28,Fraternity pledge chat,Jordan,2026-04-17T19:49:00.000Z,,chapter moved to Thursday at 6,important,announcement,change,Generated important Fraternity pledge chat message,100,100,20,100,announcement,100,"{""✅"":1,""👀"":1}",event.social-anchor:12; event.meeting-time:24; announcement.change:30; time.weekday:7; time.explicit:12; event.concrete-time:16; announcement.date-context:14; structure.concrete-details:8
msg_00078,Pledge Class 28,Fraternity pledge chat,Tyler,2026-04-17T19:53:00.000Z,,who up,noise,noise,noise,"Noise, joke, hype, or vague reply",0,0,0,0,noise,20,{},noise.hype-only:-24; noise.casual-question:-14; noise.vague-short:-12
msg_00079,Pledge Class 28,Fraternity pledge chat,Jordan,2026-04-17T19:55:00.000Z,,anyone able to grab snacks?,maybe,request,soft_request,Ambiguous message that may be useful in context,73,73,8,81,request,86,"{""👀"":1}",request.can-someone:24; logistics.supplies:25; question.intent:10; request.bring-supplies:14
msg_00080,Pledge Class 28,Fraternity pledge chat,Maya,2026-04-17T19:59:00.000Z,,need 3 sober drivers tonight for formal,important,logistics,ride_request,Generated important Fraternity pledge chat message,100,100,8,100,logistics,100,"{""👀"":1}",request.concrete-need:28; logistics.transport:20; logistics.sober-drivers:30; event.social-anchor:12; time.relative:8; event.concrete-time:16; request.urgent-tonight:12; structure.concrete-details:8
msg_00081,Pledge Class 28,Fraternity pledge chat,Sam,2026-04-17T20:02:00.000Z,,real,noise,noise,noise,"Noise, joke, hype, or vague reply",0,0,0,0,noise,20,{},noise.one-word:-18; noise.casual-reply:-28; noise.vague-short:-12
msg_00082,Pledge Class 28,Fraternity pledge chat,Mason,2026-04-17T20:04:00.000Z,,who has the speaker?,maybe,question,item_question,Ambiguous message that may be useful in context,10,10,0,10,noise,25,{},question.intent:10
msg_00083,Pledge Class 28,Fraternity pledge chat,Drew,2026-04-17T20:07:00.000Z,,what time are y'all leaving?,maybe,plan,departure_question,Ambiguous message that may be useful in context,30,30,0,30,plan,56,{},plan.leaving-meeting:20; question.intent:10
msg_00084,Pledge Class 28,Fraternity pledge chat,Jordan,2026-04-17T20:11:00.000Z,msg_00072,might go downtown later,maybe,noise,vague_plan,Ambiguous message that may be useful in context,12,12,0,12,noise,26,{},event.social-anchor:12
msg_00085,Pledge Class 28,Fraternity pledge chat,Maya,2026-04-17T20:13:00.000Z,,lmao,noise,noise,noise,"Noise, joke, hype, or vague reply",0,0,0,0,noise,20,{},noise.one-word:-18; noise.laughter:-35; noise.vague-short:-12
msg_00086,Pledge Class 28,Fraternity pledge chat,Tyler,2026-04-17T20:16:00.000Z,,formal apology incoming,noise,noise,noise,"Noise, joke, hype, or vague reply",12,12,0,12,noise,26,{},event.social-anchor:12
msg_00087,Pledge Class 28,Fraternity pledge chat,Nick,2026-04-17T20:18:00.000Z,,bro,noise,noise,noise,"Noise, joke, hype, or vague reply",0,0,0,0,noise,20,"{""💀"":1,""😂"":2}",noise.one-word:-18; noise.casual-reply:-28; noise.vague-short:-12
msg_00088,Pledge Class 28,Fraternity pledge chat,Tyler,2026-04-17T20:22:00.000Z,,dues are due by Sunday night,important,deadline,dues,Generated important Fraternity pledge chat message,83,83,0,83,deadline,100,{},deadline.explicit:32; deadline.payment:18; time.weekday:7; deadline.date-context:18; structure.concrete-details:8
msg_00089,Pledge Class 28,Fraternity pledge chat,Bella,2026-04-17T20:26:00.000Z,,can someone bring speakers to the pregame,important,request,supplies,Generated important Fraternity pledge chat message,85,85,30,100,request,98,"{""✅"":1,""👀"":1,""📌"":1}",request.can-someone:24; logistics.supplies:25; event.social-anchor:12; question.intent:10; request.bring-supplies:14
msg_00090,Pledge Class 28,Fraternity pledge chat,Chris,2026-04-17T20:29:00.000Z,,????????,noise,noise,noise,"Noise, joke, hype, or vague reply",0,0,3,3,noise,22,"{""🔥"":1}",question.intent:10; noise.one-word:-18; noise.repeated:-16; noise.vague-short:-12
msg_00091,Pledge Class 28,Fraternity pledge chat,Mason,2026-04-17T20:32:00.000Z,,chapter moved to Thursday at 6,important,announcement,change,Generated important Fraternity pledge chat message,100,100,12,100,announcement,100,"{""✅"":1}",event.social-anchor:12; event.meeting-time:24; announcement.change:30; time.weekday:7; time.explicit:12; event.concrete-time:16; announcement.date-context:14; structure.concrete-details:8
msg_00092,Pledge Class 28,Fraternity pledge chat,Mason,2026-04-17T20:33:00.000Z,,does anyone have tickets left?,maybe,request,ticket_availability,Ambiguous message that may be useful in context,46,46,12,58,request,69,"{""✅"":1}",deadline.payment:18; request.ticket-availability:18; question.intent:10
msg_00093,Pledge Class 28,Fraternity pledge chat,Riley,2026-04-17T20:38:00.000Z,,dues are due by Sunday night,important,deadline,dues,Generated important Fraternity pledge chat message,83,83,12,95,deadline,100,"{""✅"":1}",deadline.explicit:32; deadline.payment:18; time.weekday:7; deadline.date-context:18; structure.concrete-details:8
msg_00094,Pledge Class 28,Fraternity pledge chat,Riley,2026-04-17T20:40:00.000Z,,need 3 sober drivers tonight for formal,important,logistics,ride_request,Generated important Fraternity pledge chat message,100,100,20,100,logistics,100,"{""✅"":1,""👀"":1}",request.concrete-need:28; logistics.transport:20; logistics.sober-drivers:30; event.social-anchor:12; time.relative:8; event.concrete-time:16; request.urgent-tonight:12; structure.concrete-details:8
msg_00095,Pledge Class 28,Fraternity pledge chat,Sam,2026-04-17T20:44:00.000Z,,dues are due by Sunday night,important,deadline,dues,Generated important Fraternity pledge chat message,83,83,20,100,deadline,100,"{""✅"":1,""👀"":1}",deadline.explicit:32; deadline.payment:18; time.weekday:7; deadline.date-context:18; structure.concrete-details:8
msg_00096,Pledge Class 28,Fraternity pledge chat,Sam,2026-04-17T20:46:00.000Z,,rush meeting is at 6 in the house,important,event,meeting_time,Generated important Fraternity pledge chat message,72,72,30,100,event,100,"{""👀"":1,""📌"":1}",event.social-anchor:12; event.meeting-time:24; time.explicit:12; event.concrete-time:16; structure.concrete-details:8
msg_00097,Pledge Class 28,Fraternity pledge chat,Sam,2026-04-17T20:49:00.000Z,,9 is crazy,noise,noise,noise,"Noise, joke, hype, or vague reply",0,0,6,6,noise,23,"{""🔥"":2,""💀"":2}",noise.vague-short:-12
msg_00098,Pledge Class 28,Fraternity pledge chat,Nick,2026-04-17T20:51:00.000Z,,what time are y'all leaving?,maybe,plan,departure_question,Ambiguous message that may be useful in context,30,30,0,30,plan,56,{},plan.leaving-meeting:20; question.intent:10
msg_00099,Pledge Class 28,Fraternity pledge chat,Jordan,2026-04-17T20:56:00.000Z,,what time is tailgate again,maybe,question,event_question,Ambiguous message that may be useful in context,30,30,8,38,question,64,"{""👀"":1,""😂"":1}",event.social-anchor:12; question.intent:10; question.event-context:8
msg_00100,Pledge Class 28,Fraternity pledge chat,Mia,2026-04-17T20:58:00.000Z,msg_00069,formal tickets are due by midnight tomorrow,important,deadline,deadline,Generated important Fraternity pledge chat message,100,100,12,100,deadline,100,"{""✅"":1}",deadline.explicit:32; deadline.payment:18; event.social-anchor:12; time.relative:8; time.explicit:12; deadline.date-context:18; event.concrete-time:16; structure.concrete-details:8
msg_00101,Pledge Class 28,Fraternity pledge chat,Mia,2026-04-17T21:00:00.000Z,,I could drive tomorrow,maybe,logistics,availability,Ambiguous message that may be useful in context,50,50,0,50,logistics,71,"{""😂"":1}",logistics.transport:20; commitment.availability:22; time.relative:8
msg_00102,Pledge Class 28,Fraternity pledge chat,Cam,2026-04-17T21:04:00.000Z,msg_00089,I could drive tomorrow,maybe,logistics,availability,Ambiguous message that may be useful in context,50,50,0,50,logistics,71,{},logistics.transport:20; commitment.availability:22; time.relative:8
msg_00103,Pledge Class 28,Fraternity pledge chat,Sam,2026-04-17T21:07:00.000Z,,????????,noise,noise,noise,"Noise, joke, hype, or vague reply",0,0,0,0,noise,20,"{""😂"":1,""💀"":1}",question.intent:10; noise.one-word:-18; noise.repeated:-16; noise.vague-short:-12
msg_00104,Pledge Class 28,Fraternity pledge chat,Sam,2026-04-17T21:10:00.000Z,,pregame at the house?,maybe,question,event_question,Ambiguous message that may be useful in context,30,30,0,30,question,64,{},event.social-anchor:12; question.intent:10; question.event-context:8
msg_00105,Pledge Class 28,Fraternity pledge chat,Riley,2026-04-17T21:12:00.000Z,,rush meeting is at 6 in the house,important,event,meeting_time,Generated important Fraternity pledge chat message,72,72,12,84,event,100,"{""✅"":1}",event.social-anchor:12; event.meeting-time:24; time.explicit:12; event.concrete-time:16; structure.concrete-details:8
msg_00106,Pledge Class 28,Fraternity pledge chat,Drew,2026-04-17T21:15:00.000Z,msg_00028,I could drive tomorrow,maybe,logistics,availability,Ambiguous message that may be useful in context,50,50,8,58,logistics,71,"{""❓"":1}",logistics.transport:20; commitment.availability:22; time.relative:8
msg_00107,Pledge Class 28,Fraternity pledge chat,Chris,2026-04-17T21:18:00.000Z,,we need one more for the Uber leaving at 9,important,logistics,ride_count,Generated important Fraternity pledge chat message,88,88,0,88,logistics,100,{},request.concrete-need:28; logistics.transport:20; time.explicit:12; logistics.uber-count:20; structure.concrete-details:8
msg_00108,Pledge Class 28,Fraternity pledge chat,Sam,2026-04-17T21:21:00.000Z,,🔥🔥🔥,noise,noise,noise,"Noise, joke, hype, or vague reply",0,0,0,0,noise,20,{},noise.one-word:-18; noise.emoji-only:-35; noise.vague-short:-12
msg_00109,Pledge Class 28,Fraternity pledge chat,Bella,2026-04-17T21:25:00.000Z,,dues are due by Sunday night,important,deadline,dues,Generated important Fraternity pledge chat message,83,83,30,100,deadline,100,"{""✅"":1,""📌"":1}",deadline.explicit:32; deadline.payment:18; time.weekday:7; deadline.date-context:18; structure.concrete-details:8
msg_00110,Pledge Class 28,Fraternity pledge chat,Bella,2026-04-17T21:27:00.000Z,,need 3 sober drivers tonight for formal,important,logistics,ride_request,Generated important Fraternity pledge chat message,100,100,0,100,logistics,100,{},request.concrete-need:28; logistics.transport:20; logistics.sober-drivers:30; event.social-anchor:12; time.relative:8; event.concrete-time:16; request.urgent-tonight:12; structure.concrete-details:8
msg_00111,Pledge Class 28,Fraternity pledge chat,Sam,2026-04-17T21:32:00.000Z,,dues are due by Sunday night,important,deadline,dues,Generated important Fraternity pledge chat message,83,83,8,91,deadline,100,"{""👀"":1}",deadline.explicit:32; deadline.payment:18; time.weekday:7; deadline.date-context:18; structure.concrete-details:8
msg_00112,Pledge Class 28,Fraternity pledge chat,Tyler,2026-04-17T21:35:00.000Z,,Friday was insane,noise,noise,noise,"Noise, joke, hype, or vague reply",7,7,0,7,noise,24,{},time.weekday:7
msg_00113,Pledge Class 28,Fraternity pledge chat,Nick,2026-04-17T21:38:00.000Z,,need bro to retire,noise,noise,noise,"Noise, joke, hype, or vague reply",0,0,0,0,noise,20,{},
msg_00114,Pledge Class 28,Fraternity pledge chat,Chris,2026-04-17T21:40:00.000Z,,can someone tell Tyler to chill,noise,noise,noise,"Noise, joke, hype, or vague reply",10,10,0,10,noise,25,{},question.intent:10
msg_00115,Pledge Class 28,Fraternity pledge chat,Nick,2026-04-17T21:44:00.000Z,,formal tickets are due by midnight tomorrow,important,deadline,deadline,Generated important Fraternity pledge chat message,100,100,12,100,deadline,100,"{""✅"":1}",deadline.explicit:32; deadline.payment:18; event.social-anchor:12; time.relative:8; time.explicit:12; deadline.date-context:18; event.concrete-time:16; structure.concrete-details:8
msg_00116,Pledge Class 28,Fraternity pledge chat,Sophia,2026-04-17T21:47:00.000Z,,lol,noise,noise,noise,"Noise, joke, hype, or vague reply",0,0,0,0,noise,20,"{""😂"":1}",noise.one-word:-18; noise.laughter:-35; noise.vague-short:-12
msg_00117,Pledge Class 28,Fraternity pledge chat,Logan,2026-04-17T21:50:00.000Z,msg_00020,can someone bring speakers to the pregame,important,request,supplies,Generated important Fraternity pledge chat message,85,85,8,93,request,98,"{""👀"":1}",request.can-someone:24; logistics.supplies:25; event.social-anchor:12; question.intent:10; request.bring-supplies:14
msg_00118,Pledge Class 28,Fraternity pledge chat,Sam,2026-04-17T21:51:00.000Z,msg_00016,formal apology incoming,noise,noise,noise,"Noise, joke, hype, or vague reply",12,12,0,12,noise,26,{},event.social-anchor:12
msg_00119,Pledge Class 28,Fraternity pledge chat,Chris,2026-04-17T21:56:00.000Z,,chapter moved to Thursday at 6,important,announcement,change,Generated important Fraternity pledge chat message,100,100,0,100,announcement,100,{},event.social-anchor:12; event.meeting-time:24; announcement.change:30; time.weekday:7; time.explicit:12; event.concrete-time:16; announcement.date-context:14; structure.concrete-details:8
msg_00120,Pledge Class 28,Fraternity pledge chat,Riley,2026-04-17T21:57:00.000Z,,does anyone have tickets left?,maybe,request,ticket_availability,Ambiguous message that may be useful in context,46,46,8,54,request,69,"{""👀"":1}",deadline.payment:18; request.ticket-availability:18; question.intent:10
msg_00121,Pledge Class 28,Fraternity pledge chat,Sam,2026-04-17T22:02:00.000Z,msg_00051,go go go go,noise,noise,noise,"Noise, joke, hype, or vague reply",0,0,8,8,noise,24,"{""🔥"":3,""😂"":3,""💀"":1}",noise.repeated:-16; noise.vague-short:-12
msg_00122,Pledge Class 28,Fraternity pledge chat,Ava,2026-04-17T22:04:00.000Z,,are we still doing the same place?,maybe,question,context_needed,Ambiguous message that may be useful in context,10,10,0,10,noise,25,"{""😂"":1}",question.intent:10
msg_00123,Pledge Class 28,Fraternity pledge chat,Nick,2026-04-17T22:07:00.000Z,msg_00059,🔥🔥🔥,noise,noise,noise,"Noise, joke, hype, or vague reply",0,0,0,0,noise,20,{},noise.one-word:-18; noise.emoji-only:-35; noise.vague-short:-12
msg_00124,Pledge Class 28,Fraternity pledge chat,Maya,2026-04-17T22:11:00.000Z,,anyone going out tonight?,maybe,plan,loose_plan,Ambiguous message that may be useful in context,38,38,0,38,plan,67,"{""😂"":1}",plan.whos-going:20; time.relative:8; question.intent:10
msg_00125,Pledge Class 28,Fraternity pledge chat,Riley,2026-04-17T22:14:00.000Z,,are we still doing the same place?,maybe,question,context_needed,Ambiguous message that may be useful in context,10,10,8,18,noise,29,"{""✅"":1}",question.intent:10
msg_00126,Pledge Class 28,Fraternity pledge chat,Logan,2026-04-17T22:15:00.000Z,,can someone bring speakers to the pregame,important,request,supplies,Generated important Fraternity pledge chat message,85,85,20,100,request,98,"{""✅"":1,""❓"":1}",request.can-someone:24; logistics.supplies:25; event.social-anchor:12; question.intent:10; request.bring-supplies:14
msg_00127,Pledge Class 28,Fraternity pledge chat,Logan,2026-04-17T22:19:00.000Z,,yo,noise,noise,noise,"Noise, joke, hype, or vague reply",0,0,0,0,noise,20,{},noise.one-word:-18; noise.casual-reply:-28; noise.vague-short:-12
msg_00128,Pledge Class 28,Fraternity pledge chat,Ava,2026-04-17T22:22:00.000Z,,he fell off,noise,noise,noise,"Noise, joke, hype, or vague reply",0,0,0,0,noise,20,{},noise.hype-only:-24; noise.vague-short:-12
msg_00129,Pledge Class 28,Fraternity pledge chat,Sophia,2026-04-17T22:25:00.000Z,,chapter moved to Thursday at 6,important,announcement,change,Generated important Fraternity pledge chat message,100,100,12,100,announcement,100,"{""✅"":1}",event.social-anchor:12; event.meeting-time:24; announcement.change:30; time.weekday:7; time.explicit:12; event.concrete-time:16; announcement.date-context:14; structure.concrete-details:8
msg_00130,Pledge Class 28,Fraternity pledge chat,Jordan,2026-04-17T22:29:00.000Z,,what time is tailgate again,maybe,question,event_question,Ambiguous message that may be useful in context,30,30,16,46,question,64,"{""❓"":1,""👀"":1}",event.social-anchor:12; question.intent:10; question.event-context:8
msg_00131,Pledge Class 28,Fraternity pledge chat,Cam,2026-04-17T22:31:00.000Z,,what time is tailgate again,maybe,question,event_question,Ambiguous message that may be useful in context,30,30,8,38,question,64,"{""❓"":1}",event.social-anchor:12; question.intent:10; question.event-context:8
msg_00132,Pledge Class 28,Fraternity pledge chat,Bella,2026-04-17T22:35:00.000Z,,who up,noise,noise,noise,"Noise, joke, hype, or vague reply",0,0,0,0,noise,20,{},noise.hype-only:-24; noise.casual-question:-14; noise.vague-short:-12
msg_00133,Pledge Class 28,Fraternity pledge chat,Sophia,2026-04-17T22:36:00.000Z,,absolute cinema,noise,noise,noise,"Noise, joke, hype, or vague reply",0,0,3,3,noise,22,"{""😂"":2,""🔥"":1}",noise.hype-only:-24; noise.vague-short:-12
msg_00134,Pledge Class 28,Fraternity pledge chat,Mason,2026-04-17T22:40:00.000Z,,who all is going Friday?,maybe,plan,attendance_question,Ambiguous message that may be useful in context,37,37,18,55,plan,66,"{""❓"":1,""✅"":1}",plan.whos-going:20; time.weekday:7; question.intent:10
msg_00135,Pledge Class 28,Fraternity pledge chat,Logan,2026-04-17T22:44:00.000Z,,who has the speaker?,maybe,question,item_question,Ambiguous message that may be useful in context,10,10,0,10,noise,25,{},question.intent:10
msg_00136,Pledge Class 28,Fraternity pledge chat,Maya,2026-04-17T22:47:00.000Z,,we need one more for the Uber leaving at 9,important,logistics,ride_count,Generated important Fraternity pledge chat message,88,88,0,88,logistics,100,{},request.concrete-need:28; logistics.transport:20; time.explicit:12; logistics.uber-count:20; structure.concrete-details:8
msg_00137,Pledge Class 28,Fraternity pledge chat,Logan,2026-04-17T22:50:00.000Z,msg_00052,lol,noise,noise,noise,"Noise, joke, hype, or vague reply",0,0,0,0,noise,20,"{""😂"":2,""💀"":1}",noise.one-word:-18; noise.laughter:-35; noise.vague-short:-12
msg_00138,Pledge Class 28,Fraternity pledge chat,Maya,2026-04-17T22:51:00.000Z,,I could drive tomorrow,maybe,logistics,availability,Ambiguous message that may be useful in context,50,50,0,50,logistics,71,{},logistics.transport:20; commitment.availability:22; time.relative:8
msg_00139,Pledge Class 28,Fraternity pledge chat,Riley,2026-04-17T22:56:00.000Z,,who up,noise,noise,noise,"Noise, joke, hype, or vague reply",0,0,0,0,noise,20,{},noise.hype-only:-24; noise.casual-question:-14; noise.vague-short:-12
msg_00140,Pledge Class 28,Fraternity pledge chat,Riley,2026-04-17T22:58:00.000Z,,Friday was insane,noise,noise,noise,"Noise, joke, hype, or vague reply",7,7,0,7,noise,24,{},time.weekday:7
msg_00141,Pledge Class 28,Fraternity pledge chat,Sophia,2026-04-17T23:02:00.000Z,msg_00108,9 is crazy,noise,noise,noise,"Noise, joke, hype, or vague reply",0,0,0,0,noise,20,{},noise.vague-short:-12
msg_00142,Pledge Class 28,Fraternity pledge chat,Tyler,2026-04-17T23:04:00.000Z,,where are we meeting?,maybe,plan,meeting_question,Ambiguous message that may be useful in context,50,50,8,58,plan,79,"{""👀"":1}",event.social-anchor:12; plan.leaving-meeting:20; question.intent:10; question.event-context:8
msg_00143,Pledge Class 28,Fraternity pledge chat,Cam,2026-04-17T23:07:00.000Z,,can someone bring speakers to the pregame,important,request,supplies,Generated important Fraternity pledge chat message,85,85,30,100,request,98,"{""👀"":1,""📌"":1}",request.can-someone:24; logistics.supplies:25; event.social-anchor:12; question.intent:10; request.bring-supplies:14
msg_00144,Pledge Class 28,Fraternity pledge chat,Sam,2026-04-17T23:10:00.000Z,,dues are due by Sunday night,important,deadline,dues,Generated important Fraternity pledge chat message,83,83,0,83,deadline,100,{},deadline.explicit:32; deadline.payment:18; time.weekday:7; deadline.date-context:18; structure.concrete-details:8
msg_00145,Pledge Class 28,Fraternity pledge chat,Logan,2026-04-17T23:13:00.000Z,,anyone able to grab snacks?,maybe,request,soft_request,Ambiguous message that may be useful in context,73,73,8,81,request,86,"{""❓"":1}",request.can-someone:24; logistics.supplies:25; question.intent:10; request.bring-supplies:14
msg_00146,Pledge Class 28,Fraternity pledge chat,Maya,2026-04-17T23:15:00.000Z,,absolute cinema,noise,noise,noise,"Noise, joke, hype, or vague reply",0,0,0,0,noise,20,{},noise.hype-only:-24; noise.vague-short:-12
msg_00147,Pledge Class 28,Fraternity pledge chat,Cam,2026-04-17T23:20:00.000Z,,yo,noise,noise,noise,"Noise, joke, hype, or vague reply",0,0,3,3,noise,22,"{""😂"":3,""💀"":2,""🔥"":1}",noise.one-word:-18; noise.casual-reply:-28; noise.vague-short:-12
msg_00148,Pledge Class 28,Fraternity pledge chat,Chris,2026-04-17T23:22:00.000Z,msg_00055,🔥🔥🔥,noise,noise,noise,"Noise, joke, hype, or vague reply",0,0,0,0,noise,20,{},noise.one-word:-18; noise.emoji-only:-35; noise.vague-short:-12
msg_00149,Pledge Class 28,Fraternity pledge chat,Cam,2026-04-17T23:25:00.000Z,,anyone going out tonight?,maybe,plan,loose_plan,Ambiguous message that may be useful in context,38,38,0,38,plan,67,{},plan.whos-going:20; time.relative:8; question.intent:10
msg_00150,Pledge Class 28,Fraternity pledge chat,Chris,2026-04-17T23:27:00.000Z,,what time is tailgate again,maybe,question,event_question,Ambiguous message that may be useful in context,30,30,8,38,question,64,"{""👀"":1}",event.social-anchor:12; question.intent:10; question.event-context:8
msg_00151,Pledge Class 28,Fraternity pledge chat,Bella,2026-04-17T23:32:00.000Z,,we need one more for the Uber leaving at 9,important,logistics,ride_count,Generated important Fraternity pledge chat message,88,88,8,96,logistics,100,"{""👀"":1}",request.concrete-need:28; logistics.transport:20; time.explicit:12; logistics.uber-count:20; structure.concrete-details:8
msg_00152,Pledge Class 28,Fraternity pledge chat,Nick,2026-04-17T23:33:00.000Z,,W,noise,noise,noise,"Noise, joke, hype, or vague reply",0,0,0,0,noise,20,"{""😂"":1}",noise.one-word:-18; noise.casual-reply:-28; noise.vague-short:-12
msg_00153,Pledge Class 28,Fraternity pledge chat,Sam,2026-04-17T23:37:00.000Z,,formal tickets are due by midnight tmr,important,deadline,deadline,Generated important Fraternity pledge chat message,100,100,12,100,deadline,100,"{""✅"":1}",deadline.explicit:32; deadline.payment:18; event.social-anchor:12; time.explicit:12; deadline.date-context:18; event.concrete-time:16; structure.concrete-details:8
msg_00154,Pledge Class 28,Fraternity pledge chat,Mia,2026-04-17T23:40:00.000Z,,bro,noise,noise,noise,"Noise, joke, hype, or vague reply",0,0,0,0,noise,20,{},noise.one-word:-18; noise.casual-reply:-28; noise.vague-short:-12
msg_00155,Pledge Class 28,Fraternity pledge chat,Sam,2026-04-17T23:44:00.000Z,,that was crazy,noise,noise,noise,"Noise, joke, hype, or vague reply",0,0,6,6,noise,23,"{""🔥"":2,""😂"":2}",noise.hype-only:-24; noise.vague-short:-12
msg_00156,Pledge Class 28,Fraternity pledge chat,Chris,2026-04-17T23:47:00.000Z,,skull,noise,noise,noise,"Noise, joke, hype, or vague reply",0,0,0,0,noise,20,{},noise.one-word:-18; noise.casual-reply:-28; noise.vague-short:-12
msg_00157,Pledge Class 28,Fraternity pledge chat,Sam,2026-04-17T23:49:00.000Z,msg_00116,absolute cinema,noise,noise,noise,"Noise, joke, hype, or vague reply",0,0,0,0,noise,20,{},noise.hype-only:-24; noise.vague-short:-12
msg_00158,Pledge Class 28,Fraternity pledge chat,Riley,2026-04-17T23:51:00.000Z,msg_00042,might go downtown later,maybe,noise,vague_plan,Ambiguous message that may be useful in context,12,12,8,20,noise,30,"{""👀"":1}",event.social-anchor:12
msg_00159,Pledge Class 28,Fraternity pledge chat,Sophia,2026-04-17T23:54:00.000Z,,meeting my downfall rn,noise,noise,noise,"Noise, joke, hype, or vague reply",12,12,0,12,noise,26,{},event.social-anchor:12
msg_00160,Pledge Class 28,Fraternity pledge chat,Bella,2026-04-17T23:58:00.000Z,,need 3 sober drivers tonight for formal,important,logistics,ride_request,Generated important Fraternity pledge chat message,100,100,12,100,logistics,100,"{""✅"":1}",request.concrete-need:28; logistics.transport:20; logistics.sober-drivers:30; event.social-anchor:12; time.relative:8; event.concrete-time:16; request.urgent-tonight:12; structure.concrete-details:8
msg_00161,Pledge Class 28,Fraternity pledge chat,Sophia,2026-04-18T00:02:00.000Z,,absolute cinema,noise,noise,noise,"Noise, joke, hype, or vague reply",0,0,0,0,noise,20,"{""💀"":1,""😂"":1}",noise.hype-only:-24; noise.vague-short:-12
msg_00162,Pledge Class 28,Fraternity pledge chat,Bella,2026-04-18T00:05:00.000Z,,tomorrow gonna be wild,noise,noise,noise,"Noise, joke, hype, or vague reply",8,8,0,8,noise,24,{},time.relative:8
msg_00163,Pledge Class 28,Fraternity pledge chat,Logan,2026-04-18T00:08:00.000Z,,rush hour traffic sucks,noise,noise,noise,"Noise, joke, hype, or vague reply",12,12,0,12,noise,26,{},event.social-anchor:12
msg_00164,Pledge Class 28,Fraternity pledge chat,Drew,2026-04-18T00:10:00.000Z,,who all is going Friday?,maybe,plan,attendance_question,Ambiguous message that may be useful in context,37,37,0,37,plan,66,{},plan.whos-going:20; time.weekday:7; question.intent:10
msg_00165,Pledge Class 28,Fraternity pledge chat,Mason,2026-04-18T00:13:00.000Z,,rush meeting is at 6 in the house,important,event,meeting_time,Generated important Fraternity pledge chat message,72,72,0,72,event,100,{},event.social-anchor:12; event.meeting-time:24; time.explicit:12; event.concrete-time:16; structure.concrete-details:8
msg_00166,Pledge Class 28,Fraternity pledge chat,Bella,2026-04-18T00:15:00.000Z,,anyone able to grab snacks?,maybe,request,soft_request,Ambiguous message that may be useful in context,73,73,0,73,request,86,{},request.can-someone:24; logistics.supplies:25; question.intent:10; request.bring-supplies:14
msg_00167,Pledge Class 28,Fraternity pledge chat,Nick,2026-04-18T00:19:00.000Z,,fire,noise,noise,noise,"Noise, joke, hype, or vague reply",0,0,0,0,noise,20,{},noise.one-word:-18; noise.casual-reply:-28; noise.vague-short:-12
msg_00168,Pledge Class 28,Fraternity pledge chat,Tyler,2026-04-18T00:22:00.000Z,,chapter moved to Thursday at 6,important,announcement,change,Generated important Fraternity pledge chat message,100,100,20,100,announcement,100,"{""✅"":1,""👀"":1}",event.social-anchor:12; event.meeting-time:24; announcement.change:30; time.weekday:7; time.explicit:12; event.concrete-time:16; announcement.date-context:14; structure.concrete-details:8
msg_00169,Pledge Class 28,Fraternity pledge chat,Riley,2026-04-18T00:26:00.000Z,,you had to be there,noise,noise,noise,"Noise, joke, hype, or vague reply",0,0,0,0,noise,20,{},noise.hype-only:-24
msg_00170,Pledge Class 28,Fraternity pledge chat,Jordan,2026-04-18T00:28:00.000Z,,I can drive after 10,maybe,logistics,availability,Ambiguous message that may be useful in context,42,42,18,60,logistics,60,"{""❓"":1,""✅"":1}",logistics.transport:20; commitment.availability:22
msg_00171,Pledge Class 28,Fraternity pledge chat,Ava,2026-04-18T00:32:00.000Z,,lmao,noise,noise,noise,"Noise, joke, hype, or vague reply",0,0,0,0,noise,20,{},noise.one-word:-18; noise.laughter:-35; noise.vague-short:-12
msg_00172,Pledge Class 28,Fraternity pledge chat,Maya,2026-04-18T00:34:00.000Z,,who all is going Friday?,maybe,plan,attendance_question,Ambiguous message that may be useful in context,37,37,12,49,plan,66,"{""✅"":1}",plan.whos-going:20; time.weekday:7; question.intent:10
msg_00173,Pledge Class 28,Fraternity pledge chat,Jordan,2026-04-18T00:36:00.000Z,,need 3 sober drivers tonight for formal,important,logistics,ride_request,Generated important Fraternity pledge chat message,100,100,12,100,logistics,100,"{""✅"":1}",request.concrete-need:28; logistics.transport:20; logistics.sober-drivers:30; event.social-anchor:12; time.relative:8; event.concrete-time:16; request.urgent-tonight:12; structure.concrete-details:8
msg_00174,Pledge Class 28,Fraternity pledge chat,Mia,2026-04-18T00:39:00.000Z,msg_00147,skull,noise,noise,noise,"Noise, joke, hype, or vague reply",0,0,3,3,noise,22,"{""🔥"":1}",noise.one-word:-18; noise.casual-reply:-28; noise.vague-short:-12
msg_00175,Pledge Class 28,Fraternity pledge chat,Chris,2026-04-18T00:43:00.000Z,,might go downtown later,maybe,noise,vague_plan,Ambiguous message that may be useful in context,12,12,8,20,noise,30,"{""👀"":1,""✅"":1}",event.social-anchor:12
msg_00176,Pledge Class 28,Fraternity pledge chat,Sam,2026-04-18T00:47:00.000Z,,chapter moved to Thursday at 6,important,announcement,change,Generated important Fraternity pledge chat message,100,100,8,100,announcement,100,"{""👀"":1}",event.social-anchor:12; event.meeting-time:24; announcement.change:30; time.weekday:7; time.explicit:12; event.concrete-time:16; announcement.date-context:14; structure.concrete-details:8
msg_00177,Pledge Class 28,Fraternity pledge chat,Mason,2026-04-18T00:49:00.000Z,,does anyone have tickets left?,maybe,request,ticket_availability,Ambiguous message that may be useful in context,46,46,8,54,request,69,"{""👀"":1}",deadline.payment:18; request.ticket-availability:18; question.intent:10
msg_00178,Pledge Class 28,Fraternity pledge chat,Jordan,2026-04-18T00:53:00.000Z,,go go go go,noise,noise,noise,"Noise, joke, hype, or vague reply",0,0,0,0,noise,20,{},noise.repeated:-16; noise.vague-short:-12
msg_00179,Pledge Class 28,Fraternity pledge chat,Nick,2026-04-18T00:56:00.000Z,,I can drive after 10,maybe,logistics,availability,Ambiguous message that may be useful in context,42,42,8,50,logistics,60,"{""👀"":1}",logistics.transport:20; commitment.availability:22
msg_00180,Pledge Class 28,Fraternity pledge chat,Maya,2026-04-18T00:59:00.000Z,msg_00170,can someone bring speakers to the pregame,important,request,supplies,Generated important Fraternity pledge chat message,85,85,16,100,request,98,"{""👀"":1,""❓"":1}",request.can-someone:24; logistics.supplies:25; event.social-anchor:12; question.intent:10; request.bring-supplies:14
msg_00181,Kappa Event Crew,Sorority event planning chat,Jordan,2026-04-18T01:02:00.000Z,,I could drive tomorrow,maybe,logistics,availability,Ambiguous message that may be useful in context,50,50,0,50,logistics,71,{},logistics.transport:20; commitment.availability:22; time.relative:8
msg_00182,Kappa Event Crew,Sorority event planning chat,Riley,2026-04-18T01:04:00.000Z,,forms are due by 5pm,important,deadline,forms,Generated important Sorority event planning chat message,80,80,8,88,deadline,99,"{""👀"":1}",deadline.explicit:32; deadline.payment:18; time.explicit:12; deadline.date-context:18
msg_00183,Kappa Event Crew,Sorority event planning chat,Ava,2026-04-18T01:06:00.000Z,,forms are due by 5pm,important,deadline,forms,Generated important Sorority event planning chat message,80,80,12,92,deadline,99,"{""✅"":1}",deadline.explicit:32; deadline.payment:18; time.explicit:12; deadline.date-context:18
msg_00184,Kappa Event Crew,Sorority event planning chat,Sam,2026-04-18T01:10:00.000Z,,who has the speaker?,maybe,question,item_question,Ambiguous message that may be useful in context,10,10,0,10,noise,25,{},question.intent:10
msg_00185,Kappa Event Crew,Sorority event planning chat,Olivia,2026-04-18T01:13:00.000Z,,can anyone grab ice before chapter,important,request,supplies,Generated important Sorority event planning chat message,75,75,20,95,request,87,"{""✅"":1,""👀"":1}",request.can-someone:24; logistics.supplies:25; event.social-anchor:12; request.bring-supplies:14
msg_00186,Kappa Event Crew,Sorority event planning chat,Olivia,2026-04-18T01:15:00.000Z,,what time is tailgate again,maybe,question,event_question,Ambiguous message that may be useful in context,30,30,0,30,question,64,{},event.social-anchor:12; question.intent:10; question.event-context:8
msg_00187,Kappa Event Crew,Sorority event planning chat,Tyler,2026-04-18T01:20:00.000Z,,fire fit,noise,noise,noise,"Noise, joke, hype, or vague reply",0,0,0,0,noise,20,{},noise.vague-short:-12
msg_00188,Kappa Event Crew,Sorority event planning chat,Ethan,2026-04-18T01:21:00.000Z,,pregame at the house?,maybe,question,event_question,Ambiguous message that may be useful in context,30,30,18,48,question,64,"{""❓"":1,""✅"":1}",event.social-anchor:12; question.intent:10; question.event-context:8
msg_00189,Kappa Event Crew,Sorority event planning chat,Jordan,2026-04-18T01:24:00.000Z,,yo,noise,noise,noise,"Noise, joke, hype, or vague reply",0,0,0,0,noise,20,{},noise.one-word:-18; noise.casual-reply:-28; noise.vague-short:-12
msg_00190,Kappa Event Crew,Sorority event planning chat,Riley,2026-04-18T01:28:00.000Z,,anyone able to grab snacks?,maybe,request,soft_request,Ambiguous message that may be useful in context,73,73,8,81,request,86,"{""👀"":1}",request.can-someone:24; logistics.supplies:25; question.intent:10; request.bring-supplies:14
msg_00191,Kappa Event Crew,Sorority event planning chat,Sam,2026-04-18T01:32:00.000Z,,forms are due by 5pm,important,deadline,forms,Generated important Sorority event planning chat message,80,80,8,88,deadline,99,"{""👀"":1}",deadline.explicit:32; deadline.payment:18; time.explicit:12; deadline.date-context:18
msg_00192,Kappa Event Crew,Sorority event planning chat,Mia,2026-04-18T01:33:00.000Z,,signup closes at noon tomorrow,important,deadline,signup_deadline,Generated important Sorority event planning chat message,96,96,0,96,deadline,100,{},deadline.explicit:32; deadline.payment:18; time.relative:8; time.explicit:12; deadline.date-context:18; structure.concrete-details:8
msg_00193,Kappa Event Crew,Sorority event planning chat,Nick,2026-04-18T01:37:00.000Z,,forms are due by 5pm,important,deadline,forms,Generated important Sorority event planning chat message,80,80,24,100,deadline,99,"{""📌"":1}",deadline.explicit:32; deadline.payment:18; time.explicit:12; deadline.date-context:18
msg_00194,Kappa Event Crew,Sorority event planning chat,Olivia,2026-04-18T01:40:00.000Z,msg_00188,you had to be there,noise,noise,noise,"Noise, joke, hype, or vague reply",0,0,0,0,noise,20,{},noise.hype-only:-24
msg_00195,Kappa Event Crew,Sorority event planning chat,Ava,2026-04-18T01:42:00.000Z,,who up,noise,noise,noise,"Noise, joke, hype, or vague reply",0,0,0,0,noise,20,{},noise.hype-only:-24; noise.casual-question:-14; noise.vague-short:-12
msg_00196,Kappa Event Crew,Sorority event planning chat,Tyler,2026-04-18T01:47:00.000Z,,nah,noise,noise,noise,"Noise, joke, hype, or vague reply",0,0,0,0,noise,20,{},noise.one-word:-18; noise.casual-reply:-28; noise.vague-short:-12
msg_00197,Kappa Event Crew,Sorority event planning chat,Drew,2026-04-18T01:48:00.000Z,msg_00190,skull,noise,noise,noise,"Noise, joke, hype, or vague reply",0,0,0,0,noise,20,{},noise.one-word:-18; noise.casual-reply:-28; noise.vague-short:-12
msg_00198,Kappa Event Crew,Sorority event planning chat,Olivia,2026-04-18T01:52:00.000Z,msg_00182,can anyone grab ice before chapter,important,request,supplies,Generated important Sorority event planning chat message,75,75,8,83,request,87,"{""👀"":1}",request.can-someone:24; logistics.supplies:25; event.social-anchor:12; request.bring-supplies:14
msg_00199,Kappa Event Crew,Sorority event planning chat,Tyler,2026-04-18T01:56:00.000Z,,signup closes at noon tomorrow,important,deadline,signup_deadline,Generated important Sorority event planning chat message,96,96,8,100,deadline,100,"{""👀"":1}",deadline.explicit:32; deadline.payment:18; time.relative:8; time.explicit:12; deadline.date-context:18; structure.concrete-details:8
msg_00200,Kappa Event Crew,Sorority event planning chat,Nick,2026-04-18T01:59:00.000Z,,forms are due by 5pm,important,deadline,forms,Generated important Sorority event planning chat message,80,80,20,100,deadline,99,"{""✅"":1,""👀"":1}",deadline.explicit:32; deadline.payment:18; time.explicit:12; deadline.date-context:18
msg_00201,Kappa Event Crew,Sorority event planning chat,Ava,2026-04-18T02:02:00.000Z,,anyone going out tonight?,maybe,plan,loose_plan,Ambiguous message that may be useful in context,38,38,0,38,plan,67,"{""😂"":1}",plan.whos-going:20; time.relative:8; question.intent:10
msg_00202,Kappa Event Crew,Sorority event planning chat,Olivia,2026-04-18T02:03:00.000Z,,can anyone grab ice before chapter,important,request,supplies,Generated important Sorority event planning chat message,75,75,12,87,request,87,"{""✅"":1}",request.can-someone:24; logistics.supplies:25; event.social-anchor:12; request.bring-supplies:14
msg_00203,Kappa Event Crew,Sorority event planning chat,Maya,2026-04-18T02:08:00.000Z,msg_00181,signup closes at noon tomorrow,important,deadline,signup_deadline,Generated important Sorority event planning chat message,96,96,0,96,deadline,100,{},deadline.explicit:32; deadline.payment:18; time.relative:8; time.explicit:12; deadline.date-context:18; structure.concrete-details:8
msg_00204,Kappa Event Crew,Sorority event planning chat,Logan,2026-04-18T02:09:00.000Z,,who has the speaker?,maybe,question,item_question,Ambiguous message that may be useful in context,10,10,8,18,noise,29,"{""❓"":1,""✅"":1}",question.intent:10
msg_00205,Kappa Event Crew,Sorority event planning chat,Bella,2026-04-18T02:14:00.000Z,,meeting moved to room 204 tonight,important,announcement,room_change,Generated important Sorority event planning chat message,88,88,8,96,announcement,100,"{""👀"":1}",event.social-anchor:12; announcement.change:30; time.relative:8; event.concrete-time:16; announcement.date-context:14; structure.concrete-details:8
msg_00206,Kappa Event Crew,Sorority event planning chat,Jordan,2026-04-18T02:16:00.000Z,,I can bring cups,maybe,logistics,supply_commitment,Ambiguous message that may be useful in context,35,35,0,35,logistics,58,{},logistics.supplies:25; commitment.availability:22; noise.vague-short:-12
msg_00207,Kappa Event Crew,Sorority event planning chat,Ethan,2026-04-18T02:18:00.000Z,,can anyone grab ice before chapter,important,request,supplies,Generated important Sorority event planning chat message,75,75,8,83,request,87,"{""👀"":1}",request.can-someone:24; logistics.supplies:25; event.social-anchor:12; request.bring-supplies:14
msg_00208,Kappa Event Crew,Sorority event planning chat,Nick,2026-04-18T02:21:00.000Z,,signup closes at noon tomorrow,important,deadline,signup_deadline,Generated important Sorority event planning chat message,96,96,0,96,deadline,100,{},deadline.explicit:32; deadline.payment:18; time.relative:8; time.explicit:12; deadline.date-context:18; structure.concrete-details:8
msg_00209,Kappa Event Crew,Sorority event planning chat,Riley,2026-04-18T02:24:00.000Z,,anyone able to grab snacks?,maybe,request,soft_request,Ambiguous message that may be useful in context,73,73,0,73,request,86,{},request.can-someone:24; logistics.supplies:25; question.intent:10; request.bring-supplies:14
msg_00210,Kappa Event Crew,Sorority event planning chat,Ethan,2026-04-18T02:28:00.000Z,,need two cars for the philanthropy event Friday,important,logistics,ride_request,Generated important Sorority event planning chat message,7,7,8,15,noise,28,"{""✅"":1,""👀"":1}",time.weekday:7
msg_00211,Kappa Event Crew,Sorority event planning chat,Bella,2026-04-18T02:30:00.000Z,,I could drive tomorrow,maybe,logistics,availability,Ambiguous message that may be useful in context,50,50,8,58,logistics,71,"{""❓"":1}",logistics.transport:20; commitment.availability:22; time.relative:8
msg_00212,Kappa Event Crew,Sorority event planning chat,Drew,2026-04-18T02:35:00.000Z,,what time is tailgate again,maybe,question,event_question,Ambiguous message that may be useful in context,30,30,18,48,question,64,"{""❓"":1,""👀"":1,""✅"":1}",event.social-anchor:12; question.intent:10; question.event-context:8
msg_00213,Kappa Event Crew,Sorority event planning chat,Sam,2026-04-18T02:37:00.000Z,,pregame at the house?,maybe,question,event_question,Ambiguous message that may be useful in context,30,30,0,30,question,64,{},event.social-anchor:12; question.intent:10; question.event-context:8
msg_00214,Kappa Event Crew,Sorority event planning chat,Chris,2026-04-18T02:41:00.000Z,,meeting moved to room 204 tonight,important,announcement,room_change,Generated important Sorority event planning chat message,88,88,8,96,announcement,100,"{""👀"":1}",event.social-anchor:12; announcement.change:30; time.relative:8; event.concrete-time:16; announcement.date-context:14; structure.concrete-details:8
msg_00215,Kappa Event Crew,Sorority event planning chat,Cam,2026-04-18T02:44:00.000Z,,deadline for being washed is tonight,noise,noise,noise,"Noise, joke, hype, or vague reply",58,58,0,58,deadline,83,{},deadline.explicit:32; time.relative:8; deadline.date-context:18
msg_00216,Kappa Event Crew,Sorority event planning chat,Chris,2026-04-18T02:46:00.000Z,,9 is crazy,noise,noise,noise,"Noise, joke, hype, or vague reply",0,0,0,0,noise,20,{},noise.vague-short:-12
msg_00217,Kappa Event Crew,Sorority event planning chat,Riley,2026-04-18T02:49:00.000Z,,anyone going out tonight?,maybe,plan,loose_plan,Ambiguous message that may be useful in context,38,38,8,46,plan,67,"{""👀"":1}",plan.whos-going:20; time.relative:8; question.intent:10
msg_00218,Kappa Event Crew,Sorority event planning chat,Riley,2026-04-18T02:52:00.000Z,,signup closes at noon tomorrow,important,deadline,signup_deadline,Generated important Sorority event planning chat message,96,96,24,100,deadline,100,"{""📌"":1}",deadline.explicit:32; deadline.payment:18; time.relative:8; time.explicit:12; deadline.date-context:18; structure.concrete-details:8
msg_00219,Kappa Event Crew,Sorority event planning chat,Cam,2026-04-18T02:55:00.000Z,,need two cars for the philanthropy event Friday,important,logistics,ride_request,Generated important Sorority event planning chat message,7,7,0,7,noise,24,{},time.weekday:7
msg_00220,Kappa Event Crew,Sorority event planning chat,Cam,2026-04-18T02:59:00.000Z,msg_00213,might go downtown later,maybe,noise,vague_plan,Ambiguous message that may be useful in context,12,12,0,12,noise,26,{},event.social-anchor:12
msg_00221,Kappa Event Crew,Sorority event planning chat,Logan,2026-04-18T03:00:00.000Z,,skull,noise,noise,noise,"Noise, joke, hype, or vague reply",0,0,0,0,noise,20,{},noise.one-word:-18; noise.casual-reply:-28; noise.vague-short:-12
msg_00222,Kappa Event Crew,Sorority event planning chat,Jordan,2026-04-18T03:03:00.000Z,,are we still doing the same place?,maybe,question,context_needed,Ambiguous message that may be useful in context,10,10,0,10,noise,25,{},question.intent:10
msg_00223,Kappa Event Crew,Sorority event planning chat,Olivia,2026-04-18T03:06:00.000Z,,where we at,noise,noise,noise,"Noise, joke, hype, or vague reply",0,0,0,0,noise,20,{},question.intent:10; noise.vague-short:-12
msg_00224,Kappa Event Crew,Sorority event planning chat,Olivia,2026-04-18T03:11:00.000Z,,lmao,noise,noise,noise,"Noise, joke, hype, or vague reply",0,0,0,0,noise,20,{},noise.one-word:-18; noise.laughter:-35; noise.vague-short:-12
msg_00225,Kappa Event Crew,Sorority event planning chat,Tyler,2026-04-18T03:12:00.000Z,,Friday was insane,noise,noise,noise,"Noise, joke, hype, or vague reply",7,7,0,7,noise,24,{},time.weekday:7
msg_00226,Kappa Event Crew,Sorority event planning chat,Ethan,2026-04-18T03:16:00.000Z,,can anyone grab ice before chapter,important,request,supplies,Generated important Sorority event planning chat message,75,75,8,83,request,87,"{""❓"":1}",request.can-someone:24; logistics.supplies:25; event.social-anchor:12; request.bring-supplies:14
msg_00227,Kappa Event Crew,Sorority event planning chat,Sophia,2026-04-18T03:18:00.000Z,msg_00212,where are we meeting?,maybe,plan,meeting_question,Ambiguous message that may be useful in context,50,50,0,50,plan,79,{},event.social-anchor:12; plan.leaving-meeting:20; question.intent:10; question.event-context:8
msg_00228,Kappa Event Crew,Sorority event planning chat,Cam,2026-04-18T03:21:00.000Z,,signup closes at noon tomorrow,important,deadline,signup_deadline,Generated important Sorority event planning chat message,96,96,12,100,deadline,100,"{""✅"":1}",deadline.explicit:32; deadline.payment:18; time.relative:8; time.explicit:12; deadline.date-context:18; structure.concrete-details:8
msg_00229,Kappa Event Crew,Sorority event planning chat,Ava,2026-04-18T03:24:00.000Z,,forms are due by 5pm,important,deadline,forms,Generated important Sorority event planning chat message,80,80,8,88,deadline,99,"{""👀"":1}",deadline.explicit:32; deadline.payment:18; time.explicit:12; deadline.date-context:18
msg_00230,Kappa Event Crew,Sorority event planning chat,Tyler,2026-04-18T03:29:00.000Z,,nah,noise,noise,noise,"Noise, joke, hype, or vague reply",0,0,0,0,noise,20,{},noise.one-word:-18; noise.casual-reply:-28; noise.vague-short:-12
msg_00231,Kappa Event Crew,Sorority event planning chat,Jordan,2026-04-18T03:31:00.000Z,,meeting moved to room 204 tonight,important,announcement,room_change,Generated important Sorority event planning chat message,88,88,20,100,announcement,100,"{""✅"":1,""👀"":1}",event.social-anchor:12; announcement.change:30; time.relative:8; event.concrete-time:16; announcement.date-context:14; structure.concrete-details:8
msg_00232,Kappa Event Crew,Sorority event planning chat,Ethan,2026-04-18T03:34:00.000Z,msg_00214,need two cars for the philanthropy event Friday,important,logistics,ride_request,Generated important Sorority event planning chat message,7,7,8,15,noise,28,"{""📌"":1}",time.weekday:7
msg_00233,Kappa Event Crew,Sorority event planning chat,Olivia,2026-04-18T03:36:00.000Z,,who has the speaker?,maybe,question,item_question,Ambiguous message that may be useful in context,10,10,0,10,noise,25,{},question.intent:10
msg_00234,Kappa Event Crew,Sorority event planning chat,Jordan,2026-04-18T03:39:00.000Z,,fire,noise,noise,noise,"Noise, joke, hype, or vague reply",0,0,0,0,noise,20,"{""😂"":1,""💀"":1}",noise.one-word:-18; noise.casual-reply:-28; noise.vague-short:-12
msg_00235,Kappa Event Crew,Sorority event planning chat,Drew,2026-04-18T03:43:00.000Z,,fire,noise,noise,noise,"Noise, joke, hype, or vague reply",0,0,0,0,noise,20,{},noise.one-word:-18; noise.casual-reply:-28; noise.vague-short:-12
msg_00236,Kappa Event Crew,Sorority event planning chat,Logan,2026-04-18T03:46:00.000Z,,party animal,noise,noise,noise,"Noise, joke, hype, or vague reply",0,0,3,3,noise,22,"{""💀"":3,""😂"":1,""🔥"":1}",event.social-anchor:12; noise.vague-short:-12
msg_00237,Kappa Event Crew,Sorority event planning chat,Ethan,2026-04-18T03:49:00.000Z,,I could drive tomorrow,maybe,logistics,availability,Ambiguous message that may be useful in context,50,50,16,66,logistics,71,"{""❓"":1,""👀"":1}",logistics.transport:20; commitment.availability:22; time.relative:8
msg_00238,Kappa Event Crew,Sorority event planning chat,Cam,2026-04-18T03:51:00.000Z,,no shot,noise,noise,noise,"Noise, joke, hype, or vague reply",0,0,0,0,noise,20,{},noise.hype-only:-24; noise.vague-short:-12
msg_00239,Kappa Event Crew,Sorority event planning chat,Ethan,2026-04-18T03:54:00.000Z,,why is bro like this?,noise,noise,noise,"Noise, joke, hype, or vague reply",10,10,0,10,noise,25,{},question.intent:10
msg_00240,Kappa Event Crew,Sorority event planning chat,Sophia,2026-04-18T03:57:00.000Z,,I can bring cups,maybe,logistics,supply_commitment,Ambiguous message that may be useful in context,35,35,12,47,logistics,58,"{""✅"":1,""😂"":1}",logistics.supplies:25; commitment.availability:22; noise.vague-short:-12
msg_00241,Kappa Event Crew,Sorority event planning chat,Cam,2026-04-18T04:02:00.000Z,,go go go go,noise,noise,noise,"Noise, joke, hype, or vague reply",0,0,0,0,noise,20,{},noise.repeated:-16; noise.vague-short:-12
msg_00242,Kappa Event Crew,Sorority event planning chat,Drew,2026-04-18T04:03:00.000Z,,signup closes at noon tomorrow,important,deadline,signup_deadline,Generated important Sorority event planning chat message,96,96,24,100,deadline,100,"{""📌"":1}",deadline.explicit:32; deadline.payment:18; time.relative:8; time.explicit:12; deadline.date-context:18; structure.concrete-details:8
msg_00243,Kappa Event Crew,Sorority event planning chat,Ava,2026-04-18T04:06:00.000Z,,fire,noise,noise,noise,"Noise, joke, hype, or vague reply",0,0,0,0,noise,20,{},noise.one-word:-18; noise.casual-reply:-28; noise.vague-short:-12
msg_00244,Kappa Event Crew,Sorority event planning chat,Ava,2026-04-18T04:10:00.000Z,,who all is going Friday?,maybe,plan,attendance_question,Ambiguous message that may be useful in context,37,37,8,45,plan,66,"{""❓"":1}",plan.whos-going:20; time.weekday:7; question.intent:10
msg_00245,Kappa Event Crew,Sorority event planning chat,Jordan,2026-04-18T04:14:00.000Z,,I can drive after 10,maybe,logistics,availability,Ambiguous message that may be useful in context,42,42,8,50,logistics,60,"{""❓"":1}",logistics.transport:20; commitment.availability:22
msg_00246,Kappa Event Crew,Sorority event planning chat,Bella,2026-04-18T04:16:00.000Z,,bro said formal like he owns the place,noise,noise,noise,"Noise, joke, hype, or vague reply",12,12,0,12,noise,26,{},event.social-anchor:12
msg_00247,Kappa Event Crew,Sorority event planning chat,Ethan,2026-04-18T04:19:00.000Z,msg_00186,that was crazy,noise,noise,noise,"Noise, joke, hype, or vague reply",0,0,0,0,noise,20,{},noise.hype-only:-24; noise.vague-short:-12
msg_00248,Kappa Event Crew,Sorority event planning chat,Olivia,2026-04-18T04:21:00.000Z,,does anyone have tickets left?,maybe,request,ticket_availability,Ambiguous message that may be useful in context,46,46,0,46,request,69,{},deadline.payment:18; request.ticket-availability:18; question.intent:10
msg_00249,Kappa Event Crew,Sorority event planning chat,Nick,2026-04-18T04:24:00.000Z,,9 is crazy,noise,noise,noise,"Noise, joke, hype, or vague reply",0,0,0,0,noise,20,{},noise.vague-short:-12
msg_00250,Kappa Event Crew,Sorority event planning chat,Drew,2026-04-18T04:28:00.000Z,,signup closes at noon tomorrow,important,deadline,signup_deadline,Generated important Sorority event planning chat message,96,96,0,96,deadline,100,{},deadline.explicit:32; deadline.payment:18; time.relative:8; time.explicit:12; deadline.date-context:18; structure.concrete-details:8
msg_00251,Kappa Event Crew,Sorority event planning chat,Mia,2026-04-18T04:31:00.000Z,,who has the speaker?,maybe,question,item_question,Ambiguous message that may be useful in context,10,10,8,18,noise,29,"{""👀"":1}",question.intent:10
msg_00252,Kappa Event Crew,Sorority event planning chat,Drew,2026-04-18T04:34:00.000Z,,I can drive after 10,maybe,logistics,availability,Ambiguous message that may be useful in context,42,42,8,50,logistics,60,"{""👀"":1}",logistics.transport:20; commitment.availability:22
msg_00253,Kappa Event Crew,Sorority event planning chat,Maya,2026-04-18T04:37:00.000Z,,what time is tailgate again,maybe,question,event_question,Ambiguous message that may be useful in context,30,30,0,30,question,64,{},event.social-anchor:12; question.intent:10; question.event-context:8
msg_00254,Kappa Event Crew,Sorority event planning chat,Cam,2026-04-18T04:41:00.000Z,msg_00181,I can drive after 10,maybe,logistics,availability,Ambiguous message that may be useful in context,42,42,0,42,logistics,60,{},logistics.transport:20; commitment.availability:22
msg_00255,Kappa Event Crew,Sorority event planning chat,Drew,2026-04-18T04:43:00.000Z,,pregame at the house?,maybe,question,event_question,Ambiguous message that may be useful in context,30,30,0,30,question,64,"{""😂"":1}",event.social-anchor:12; question.intent:10; question.event-context:8
msg_00256,Kappa Event Crew,Sorority event planning chat,Bella,2026-04-18T04:46:00.000Z,,you had to be there,noise,noise,noise,"Noise, joke, hype, or vague reply",0,0,0,0,noise,20,{},noise.hype-only:-24
msg_00257,Kappa Event Crew,Sorority event planning chat,Drew,2026-04-18T04:48:00.000Z,,forms are due by 5pm,important,deadline,forms,Generated important Sorority event planning chat message,80,80,0,80,deadline,99,{},deadline.explicit:32; deadline.payment:18; time.explicit:12; deadline.date-context:18
msg_00258,Kappa Event Crew,Sorority event planning chat,Chris,2026-04-18T04:51:00.000Z,,mtg moved to room 204 tn,important,announcement,room_change,Generated important Sorority event planning chat message,30,30,8,38,announcement,48,"{""👀"":1}",announcement.change:30
msg_00259,Kappa Event Crew,Sorority event planning chat,Nick,2026-04-18T04:55:00.000Z,,meeting my downfall rn,noise,noise,noise,"Noise, joke, hype, or vague reply",12,12,0,12,noise,26,{},event.social-anchor:12
msg_00260,Kappa Event Crew,Sorority event planning chat,Nick,2026-04-18T04:58:00.000Z,msg_00192,????????,noise,noise,noise,"Noise, joke, hype, or vague reply",0,0,3,3,noise,22,"{""💀"":3,""🔥"":1,""😂"":2}",question.intent:10; noise.one-word:-18; noise.repeated:-16; noise.vague-short:-12
msg_00261,Kappa Event Crew,Sorority event planning chat,Logan,2026-04-18T05:02:00.000Z,,you had to be there,noise,noise,noise,"Noise, joke, hype, or vague reply",0,0,0,0,noise,20,{},noise.hype-only:-24
msg_00262,Kappa Event Crew,Sorority event planning chat,Jordan,2026-04-18T05:03:00.000Z,,need two cars for the philanthropy event Friday,important,logistics,ride_request,Generated important Sorority event planning chat message,7,7,8,15,noise,28,"{""📌"":1}",time.weekday:7
msg_00263,Kappa Event Crew,Sorority event planning chat,Logan,2026-04-18T05:07:00.000Z,,yo,noise,noise,noise,"Noise, joke, hype, or vague reply",0,0,0,0,noise,20,{},noise.one-word:-18; noise.casual-reply:-28; noise.vague-short:-12
msg_00264,Kappa Event Crew,Sorority event planning chat,Riley,2026-04-18T05:09:00.000Z,,lol,noise,noise,noise,"Noise, joke, hype, or vague reply",0,0,3,3,noise,22,"{""😂"":5,""💀"":2,""🔥"":1}",noise.one-word:-18; noise.laughter:-35; noise.vague-short:-12
msg_00265,Kappa Event Crew,Sorority event planning chat,Tyler,2026-04-18T05:14:00.000Z,,meeting my downfall rn,noise,noise,noise,"Noise, joke, hype, or vague reply",12,12,0,12,noise,26,{},event.social-anchor:12
msg_00266,Kappa Event Crew,Sorority event planning chat,Nick,2026-04-18T05:17:00.000Z,,forms are due by 5pm,important,deadline,forms,Generated important Sorority event planning chat message,80,80,20,100,deadline,99,"{""✅"":1,""👀"":1}",deadline.explicit:32; deadline.payment:18; time.explicit:12; deadline.date-context:18
msg_00267,Kappa Event Crew,Sorority event planning chat,Sam,2026-04-18T05:20:00.000Z,,need two cars for the philanthropy event Friday,important,logistics,ride_request,Generated important Sorority event planning chat message,7,7,8,15,noise,28,"{""👀"":1}",time.weekday:7
msg_00268,Kappa Event Crew,Sorority event planning chat,Cam,2026-04-18T05:21:00.000Z,,who has the speaker?,maybe,question,item_question,Ambiguous message that may be useful in context,10,10,8,18,noise,29,"{""❓"":1}",question.intent:10
msg_00269,Kappa Event Crew,Sorority event planning chat,Ethan,2026-04-18T05:26:00.000Z,,I could drive tomorrow,maybe,logistics,availability,Ambiguous message that may be useful in context,50,50,0,50,logistics,71,{},logistics.transport:20; commitment.availability:22; time.relative:8
msg_00270,Kappa Event Crew,Sorority event planning chat,Jordan,2026-04-18T05:27:00.000Z,,formal apology incoming,noise,noise,noise,"Noise, joke, hype, or vague reply",12,12,6,18,noise,29,"{""🔥"":2,""💀"":1}",event.social-anchor:12
msg_00271,Kappa Event Crew,Sorority event planning chat,Logan,2026-04-18T05:31:00.000Z,msg_00218,I could drive tomorrow,maybe,logistics,availability,Ambiguous message that may be useful in context,50,50,0,50,logistics,71,"{""😂"":1}",logistics.transport:20; commitment.availability:22; time.relative:8
msg_00272,Kappa Event Crew,Sorority event planning chat,Sam,2026-04-18T05:34:00.000Z,,skull,noise,noise,noise,"Noise, joke, hype, or vague reply",0,0,0,0,noise,20,{},noise.one-word:-18; noise.casual-reply:-28; noise.vague-short:-12
msg_00273,Kappa Event Crew,Sorority event planning chat,Logan,2026-04-18T05:38:00.000Z,,deadline for being washed is tonight,noise,noise,noise,"Noise, joke, hype, or vague reply",58,58,0,58,deadline,83,{},deadline.explicit:32; time.relative:8; deadline.date-context:18
msg_00274,Kappa Event Crew,Sorority event planning chat,Jordan,2026-04-18T05:39:00.000Z,msg_00260,might go downtown later,maybe,noise,vague_plan,Ambiguous message that may be useful in context,12,12,8,20,noise,30,"{""❓"":1,""✅"":1}",event.social-anchor:12
msg_00275,Kappa Event Crew,Sorority event planning chat,Drew,2026-04-18T05:42:00.000Z,,who all is going Friday?,maybe,plan,attendance_question,Ambiguous message that may be useful in context,37,37,8,45,plan,66,"{""❓"":1}",plan.whos-going:20; time.weekday:7; question.intent:10
msg_00276,Kappa Event Crew,Sorority event planning chat,Chris,2026-04-18T05:45:00.000Z,,anyone able to grab snacks?,maybe,request,soft_request,Ambiguous message that may be useful in context,73,73,0,73,request,86,"{""😂"":1}",request.can-someone:24; logistics.supplies:25; question.intent:10; request.bring-supplies:14
msg_00277,Kappa Event Crew,Sorority event planning chat,Ava,2026-04-18T05:49:00.000Z,,anyone going out tonight?,maybe,plan,loose_plan,Ambiguous message that may be useful in context,38,38,0,38,plan,67,{},plan.whos-going:20; time.relative:8; question.intent:10
msg_00278,Kappa Event Crew,Sorority event planning chat,Jordan,2026-04-18T05:53:00.000Z,,signup closes at noon tomorrow,important,deadline,signup_deadline,Generated important Sorority event planning chat message,96,96,20,100,deadline,100,"{""✅"":1,""👀"":1}",deadline.explicit:32; deadline.payment:18; time.relative:8; time.explicit:12; deadline.date-context:18; structure.concrete-details:8
msg_00279,Kappa Event Crew,Sorority event planning chat,Sophia,2026-04-18T05:54:00.000Z,,pregame at the house?,maybe,question,event_question,Ambiguous message that may be useful in context,30,30,8,38,question,64,"{""❓"":1}",event.social-anchor:12; question.intent:10; question.event-context:8
msg_00280,Kappa Event Crew,Sorority event planning chat,Logan,2026-04-18T05:59:00.000Z,,where we at,noise,noise,noise,"Noise, joke, hype, or vague reply",0,0,0,0,noise,20,{},question.intent:10; noise.vague-short:-12
msg_00281,Kappa Event Crew,Sorority event planning chat,Ethan,2026-04-18T06:02:00.000Z,,go go go go,noise,noise,noise,"Noise, joke, hype, or vague reply",0,0,0,0,noise,20,{},noise.repeated:-16; noise.vague-short:-12
msg_00282,Kappa Event Crew,Sorority event planning chat,Cam,2026-04-18T06:03:00.000Z,,can anyone grab ice before chapter,important,request,supplies,Generated important Sorority event planning chat message,75,75,20,95,request,87,"{""✅"":1,""❓"":1}",request.can-someone:24; logistics.supplies:25; event.social-anchor:12; request.bring-supplies:14
msg_00283,Kappa Event Crew,Sorority event planning chat,Nick,2026-04-18T06:07:00.000Z,,lol,noise,noise,noise,"Noise, joke, hype, or vague reply",0,0,0,0,noise,20,{},noise.one-word:-18; noise.laughter:-35; noise.vague-short:-12
msg_00284,Kappa Event Crew,Sorority event planning chat,Sophia,2026-04-18T06:10:00.000Z,,????????,noise,noise,noise,"Noise, joke, hype, or vague reply",0,0,0,0,noise,20,{},question.intent:10; noise.one-word:-18; noise.repeated:-16; noise.vague-short:-12
msg_00285,Kappa Event Crew,Sorority event planning chat,Logan,2026-04-18T06:13:00.000Z,,yo,noise,noise,noise,"Noise, joke, hype, or vague reply",0,0,0,0,noise,20,{},noise.one-word:-18; noise.casual-reply:-28; noise.vague-short:-12
msg_00286,Kappa Event Crew,Sorority event planning chat,Drew,2026-04-18T06:16:00.000Z,,go go go go,noise,noise,noise,"Noise, joke, hype, or vague reply",0,0,0,0,noise,20,{},noise.repeated:-16; noise.vague-short:-12
msg_00287,Kappa Event Crew,Sorority event planning chat,Sophia,2026-04-18T06:20:00.000Z,,need two cars for the philanthropy event Friday,important,logistics,ride_request,Generated important Sorority event planning chat message,7,7,8,15,noise,28,"{""👀"":1,""📌"":1}",time.weekday:7
msg_00288,Kappa Event Crew,Sorority event planning chat,Maya,2026-04-18T06:22:00.000Z,,who all is going Friday?,maybe,plan,attendance_question,Ambiguous message that may be useful in context,37,37,8,45,plan,66,"{""❓"":1}",plan.whos-going:20; time.weekday:7; question.intent:10
msg_00289,Kappa Event Crew,Sorority event planning chat,Drew,2026-04-18T06:26:00.000Z,,forms are due by 5pm,important,deadline,forms,Generated important Sorority event planning chat message,80,80,20,100,deadline,99,"{""✅"":1,""👀"":1}",deadline.explicit:32; deadline.payment:18; time.explicit:12; deadline.date-context:18
msg_00290,Kappa Event Crew,Sorority event planning chat,Ethan,2026-04-18T06:28:00.000Z,,real,noise,noise,noise,"Noise, joke, hype, or vague reply",0,0,0,0,noise,20,{},noise.one-word:-18; noise.casual-reply:-28; noise.vague-short:-12
msg_00291,Kappa Event Crew,Sorority event planning chat,Bella,2026-04-18T06:30:00.000Z,,where are we meeting?,maybe,plan,meeting_question,Ambiguous message that may be useful in context,50,50,0,50,plan,79,{},event.social-anchor:12; plan.leaving-meeting:20; question.intent:10; question.event-context:8
msg_00292,Kappa Event Crew,Sorority event planning chat,Ethan,2026-04-18T06:34:00.000Z,,wear white for rush event at 6,important,event,event_detail,Generated important Sorority event planning chat message,72,72,8,80,event,100,"{""👀"":1}",event.social-anchor:12; event.meeting-time:24; time.explicit:12; event.concrete-time:16; structure.concrete-details:8
msg_00293,Kappa Event Crew,Sorority event planning chat,Olivia,2026-04-18T06:38:00.000Z,,I could drive tomorrow,maybe,logistics,availability,Ambiguous message that may be useful in context,50,50,0,50,logistics,71,{},logistics.transport:20; commitment.availability:22; time.relative:8
msg_00294,Kappa Event Crew,Sorority event planning chat,Jordan,2026-04-18T06:41:00.000Z,,bring drinks if you have any,maybe,logistics,soft_supplies,Ambiguous message that may be useful in context,25,25,8,33,logistics,46,"{""❓"":1}",logistics.supplies:25
msg_00295,Kappa Event Crew,Sorority event planning chat,Jordan,2026-04-18T06:43:00.000Z,,Friday was insane,noise,noise,noise,"Noise, joke, hype, or vague reply",7,7,0,7,noise,24,{},time.weekday:7
msg_00296,Kappa Event Crew,Sorority event planning chat,Nick,2026-04-18T06:45:00.000Z,,tomorrow gonna be wild,noise,noise,noise,"Noise, joke, hype, or vague reply",8,8,0,8,noise,24,{},time.relative:8
msg_00297,Kappa Event Crew,Sorority event planning chat,Maya,2026-04-18T06:50:00.000Z,,bro,noise,noise,noise,"Noise, joke, hype, or vague reply",0,0,0,0,noise,20,"{""😂"":1}",noise.one-word:-18; noise.casual-reply:-28; noise.vague-short:-12
msg_00298,Kappa Event Crew,Sorority event planning chat,Sam,2026-04-18T06:51:00.000Z,,😭😭😭,noise,noise,noise,"Noise, joke, hype, or vague reply",0,0,8,8,noise,24,"{""🔥"":3,""💀"":2,""😂"":2}",noise.one-word:-18; noise.emoji-only:-35; noise.vague-short:-12
msg_00299,Kappa Event Crew,Sorority event planning chat,Bella,2026-04-18T06:56:00.000Z,msg_00215,anyone able to grab snacks?,maybe,request,soft_request,Ambiguous message that may be useful in context,73,73,0,73,request,86,{},request.can-someone:24; logistics.supplies:25; question.intent:10; request.bring-supplies:14
msg_00300,Kappa Event Crew,Sorority event planning chat,Tyler,2026-04-18T06:58:00.000Z,,nah,noise,noise,noise,"Noise, joke, hype, or vague reply",0,0,0,0,noise,20,{},noise.one-word:-18; noise.casual-reply:-28; noise.vague-short:-12
msg_00301,Kappa Event Crew,Sorority event planning chat,Tyler,2026-04-18T07:01:00.000Z,,signup closes at noon tmr,important,deadline,signup_deadline,Generated important Sorority event planning chat message,88,88,12,100,deadline,100,"{""✅"":1}",deadline.explicit:32; deadline.payment:18; time.explicit:12; deadline.date-context:18; structure.concrete-details:8
msg_00302,Kappa Event Crew,Sorority event planning chat,Chris,2026-04-18T07:03:00.000Z,,anyone able to grab snacks?,maybe,request,soft_request,Ambiguous message that may be useful in context,73,73,8,81,request,86,"{""❓"":1}",request.can-someone:24; logistics.supplies:25; question.intent:10; request.bring-supplies:14
msg_00303,Kappa Event Crew,Sorority event planning chat,Olivia,2026-04-18T07:08:00.000Z,,lmao,noise,noise,noise,"Noise, joke, hype, or vague reply",0,0,0,0,noise,20,"{""😂"":1}",noise.one-word:-18; noise.laughter:-35; noise.vague-short:-12
msg_00304,Kappa Event Crew,Sorority event planning chat,Riley,2026-04-18T07:09:00.000Z,,are we still doing the same place?,maybe,question,context_needed,Ambiguous message that may be useful in context,10,10,8,18,noise,29,"{""❓"":1}",question.intent:10
msg_00305,Kappa Event Crew,Sorority event planning chat,Ethan,2026-04-18T07:12:00.000Z,,he fell off,noise,noise,noise,"Noise, joke, hype, or vague reply",0,0,0,0,noise,20,{},noise.hype-only:-24; noise.vague-short:-12
msg_00306,Kappa Event Crew,Sorority event planning chat,Sam,2026-04-18T07:15:00.000Z,,fire fit,noise,noise,noise,"Noise, joke, hype, or vague reply",0,0,0,0,noise,20,{},noise.vague-short:-12
msg_00307,Kappa Event Crew,Sorority event planning chat,Tyler,2026-04-18T07:20:00.000Z,,lol,noise,noise,noise,"Noise, joke, hype, or vague reply",0,0,0,0,noise,20,{},noise.one-word:-18; noise.laughter:-35; noise.vague-short:-12
msg_00308,Kappa Event Crew,Sorority event planning chat,Sophia,2026-04-18T07:23:00.000Z,,where are we meeting?,maybe,plan,meeting_question,Ambiguous message that may be useful in context,50,50,8,58,plan,79,"{""❓"":1}",event.social-anchor:12; plan.leaving-meeting:20; question.intent:10; question.event-context:8
msg_00309,Kappa Event Crew,Sorority event planning chat,Riley,2026-04-18T07:26:00.000Z,,why is bro like this?,noise,noise,noise,"Noise, joke, hype, or vague reply",10,10,0,10,noise,25,{},question.intent:10
msg_00310,Kappa Event Crew,Sorority event planning chat,Mia,2026-04-18T07:27:00.000Z,,I can bring cups,maybe,logistics,supply_commitment,Ambiguous message that may be useful in context,35,35,0,35,logistics,58,"{""😂"":1}",logistics.supplies:25; commitment.availability:22; noise.vague-short:-12
msg_00311,Kappa Event Crew,Sorority event planning chat,Chris,2026-04-18T07:31:00.000Z,msg_00235,need two cars for the philanthropy event Friday,important,logistics,ride_request,Generated important Sorority event planning chat message,7,7,0,7,noise,24,{},time.weekday:7
msg_00312,Kappa Event Crew,Sorority event planning chat,Ethan,2026-04-18T07:33:00.000Z,,wear white for rush event at 6,important,event,event_detail,Generated important Sorority event planning chat message,72,72,8,80,event,100,"{""👀"":1}",event.social-anchor:12; event.meeting-time:24; time.explicit:12; event.concrete-time:16; structure.concrete-details:8
msg_00313,Kappa Event Crew,Sorority event planning chat,Tyler,2026-04-18T07:38:00.000Z,,pregame at the house?,maybe,question,event_question,Ambiguous message that may be useful in context,30,30,0,30,question,64,{},event.social-anchor:12; question.intent:10; question.event-context:8
msg_00314,Kappa Event Crew,Sorority event planning chat,Tyler,2026-04-18T07:41:00.000Z,,anyone able to grab snacks?,maybe,request,soft_request,Ambiguous message that may be useful in context,73,73,8,81,request,86,"{""❓"":1,""😂"":1}",request.can-someone:24; logistics.supplies:25; question.intent:10; request.bring-supplies:14
msg_00315,Kappa Event Crew,Sorority event planning chat,Riley,2026-04-18T07:43:00.000Z,,meeting moved to room 204 tonight,important,announcement,room_change,Generated important Sorority event planning chat message,88,88,20,100,announcement,100,"{""✅"":1,""👀"":1}",event.social-anchor:12; announcement.change:30; time.relative:8; event.concrete-time:16; announcement.date-context:14; structure.concrete-details:8
msg_00316,Kappa Event Crew,Sorority event planning chat,Jordan,2026-04-18T07:47:00.000Z,,real,noise,noise,noise,"Noise, joke, hype, or vague reply",0,0,0,0,noise,20,{},noise.one-word:-18; noise.casual-reply:-28; noise.vague-short:-12
msg_00317,Kappa Event Crew,Sorority event planning chat,Chris,2026-04-18T07:49:00.000Z,,who has the speaker?,maybe,question,item_question,Ambiguous message that may be useful in context,10,10,0,10,noise,25,{},question.intent:10
msg_00318,Kappa Event Crew,Sorority event planning chat,Cam,2026-04-18T07:52:00.000Z,,can anyone grab ice before chapter,important,request,supplies,Generated important Sorority event planning chat message,75,75,8,83,request,87,"{""👀"":1}",request.can-someone:24; logistics.supplies:25; event.social-anchor:12; request.bring-supplies:14
msg_00319,Kappa Event Crew,Sorority event planning chat,Maya,2026-04-18T07:54:00.000Z,,no shot,noise,noise,noise,"Noise, joke, hype, or vague reply",0,0,6,6,noise,23,"{""💀"":3,""😂"":2,""🔥"":2}",noise.hype-only:-24; noise.vague-short:-12
msg_00320,Kappa Event Crew,Sorority event planning chat,Logan,2026-04-18T07:58:00.000Z,,bro,noise,noise,noise,"Noise, joke, hype, or vague reply",0,0,0,0,noise,20,{},noise.one-word:-18; noise.casual-reply:-28; noise.vague-short:-12
msg_00321,Kappa Event Crew,Sorority event planning chat,Olivia,2026-04-18T08:02:00.000Z,,forms are due by 5pm,important,deadline,forms,Generated important Sorority event planning chat message,80,80,0,80,deadline,99,{},deadline.explicit:32; deadline.payment:18; time.explicit:12; deadline.date-context:18
msg_00322,Kappa Event Crew,Sorority event planning chat,Riley,2026-04-18T08:05:00.000Z,,🔥🔥🔥,noise,noise,noise,"Noise, joke, hype, or vague reply",0,0,0,0,noise,20,{},noise.one-word:-18; noise.emoji-only:-35; noise.vague-short:-12
msg_00323,Kappa Event Crew,Sorority event planning chat,Cam,2026-04-18T08:07:00.000Z,msg_00246,can anyone grab ice before chapter,important,request,supplies,Generated important Sorority event planning chat message,75,75,20,95,request,87,"{""✅"":1,""👀"":1}",request.can-someone:24; logistics.supplies:25; event.social-anchor:12; request.bring-supplies:14
msg_00324,Kappa Event Crew,Sorority event planning chat,Logan,2026-04-18T08:09:00.000Z,msg_00268,party animal,noise,noise,noise,"Noise, joke, hype, or vague reply",0,0,0,0,noise,20,{},event.social-anchor:12; noise.vague-short:-12
msg_00325,Kappa Event Crew,Sorority event planning chat,Tyler,2026-04-18T08:12:00.000Z,,what time are y'all leaving?,maybe,plan,departure_question,Ambiguous message that may be useful in context,30,30,0,30,plan,56,{},plan.leaving-meeting:20; question.intent:10
msg_00326,Kappa Event Crew,Sorority event planning chat,Ethan,2026-04-18T08:17:00.000Z,,signup closes at noon tomorrow,important,deadline,signup_deadline,Generated important Sorority event planning chat message,96,96,8,100,deadline,100,"{""👀"":1}",deadline.explicit:32; deadline.payment:18; time.relative:8; time.explicit:12; deadline.date-context:18; structure.concrete-details:8
msg_00327,Kappa Event Crew,Sorority event planning chat,Drew,2026-04-18T08:20:00.000Z,,no shot,noise,noise,noise,"Noise, joke, hype, or vague reply",0,0,6,6,noise,23,"{""💀"":3,""🔥"":2,""😂"":3}",noise.hype-only:-24; noise.vague-short:-12
msg_00328,Kappa Event Crew,Sorority event planning chat,Mia,2026-04-18T08:21:00.000Z,,anyone going out tonight?,maybe,plan,loose_plan,Ambiguous message that may be useful in context,38,38,12,50,plan,67,"{""✅"":1}",plan.whos-going:20; time.relative:8; question.intent:10
msg_00329,Kappa Event Crew,Sorority event planning chat,Cam,2026-04-18T08:25:00.000Z,,lol,noise,noise,noise,"Noise, joke, hype, or vague reply",0,0,0,0,noise,20,{},noise.one-word:-18; noise.laughter:-35; noise.vague-short:-12
msg_00330,Kappa Event Crew,Sorority event planning chat,Sam,2026-04-18T08:28:00.000Z,,go go go go,noise,noise,noise,"Noise, joke, hype, or vague reply",0,0,0,0,noise,20,{},noise.repeated:-16; noise.vague-short:-12
msg_00331,Kappa Event Crew,Sorority event planning chat,Sophia,2026-04-18T08:30:00.000Z,msg_00327,no shot,noise,noise,noise,"Noise, joke, hype, or vague reply",0,0,0,0,noise,20,{},noise.hype-only:-24; noise.vague-short:-12
msg_00332,Kappa Event Crew,Sorority event planning chat,Ethan,2026-04-18T08:35:00.000Z,,wear white for rush event at 6,important,event,event_detail,Generated important Sorority event planning chat message,72,72,8,80,event,100,"{""👀"":1}",event.social-anchor:12; event.meeting-time:24; time.explicit:12; event.concrete-time:16; structure.concrete-details:8
msg_00333,Kappa Event Crew,Sorority event planning chat,Drew,2026-04-18T08:36:00.000Z,,can someone tell Tyler to chill,noise,noise,noise,"Noise, joke, hype, or vague reply",10,10,0,10,noise,25,{},question.intent:10
msg_00334,Kappa Event Crew,Sorority event planning chat,Drew,2026-04-18T08:41:00.000Z,,need two cars for the philanthropy event Friday,important,logistics,ride_request,Generated important Sorority event planning chat message,7,7,8,15,noise,28,"{""✅"":1,""📌"":1}",time.weekday:7
msg_00335,Kappa Event Crew,Sorority event planning chat,Tyler,2026-04-18T08:44:00.000Z,,forms are due by 5pm,important,deadline,forms,Generated important Sorority event planning chat message,80,80,12,92,deadline,99,"{""✅"":1}",deadline.explicit:32; deadline.payment:18; time.explicit:12; deadline.date-context:18
msg_00336,Kappa Event Crew,Sorority event planning chat,Bella,2026-04-18T08:45:00.000Z,,bro said formal like he owns the place,noise,noise,noise,"Noise, joke, hype, or vague reply",12,12,3,15,noise,28,"{""🔥"":1,""💀"":4}",event.social-anchor:12
msg_00337,Kappa Event Crew,Sorority event planning chat,Olivia,2026-04-18T08:50:00.000Z,,forms are due by 5pm,important,deadline,forms,Generated important Sorority event planning chat message,80,80,8,88,deadline,99,"{""👀"":1}",deadline.explicit:32; deadline.payment:18; time.explicit:12; deadline.date-context:18
msg_00338,Kappa Event Crew,Sorority event planning chat,Bella,2026-04-18T08:53:00.000Z,,meeting moved to room 204 tonight,important,announcement,room_change,Generated important Sorority event planning chat message,88,88,30,100,announcement,100,"{""✅"":1,""📌"":1}",event.social-anchor:12; announcement.change:30; time.relative:8; event.concrete-time:16; announcement.date-context:14; structure.concrete-details:8
msg_00339,Kappa Event Crew,Sorority event planning chat,Chris,2026-04-18T08:56:00.000Z,,signup closes at noon tmr,important,deadline,signup_deadline,Generated important Sorority event planning chat message,88,88,12,100,deadline,100,"{""✅"":1}",deadline.explicit:32; deadline.payment:18; time.explicit:12; deadline.date-context:18; structure.concrete-details:8
msg_00340,Kappa Event Crew,Sorority event planning chat,Tyler,2026-04-18T08:59:00.000Z,,what time is tailgate again,maybe,question,event_question,Ambiguous message that may be useful in context,30,30,8,38,question,64,"{""❓"":1}",event.social-anchor:12; question.intent:10; question.event-context:8
msg_00341,Kappa Event Crew,Sorority event planning chat,Nick,2026-04-18T09:02:00.000Z,,where we at,noise,noise,noise,"Noise, joke, hype, or vague reply",0,0,0,0,noise,20,{},question.intent:10; noise.vague-short:-12
msg_00342,Kappa Event Crew,Sorority event planning chat,Drew,2026-04-18T09:03:00.000Z,,who let him cook?,noise,noise,noise,"Noise, joke, hype, or vague reply",0,0,0,0,noise,20,{},question.intent:10; noise.vague-short:-12
msg_00343,Kappa Event Crew,Sorority event planning chat,Chris,2026-04-18T09:06:00.000Z,,tomorrow gonna be wild,noise,noise,noise,"Noise, joke, hype, or vague reply",8,8,0,8,noise,24,{},time.relative:8
msg_00344,Kappa Event Crew,Sorority event planning chat,Maya,2026-04-18T09:10:00.000Z,,tomorrow gonna be wild,noise,noise,noise,"Noise, joke, hype, or vague reply",8,8,0,8,noise,24,"{""💀"":1}",time.relative:8
msg_00345,Kappa Event Crew,Sorority event planning chat,Maya,2026-04-18T09:14:00.000Z,,meeting moved to room 204 tonight,important,announcement,room_change,Generated important Sorority event planning chat message,88,88,8,96,announcement,100,"{""👀"":1}",event.social-anchor:12; announcement.change:30; time.relative:8; event.concrete-time:16; announcement.date-context:14; structure.concrete-details:8
msg_00346,Kappa Event Crew,Sorority event planning chat,Maya,2026-04-18T09:16:00.000Z,,can anyone grab ice before chapter,important,request,supplies,Generated important Sorority event planning chat message,75,75,8,83,request,87,"{""❓"":1}",request.can-someone:24; logistics.supplies:25; event.social-anchor:12; request.bring-supplies:14
msg_00347,Kappa Event Crew,Sorority event planning chat,Bella,2026-04-18T09:19:00.000Z,msg_00185,forms are due by 5pm,important,deadline,forms,Generated important Sorority event planning chat message,80,80,30,100,deadline,99,"{""✅"":1,""📌"":1}",deadline.explicit:32; deadline.payment:18; time.explicit:12; deadline.date-context:18
msg_00348,Kappa Event Crew,Sorority event planning chat,Ethan,2026-04-18T09:22:00.000Z,,anyone able to grab snacks?,maybe,request,soft_request,Ambiguous message that may be useful in context,73,73,12,85,request,86,"{""✅"":1}",request.can-someone:24; logistics.supplies:25; question.intent:10; request.bring-supplies:14
msg_00349,Kappa Event Crew,Sorority event planning chat,Logan,2026-04-18T09:26:00.000Z,,anyone able to grab snacks?,maybe,request,soft_request,Ambiguous message that may be useful in context,73,73,0,73,request,86,{},request.can-someone:24; logistics.supplies:25; question.intent:10; request.bring-supplies:14
msg_00350,Kappa Event Crew,Sorority event planning chat,Logan,2026-04-18T09:27:00.000Z,,formal apology incoming,noise,noise,noise,"Noise, joke, hype, or vague reply",12,12,8,20,noise,30,"{""🔥"":3,""💀"":2,""😂"":1}",event.social-anchor:12
msg_00351,Kappa Event Crew,Sorority event planning chat,Jordan,2026-04-18T09:31:00.000Z,,Friday was insane,noise,noise,noise,"Noise, joke, hype, or vague reply",7,7,0,7,noise,24,"{""😂"":1}",time.weekday:7
msg_00352,Kappa Event Crew,Sorority event planning chat,Ethan,2026-04-18T09:34:00.000Z,,wear white for rush event at 6,important,event,event_detail,Generated important Sorority event planning chat message,72,72,12,84,event,100,"{""✅"":1}",event.social-anchor:12; event.meeting-time:24; time.explicit:12; event.concrete-time:16; structure.concrete-details:8
msg_00353,Kappa Event Crew,Sorority event planning chat,Jordan,2026-04-18T09:37:00.000Z,,bro said formal like he owns the place,noise,noise,noise,"Noise, joke, hype, or vague reply",12,12,0,12,noise,26,{},event.social-anchor:12
msg_00354,Kappa Event Crew,Sorority event planning chat,Tyler,2026-04-18T09:39:00.000Z,,need bro to retire,noise,noise,noise,"Noise, joke, hype, or vague reply",0,0,0,0,noise,20,{},
msg_00355,Kappa Event Crew,Sorority event planning chat,Sam,2026-04-18T09:42:00.000Z,,need two cars for the philanthropy event Friday,important,logistics,ride_request,Generated important Sorority event planning chat message,7,7,8,15,noise,28,"{""✅"":1}",time.weekday:7
msg_00356,Kappa Event Crew,Sorority event planning chat,Nick,2026-04-18T09:45:00.000Z,,signup closes at noon tomorrow,important,deadline,signup_deadline,Generated important Sorority event planning chat message,96,96,8,100,deadline,100,"{""👀"":1}",deadline.explicit:32; deadline.payment:18; time.relative:8; time.explicit:12; deadline.date-context:18; structure.concrete-details:8
msg_00357,Kappa Event Crew,Sorority event planning chat,Nick,2026-04-18T09:48:00.000Z,,who up,noise,noise,noise,"Noise, joke, hype, or vague reply",0,0,0,0,noise,20,{},noise.hype-only:-24; noise.casual-question:-14; noise.vague-short:-12
msg_00358,Kappa Event Crew,Sorority event planning chat,Sophia,2026-04-18T09:52:00.000Z,,anyone able to grab snacks?,maybe,request,soft_request,Ambiguous message that may be useful in context,73,73,8,81,request,86,"{""❓"":1}",request.can-someone:24; logistics.supplies:25; question.intent:10; request.bring-supplies:14
msg_00359,Kappa Event Crew,Sorority event planning chat,Tyler,2026-04-18T09:56:00.000Z,,pregame at the house?,maybe,question,event_question,Ambiguous message that may be useful in context,30,30,8,38,question,64,"{""👀"":1}",event.social-anchor:12; question.intent:10; question.event-context:8
msg_00360,Kappa Event Crew,Sorority event planning chat,Chris,2026-04-18T09:57:00.000Z,,I could drive tomorrow,maybe,logistics,availability,Ambiguous message that may be useful in context,50,50,16,66,logistics,71,"{""❓"":1,""👀"":1}",logistics.transport:20; commitment.availability:22; time.relative:8
msg_00361,Downtown Survivors,College friend group,Cam,2026-04-18T10:01:00.000Z,,are we still doing the same place?,maybe,question,context_needed,Ambiguous message that may be useful in context,10,10,8,18,noise,29,"{""❓"":1,""👀"":1,""✅"":1}",question.intent:10
msg_00362,Downtown Survivors,College friend group,Sophia,2026-04-18T10:03:00.000Z,,why is bro like this?,noise,noise,noise,"Noise, joke, hype, or vague reply",10,10,3,13,noise,27,"{""💀"":1,""😂"":1,""🔥"":1}",question.intent:10
msg_00363,Downtown Survivors,College friend group,Bella,2026-04-18T10:08:00.000Z,,meeting my downfall rn,noise,noise,noise,"Noise, joke, hype, or vague reply",12,12,0,12,noise,26,{},event.social-anchor:12
msg_00364,Downtown Survivors,College friend group,Sam,2026-04-18T10:10:00.000Z,msg_00361,bring drinks if you have any,maybe,logistics,soft_supplies,Ambiguous message that may be useful in context,25,25,0,25,logistics,46,"{""😂"":1}",logistics.supplies:25
msg_00365,Downtown Survivors,College friend group,Ava,2026-04-18T10:14:00.000Z,,who all is going Friday?,maybe,plan,attendance_question,Ambiguous message that may be useful in context,37,37,0,37,plan,66,{},plan.whos-going:20; time.weekday:7; question.intent:10
msg_00366,Downtown Survivors,College friend group,Maya,2026-04-18T10:17:00.000Z,,????????,noise,noise,noise,"Noise, joke, hype, or vague reply",0,0,0,0,noise,20,{},question.intent:10; noise.one-word:-18; noise.repeated:-16; noise.vague-short:-12
msg_00367,Downtown Survivors,College friend group,Nick,2026-04-18T10:20:00.000Z,,where are we meeting?,maybe,plan,meeting_question,Ambiguous message that may be useful in context,50,50,0,50,plan,79,{},event.social-anchor:12; plan.leaving-meeting:20; question.intent:10; question.event-context:8
msg_00368,Downtown Survivors,College friend group,Mia,2026-04-18T10:23:00.000Z,,party starts at 9 at Luke's,important,event,party_time,Generated important College friend group message,76,76,12,88,event,100,"{""✅"":1}",event.social-anchor:12; event.starts-time:28; time.explicit:12; event.concrete-time:16; structure.concrete-details:8
msg_00369,Downtown Survivors,College friend group,Olivia,2026-04-18T10:25:00.000Z,msg_00361,I could drive tomorrow,maybe,logistics,availability,Ambiguous message that may be useful in context,50,50,0,50,logistics,71,{},logistics.transport:20; commitment.availability:22; time.relative:8
msg_00370,Downtown Survivors,College friend group,Nick,2026-04-18T10:29:00.000Z,msg_00361,bring drinks if you have any,maybe,logistics,soft_supplies,Ambiguous message that may be useful in context,25,25,0,25,logistics,46,{},logistics.supplies:25
msg_00371,Downtown Survivors,College friend group,Marcus,2026-04-18T10:30:00.000Z,,party animal,noise,noise,noise,"Noise, joke, hype, or vague reply",0,0,3,3,noise,22,"{""💀"":4,""🔥"":1}",event.social-anchor:12; noise.vague-short:-12
msg_00372,Downtown Survivors,College friend group,Mia,2026-04-18T10:33:00.000Z,,need one more for the Uber,important,logistics,ride_count,Generated important College friend group message,68,68,8,76,logistics,87,"{""👀"":1}",request.concrete-need:28; logistics.transport:20; logistics.uber-count:20
msg_00373,Downtown Survivors,College friend group,Jordan,2026-04-18T10:37:00.000Z,,lmao,noise,noise,noise,"Noise, joke, hype, or vague reply",0,0,0,0,noise,20,{},noise.one-word:-18; noise.laughter:-35; noise.vague-short:-12
msg_00374,Downtown Survivors,College friend group,Logan,2026-04-18T10:41:00.000Z,,are we still doing the same place?,maybe,question,context_needed,Ambiguous message that may be useful in context,10,10,0,10,noise,25,{},question.intent:10
msg_00375,Downtown Survivors,College friend group,Jake,2026-04-18T10:42:00.000Z,,absolute cinema,noise,noise,noise,"Noise, joke, hype, or vague reply",0,0,0,0,noise,20,{},noise.hype-only:-24; noise.vague-short:-12
msg_00376,Downtown Survivors,College friend group,Marcus,2026-04-18T10:45:00.000Z,,who can drive Friday,important,logistics,ride_question,Generated important College friend group message,49,49,0,49,logistics,78,{},logistics.transport:20; time.weekday:7; question.intent:10; logistics.transport-question:12
msg_00377,Downtown Survivors,College friend group,Logan,2026-04-18T10:49:00.000Z,,real,noise,noise,noise,"Noise, joke, hype, or vague reply",0,0,0,0,noise,20,{},noise.one-word:-18; noise.casual-reply:-28; noise.vague-short:-12
msg_00378,Downtown Survivors,College friend group,Bella,2026-04-18T10:52:00.000Z,,nah,noise,noise,noise,"Noise, joke, hype, or vague reply",0,0,0,0,noise,20,{},noise.one-word:-18; noise.casual-reply:-28; noise.vague-short:-12
msg_00379,Downtown Survivors,College friend group,Mia,2026-04-18T10:55:00.000Z,,bring drinks if you have any,maybe,logistics,soft_supplies,Ambiguous message that may be useful in context,25,25,0,25,logistics,46,"{""😂"":1}",logistics.supplies:25
msg_00380,Downtown Survivors,College friend group,Drew,2026-04-18T10:58:00.000Z,,are we still doing the same place?,maybe,question,context_needed,Ambiguous message that may be useful in context,10,10,0,10,noise,25,"{""😂"":1}",question.intent:10
msg_00381,Downtown Survivors,College friend group,Olivia,2026-04-18T11:02:00.000Z,,go go go go,noise,noise,noise,"Noise, joke, hype, or vague reply",0,0,0,0,noise,20,{},noise.repeated:-16; noise.vague-short:-12
msg_00382,Downtown Survivors,College friend group,Marcus,2026-04-18T11:04:00.000Z,,🔥🔥🔥,noise,noise,noise,"Noise, joke, hype, or vague reply",0,0,0,0,noise,20,{},noise.one-word:-18; noise.emoji-only:-35; noise.vague-short:-12
msg_00383,Downtown Survivors,College friend group,Ethan,2026-04-18T11:07:00.000Z,,absolute cinema,noise,noise,noise,"Noise, joke, hype, or vague reply",0,0,0,0,noise,20,{},noise.hype-only:-24; noise.vague-short:-12
msg_00384,Downtown Survivors,College friend group,Logan,2026-04-18T11:10:00.000Z,,anyone able to grab snacks?,maybe,request,soft_request,Ambiguous message that may be useful in context,73,73,0,73,request,86,"{""😂"":1}",request.can-someone:24; logistics.supplies:25; question.intent:10; request.bring-supplies:14
msg_00385,Downtown Survivors,College friend group,Drew,2026-04-18T11:12:00.000Z,,I could drive tomorrow,maybe,logistics,availability,Ambiguous message that may be useful in context,50,50,0,50,logistics,71,{},logistics.transport:20; commitment.availability:22; time.relative:8
msg_00386,Downtown Survivors,College friend group,Cam,2026-04-18T11:16:00.000Z,,nah,noise,noise,noise,"Noise, joke, hype, or vague reply",0,0,0,0,noise,20,{},noise.one-word:-18; noise.casual-reply:-28; noise.vague-short:-12
msg_00387,Downtown Survivors,College friend group,Drew,2026-04-18T11:20:00.000Z,,might go downtown later,maybe,noise,vague_plan,Ambiguous message that may be useful in context,12,12,0,12,noise,26,{},event.social-anchor:12
msg_00388,Downtown Survivors,College friend group,Riley,2026-04-18T11:21:00.000Z,,who let him cook?,noise,noise,noise,"Noise, joke, hype, or vague reply",0,0,0,0,noise,20,{},question.intent:10; noise.vague-short:-12
msg_00389,Downtown Survivors,College friend group,Drew,2026-04-18T11:26:00.000Z,,go go go go,noise,noise,noise,"Noise, joke, hype, or vague reply",0,0,0,0,noise,20,{},noise.repeated:-16; noise.vague-short:-12
msg_00390,Downtown Survivors,College friend group,Nick,2026-04-18T11:28:00.000Z,,reservation is at 8:30,important,event,event_time,Generated important College friend group message,12,12,8,20,noise,30,"{""✅"":1}",time.explicit:12
msg_00391,Downtown Survivors,College friend group,Bella,2026-04-18T11:31:00.000Z,,we are leaving for downtown at 10,important,event,departure,Generated important College friend group message,48,48,12,60,event,98,"{""✅"":1}",event.social-anchor:12; time.explicit:12; event.concrete-time:16; structure.concrete-details:8
msg_00392,Downtown Survivors,College friend group,Mia,2026-04-18T11:34:00.000Z,,where we at,noise,noise,noise,"Noise, joke, hype, or vague reply",0,0,0,0,noise,20,{},question.intent:10; noise.vague-short:-12
msg_00393,Downtown Survivors,College friend group,Olivia,2026-04-18T11:36:00.000Z,,need one more for the Uber,important,logistics,ride_count,Generated important College friend group message,68,68,12,80,logistics,87,"{""✅"":1}",request.concrete-need:28; logistics.transport:20; logistics.uber-count:20
msg_00394,Downtown Survivors,College friend group,Ava,2026-04-18T11:39:00.000Z,,who all is going Friday?,maybe,plan,attendance_question,Ambiguous message that may be useful in context,37,37,8,45,plan,66,"{""👀"":1,""😂"":1}",plan.whos-going:20; time.weekday:7; question.intent:10
msg_00395,Downtown Survivors,College friend group,Jake,2026-04-18T11:42:00.000Z,,might go downtown later,maybe,noise,vague_plan,Ambiguous message that may be useful in context,12,12,8,20,noise,30,"{""✅"":1}",event.social-anchor:12
msg_00396,Downtown Survivors,College friend group,Sophia,2026-04-18T11:47:00.000Z,,who can drive Friday,important,logistics,ride_question,Generated important College friend group message,49,49,0,49,logistics,78,{},logistics.transport:20; time.weekday:7; question.intent:10; logistics.transport-question:12
msg_00397,Downtown Survivors,College friend group,Sam,2026-04-18T11:50:00.000Z,,I could drive tomorrow,maybe,logistics,availability,Ambiguous message that may be useful in context,50,50,8,58,logistics,71,"{""👀"":1,""😂"":1}",logistics.transport:20; commitment.availability:22; time.relative:8
msg_00398,Downtown Survivors,College friend group,Marcus,2026-04-18T11:52:00.000Z,,bring drinks if you have any,maybe,logistics,soft_supplies,Ambiguous message that may be useful in context,25,25,12,37,logistics,46,"{""✅"":1}",logistics.supplies:25
msg_00399,Downtown Survivors,College friend group,Drew,2026-04-18T11:56:00.000Z,,who let him cook?,noise,noise,noise,"Noise, joke, hype, or vague reply",0,0,0,0,noise,20,{},question.intent:10; noise.vague-short:-12
msg_00400,Downtown Survivors,College friend group,Mia,2026-04-18T11:58:00.000Z,,reservation is at 8:30,important,event,event_time,Generated important College friend group message,12,12,8,20,noise,30,"{""👀"":1}",time.explicit:12
msg_00401,Downtown Survivors,College friend group,Cam,2026-04-18T12:01:00.000Z,,that was crazy,noise,noise,noise,"Noise, joke, hype, or vague reply",0,0,0,0,noise,20,"{""😂"":4,""💀"":1}",noise.hype-only:-24; noise.vague-short:-12
msg_00402,Downtown Survivors,College friend group,Ethan,2026-04-18T12:03:00.000Z,,need one more for the Uber,important,logistics,ride_count,Generated important College friend group message,68,68,8,76,logistics,87,"{""👀"":1}",request.concrete-need:28; logistics.transport:20; logistics.uber-count:20
msg_00403,Downtown Survivors,College friend group,Jordan,2026-04-18T12:08:00.000Z,,what time is tailgate again,maybe,question,event_question,Ambiguous message that may be useful in context,30,30,0,30,question,64,{},event.social-anchor:12; question.intent:10; question.event-context:8
msg_00404,Downtown Survivors,College friend group,Drew,2026-04-18T12:09:00.000Z,,bro,noise,noise,noise,"Noise, joke, hype, or vague reply",0,0,0,0,noise,20,{},noise.one-word:-18; noise.casual-reply:-28; noise.vague-short:-12
msg_00405,Downtown Survivors,College friend group,Drew,2026-04-18T12:14:00.000Z,,who has the speaker?,maybe,question,item_question,Ambiguous message that may be useful in context,10,10,0,10,noise,25,{},question.intent:10
msg_00406,Downtown Survivors,College friend group,Marcus,2026-04-18T12:17:00.000Z,,we are leaving for downtown at 10,important,event,departure,Generated important College friend group message,48,48,0,48,event,98,{},event.social-anchor:12; time.explicit:12; event.concrete-time:16; structure.concrete-details:8
msg_00407,Downtown Survivors,College friend group,Nick,2026-04-18T12:20:00.000Z,,who can drive Friday,important,logistics,ride_question,Generated important College friend group message,49,49,0,49,logistics,78,{},logistics.transport:20; time.weekday:7; question.intent:10; logistics.transport-question:12
msg_00408,Downtown Survivors,College friend group,Maya,2026-04-18T12:21:00.000Z,,we are leaving for downtown at 10,important,event,departure,Generated important College friend group message,48,48,18,66,event,98,"{""📌"":1}",event.social-anchor:12; time.explicit:12; event.concrete-time:16; structure.concrete-details:8
msg_00409,Downtown Survivors,College friend group,Marcus,2026-04-18T12:25:00.000Z,,where we at,noise,noise,noise,"Noise, joke, hype, or vague reply",0,0,0,0,noise,20,{},question.intent:10; noise.vague-short:-12
msg_00410,Downtown Survivors,College friend group,Jake,2026-04-18T12:28:00.000Z,,are we still doing the same place?,maybe,question,context_needed,Ambiguous message that may be useful in context,10,10,0,10,noise,25,{},question.intent:10
msg_00411,Downtown Survivors,College friend group,Jordan,2026-04-18T12:32:00.000Z,,who up,noise,noise,noise,"Noise, joke, hype, or vague reply",0,0,6,6,noise,23,"{""🔥"":2,""😂"":1}",noise.hype-only:-24; noise.casual-question:-14; noise.vague-short:-12
msg_00412,Downtown Survivors,College friend group,Nick,2026-04-18T12:34:00.000Z,,can someone tell Tyler to chill,noise,noise,noise,"Noise, joke, hype, or vague reply",10,10,0,10,noise,25,{},question.intent:10
msg_00413,Downtown Survivors,College friend group,Sam,2026-04-18T12:37:00.000Z,,anyone going out tonight?,maybe,plan,loose_plan,Ambiguous message that may be useful in context,38,38,18,56,plan,67,"{""❓"":1,""✅"":1}",plan.whos-going:20; time.relative:8; question.intent:10
msg_00414,Downtown Survivors,College friend group,Marcus,2026-04-18T12:41:00.000Z,,where we at,noise,noise,noise,"Noise, joke, hype, or vague reply",0,0,0,0,noise,20,"{""💀"":2,""😂"":1}",question.intent:10; noise.vague-short:-12
msg_00415,Downtown Survivors,College friend group,Marcus,2026-04-18T12:42:00.000Z,,need one more for the Uber,important,logistics,ride_count,Generated important College friend group message,68,68,12,80,logistics,87,"{""✅"":1}",request.concrete-need:28; logistics.transport:20; logistics.uber-count:20
msg_00416,Downtown Survivors,College friend group,Logan,2026-04-18T12:45:00.000Z,,party starts at 9 at Luke's,important,event,party_time,Generated important College friend group message,76,76,20,96,event,100,"{""✅"":1,""👀"":1}",event.social-anchor:12; event.starts-time:28; time.explicit:12; event.concrete-time:16; structure.concrete-details:8
msg_00417,Downtown Survivors,College friend group,Ethan,2026-04-18T12:50:00.000Z,,lol,noise,noise,noise,"Noise, joke, hype, or vague reply",0,0,0,0,noise,20,{},noise.one-word:-18; noise.laughter:-35; noise.vague-short:-12
msg_00418,Downtown Survivors,College friend group,Cam,2026-04-18T12:51:00.000Z,msg_00406,meeting my downfall rn,noise,noise,noise,"Noise, joke, hype, or vague reply",12,12,0,12,noise,26,{},event.social-anchor:12
msg_00419,Downtown Survivors,College friend group,Jake,2026-04-18T12:54:00.000Z,,bring drinks if you have any,maybe,logistics,soft_supplies,Ambiguous message that may be useful in context,25,25,18,43,logistics,46,"{""❓"":1,""✅"":1}",logistics.supplies:25
msg_00420,Downtown Survivors,College friend group,Ethan,2026-04-18T12:58:00.000Z,msg_00376,reservation is at 8:30,important,event,event_time,Generated important College friend group message,12,12,8,20,noise,30,"{""📌"":1}",time.explicit:12
msg_00421,Downtown Survivors,College friend group,Marcus,2026-04-18T13:01:00.000Z,,anyone going out tonight?,maybe,plan,loose_plan,Ambiguous message that may be useful in context,38,38,8,46,plan,67,"{""👀"":1}",plan.whos-going:20; time.relative:8; question.intent:10
msg_00422,Downtown Survivors,College friend group,Ava,2026-04-18T13:03:00.000Z,msg_00421,deadline for being washed is tonight,noise,noise,noise,"Noise, joke, hype, or vague reply",58,58,0,58,deadline,83,{},deadline.explicit:32; time.relative:8; deadline.date-context:18
msg_00423,Downtown Survivors,College friend group,Jordan,2026-04-18T13:08:00.000Z,,I could drive tomorrow,maybe,logistics,availability,Ambiguous message that may be useful in context,50,50,8,58,logistics,71,"{""👀"":1}",logistics.transport:20; commitment.availability:22; time.relative:8
msg_00424,Downtown Survivors,College friend group,Sam,2026-04-18T13:09:00.000Z,msg_00361,yo,noise,noise,noise,"Noise, joke, hype, or vague reply",0,0,3,3,noise,22,"{""🔥"":1,""💀"":2,""😂"":3}",noise.one-word:-18; noise.casual-reply:-28; noise.vague-short:-12
msg_00425,Downtown Survivors,College friend group,Cam,2026-04-18T13:12:00.000Z,,bring drinks if you have any,maybe,logistics,soft_supplies,Ambiguous message that may be useful in context,25,25,18,43,logistics,46,"{""👀"":1,""✅"":1}",logistics.supplies:25
msg_00426,Downtown Survivors,College friend group,Chris,2026-04-18T13:17:00.000Z,msg_00369,need one more for the Uber,important,logistics,ride_count,Generated important College friend group message,68,68,12,80,logistics,87,"{""✅"":1}",request.concrete-need:28; logistics.transport:20; logistics.uber-count:20
msg_00427,Downtown Survivors,College friend group,Maya,2026-04-18T13:18:00.000Z,,party starts at 9 at Luke's,important,event,party_time,Generated important College friend group message,76,76,12,88,event,100,"{""✅"":1}",event.social-anchor:12; event.starts-time:28; time.explicit:12; event.concrete-time:16; structure.concrete-details:8
msg_00428,Downtown Survivors,College friend group,Sam,2026-04-18T13:23:00.000Z,msg_00424,lol,noise,noise,noise,"Noise, joke, hype, or vague reply",0,0,0,0,noise,20,{},noise.one-word:-18; noise.laughter:-35; noise.vague-short:-12
msg_00429,Downtown Survivors,College friend group,Jake,2026-04-18T13:24:00.000Z,,tomorrow gonna be wild,noise,noise,noise,"Noise, joke, hype, or vague reply",8,8,0,8,noise,24,{},time.relative:8
msg_00430,Downtown Survivors,College friend group,Marcus,2026-04-18T13:28:00.000Z,,pregame at the house?,maybe,question,event_question,Ambiguous message that may be useful in context,30,30,0,30,question,64,"{""😂"":1}",event.social-anchor:12; question.intent:10; question.event-context:8
msg_00431,Downtown Survivors,College friend group,Cam,2026-04-18T13:32:00.000Z,,who can drive Friday,important,logistics,ride_question,Generated important College friend group message,49,49,8,57,logistics,78,"{""👀"":1}",logistics.transport:20; time.weekday:7; question.intent:10; logistics.transport-question:12
msg_00432,Downtown Survivors,College friend group,Ethan,2026-04-18T13:35:00.000Z,msg_00387,where are we meeting?,maybe,plan,meeting_question,Ambiguous message that may be useful in context,50,50,8,58,plan,79,"{""❓"":1}",event.social-anchor:12; plan.leaving-meeting:20; question.intent:10; question.event-context:8
msg_00433,Downtown Survivors,College friend group,Chris,2026-04-18T13:36:00.000Z,,bro said formal like he owns the place,noise,noise,noise,"Noise, joke, hype, or vague reply",12,12,0,12,noise,26,{},event.social-anchor:12
msg_00434,Downtown Survivors,College friend group,Maya,2026-04-18T13:40:00.000Z,,need bro to retire,noise,noise,noise,"Noise, joke, hype, or vague reply",0,0,0,0,noise,20,{},
msg_00435,Downtown Survivors,College friend group,Mia,2026-04-18T13:42:00.000Z,,what time is tailgate again,maybe,question,event_question,Ambiguous message that may be useful in context,30,30,8,38,question,64,"{""👀"":1,""😂"":1}",event.social-anchor:12; question.intent:10; question.event-context:8
msg_00436,Downtown Survivors,College friend group,Nick,2026-04-18T13:47:00.000Z,,who has the speaker?,maybe,question,item_question,Ambiguous message that may be useful in context,10,10,0,10,noise,25,{},question.intent:10
msg_00437,Downtown Survivors,College friend group,Jake,2026-04-18T13:49:00.000Z,,Friday was insane,noise,noise,noise,"Noise, joke, hype, or vague reply",7,7,0,7,noise,24,"{""💀"":2}",time.weekday:7
msg_00438,Downtown Survivors,College friend group,Olivia,2026-04-18T13:52:00.000Z,,reservation is at 8:30,important,event,event_time,Generated important College friend group message,12,12,8,20,noise,30,"{""👀"":1}",time.explicit:12
msg_00439,Downtown Survivors,College friend group,Mia,2026-04-18T13:54:00.000Z,,who can drive Friday,important,logistics,ride_question,Generated important College friend group message,49,49,0,49,logistics,78,{},logistics.transport:20; time.weekday:7; question.intent:10; logistics.transport-question:12
msg_00440,Downtown Survivors,College friend group,Marcus,2026-04-18T13:58:00.000Z,,who all is going Friday?,maybe,plan,attendance_question,Ambiguous message that may be useful in context,37,37,8,45,plan,66,"{""👀"":1,""😂"":1}",plan.whos-going:20; time.weekday:7; question.intent:10
msg_00441,Downtown Survivors,College friend group,Sam,2026-04-18T14:01:00.000Z,,????????,noise,noise,noise,"Noise, joke, hype, or vague reply",0,0,0,0,noise,20,{},question.intent:10; noise.one-word:-18; noise.repeated:-16; noise.vague-short:-12
msg_00442,Downtown Survivors,College friend group,Maya,2026-04-18T14:04:00.000Z,,fire fit,noise,noise,noise,"Noise, joke, hype, or vague reply",0,0,0,0,noise,20,{},noise.vague-short:-12
msg_00443,Downtown Survivors,College friend group,Ethan,2026-04-18T14:08:00.000Z,,who can drive Friday,important,logistics,ride_question,Generated important College friend group message,49,49,12,61,logistics,78,"{""✅"":1}",logistics.transport:20; time.weekday:7; question.intent:10; logistics.transport-question:12
msg_00444,Downtown Survivors,College friend group,Logan,2026-04-18T14:09:00.000Z,,who up,noise,noise,noise,"Noise, joke, hype, or vague reply",0,0,3,3,noise,22,"{""😂"":1,""💀"":1,""🔥"":1}",noise.hype-only:-24; noise.casual-question:-14; noise.vague-short:-12
msg_00445,Downtown Survivors,College friend group,Drew,2026-04-18T14:13:00.000Z,,bring drinks if you have any,maybe,logistics,soft_supplies,Ambiguous message that may be useful in context,25,25,8,33,logistics,46,"{""❓"":1}",logistics.supplies:25
msg_00446,Downtown Survivors,College friend group,Jordan,2026-04-18T14:17:00.000Z,msg_00375,might go downtown later,maybe,noise,vague_plan,Ambiguous message that may be useful in context,12,12,0,12,noise,26,{},event.social-anchor:12
msg_00447,Downtown Survivors,College friend group,Ava,2026-04-18T14:20:00.000Z,,reservation is at 8:30,important,event,event_time,Generated important College friend group message,12,12,8,20,noise,30,"{""✅"":1,""👀"":1}",time.explicit:12
msg_00448,Downtown Survivors,College friend group,Sophia,2026-04-18T14:21:00.000Z,,where we at,noise,noise,noise,"Noise, joke, hype, or vague reply",0,0,0,0,noise,20,{},question.intent:10; noise.vague-short:-12
msg_00449,Downtown Survivors,College friend group,Marcus,2026-04-18T14:26:00.000Z,,who can drive Friday,important,logistics,ride_question,Generated important College friend group message,49,49,18,67,logistics,78,"{""📌"":1}",logistics.transport:20; time.weekday:7; question.intent:10; logistics.transport-question:12
msg_00450,Downtown Survivors,College friend group,Mia,2026-04-18T14:28:00.000Z,,9 is crazy,noise,noise,noise,"Noise, joke, hype, or vague reply",0,0,0,0,noise,20,{},noise.vague-short:-12
msg_00451,Downtown Survivors,College friend group,Mia,2026-04-18T14:32:00.000Z,,anyone going out tonight?,maybe,plan,loose_plan,Ambiguous message that may be useful in context,38,38,12,50,plan,67,"{""✅"":1}",plan.whos-going:20; time.relative:8; question.intent:10
msg_00452,Downtown Survivors,College friend group,Ava,2026-04-18T14:35:00.000Z,,party starts at 9 at Luke's,important,event,party_time,Generated important College friend group message,76,76,20,96,event,100,"{""✅"":1,""👀"":1}",event.social-anchor:12; event.starts-time:28; time.explicit:12; event.concrete-time:16; structure.concrete-details:8
msg_00453,Downtown Survivors,College friend group,Logan,2026-04-18T14:36:00.000Z,,need one more for the Uber,important,logistics,ride_count,Generated important College friend group message,68,68,20,88,logistics,87,"{""✅"":1,""👀"":1}",request.concrete-need:28; logistics.transport:20; logistics.uber-count:20
msg_00454,Downtown Survivors,College friend group,Marcus,2026-04-18T14:41:00.000Z,,meeting my downfall rn,noise,noise,noise,"Noise, joke, hype, or vague reply",12,12,0,12,noise,26,{},event.social-anchor:12
msg_00455,Downtown Survivors,College friend group,Drew,2026-04-18T14:44:00.000Z,msg_00430,who has the speaker?,maybe,question,item_question,Ambiguous message that may be useful in context,10,10,0,10,noise,25,"{""😂"":1}",question.intent:10
msg_00456,Downtown Survivors,College friend group,Nick,2026-04-18T14:47:00.000Z,,I could drive tomorrow,maybe,logistics,availability,Ambiguous message that may be useful in context,50,50,12,62,logistics,71,"{""✅"":1}",logistics.transport:20; commitment.availability:22; time.relative:8
msg_00457,Downtown Survivors,College friend group,Ethan,2026-04-18T14:50:00.000Z,,reservation is at 8:30,important,event,event_time,Generated important College friend group message,12,12,8,20,noise,30,"{""✅"":1}",time.explicit:12
msg_00458,Downtown Survivors,College friend group,Cam,2026-04-18T14:51:00.000Z,,no shot,noise,noise,noise,"Noise, joke, hype, or vague reply",0,0,0,0,noise,20,"{""💀"":2}",noise.hype-only:-24; noise.vague-short:-12
msg_00459,Downtown Survivors,College friend group,Jordan,2026-04-18T14:54:00.000Z,msg_00401,yo,noise,noise,noise,"Noise, joke, hype, or vague reply",0,0,3,3,noise,22,"{""🔥"":1}",noise.one-word:-18; noise.casual-reply:-28; noise.vague-short:-12
msg_00460,Downtown Survivors,College friend group,Ethan,2026-04-18T14:59:00.000Z,,bro said formal like he owns the place,noise,noise,noise,"Noise, joke, hype, or vague reply",12,12,8,20,noise,30,"{""💀"":1,""😂"":4,""🔥"":3}",event.social-anchor:12
msg_00461,Downtown Survivors,College friend group,Cam,2026-04-18T15:00:00.000Z,,reservation is at 8:30,important,event,event_time,Generated important College friend group message,12,12,8,20,noise,30,"{""📌"":1}",time.explicit:12
msg_00462,Downtown Survivors,College friend group,Mia,2026-04-18T15:04:00.000Z,msg_00444,deadline for being washed is tonight,noise,noise,noise,"Noise, joke, hype, or vague reply",58,58,0,58,deadline,83,{},deadline.explicit:32; time.relative:8; deadline.date-context:18
msg_00463,Downtown Survivors,College friend group,Maya,2026-04-18T15:06:00.000Z,,who up,noise,noise,noise,"Noise, joke, hype, or vague reply",0,0,6,6,noise,23,"{""😂"":2,""🔥"":2,""💀"":1}",noise.hype-only:-24; noise.casual-question:-14; noise.vague-short:-12
msg_00464,Downtown Survivors,College friend group,Nick,2026-04-18T15:11:00.000Z,,bring drinks if you have any,maybe,logistics,soft_supplies,Ambiguous message that may be useful in context,25,25,8,33,logistics,46,"{""👀"":1}",logistics.supplies:25
msg_00465,Downtown Survivors,College friend group,Mia,2026-04-18T15:13:00.000Z,,formal apology incoming,noise,noise,noise,"Noise, joke, hype, or vague reply",12,12,0,12,noise,26,{},event.social-anchor:12
msg_00466,Downtown Survivors,College friend group,Jordan,2026-04-18T15:15:00.000Z,,need one more for the Uber,important,logistics,ride_count,Generated important College friend group message,68,68,8,76,logistics,87,"{""👀"":1}",request.concrete-need:28; logistics.transport:20; logistics.uber-count:20
msg_00467,Downtown Survivors,College friend group,Nick,2026-04-18T15:18:00.000Z,,where are we meeting?,maybe,plan,meeting_question,Ambiguous message that may be useful in context,50,50,18,68,plan,79,"{""👀"":1,""✅"":1}",event.social-anchor:12; plan.leaving-meeting:20; question.intent:10; question.event-context:8
msg_00468,Downtown Survivors,College friend group,Maya,2026-04-18T15:22:00.000Z,,anyone able to grab snacks?,maybe,request,soft_request,Ambiguous message that may be useful in context,73,73,0,73,request,86,"{""😂"":1}",request.can-someone:24; logistics.supplies:25; question.intent:10; request.bring-supplies:14
msg_00469,Downtown Survivors,College friend group,Ava,2026-04-18T15:24:00.000Z,,absolute cinema,noise,noise,noise,"Noise, joke, hype, or vague reply",0,0,0,0,noise,20,{},noise.hype-only:-24; noise.vague-short:-12
msg_00470,Downtown Survivors,College friend group,Riley,2026-04-18T15:27:00.000Z,,party starts at 9 at Luke's,important,event,party_time,Generated important College friend group message,76,76,30,100,event,100,"{""✅"":1,""📌"":1}",event.social-anchor:12; event.starts-time:28; time.explicit:12; event.concrete-time:16; structure.concrete-details:8
msg_00471,Downtown Survivors,College friend group,Jake,2026-04-18T15:30:00.000Z,,meeting my downfall rn,noise,noise,noise,"Noise, joke, hype, or vague reply",12,12,0,12,noise,26,{},event.social-anchor:12
msg_00472,Downtown Survivors,College friend group,Drew,2026-04-18T15:35:00.000Z,,lmao,noise,noise,noise,"Noise, joke, hype, or vague reply",0,0,0,0,noise,20,{},noise.one-word:-18; noise.laughter:-35; noise.vague-short:-12
msg_00473,Downtown Survivors,College friend group,Ava,2026-04-18T15:37:00.000Z,,yo,noise,noise,noise,"Noise, joke, hype, or vague reply",0,0,0,0,noise,20,{},noise.one-word:-18; noise.casual-reply:-28; noise.vague-short:-12
msg_00474,Downtown Survivors,College friend group,Cam,2026-04-18T15:39:00.000Z,,Friday was insane,noise,noise,noise,"Noise, joke, hype, or vague reply",7,7,3,10,noise,25,"{""🔥"":1,""💀"":1,""😂"":1}",time.weekday:7
msg_00475,Downtown Survivors,College friend group,Cam,2026-04-18T15:42:00.000Z,,anyone able to grab snacks?,maybe,request,soft_request,Ambiguous message that may be useful in context,73,73,0,73,request,86,"{""😂"":1}",request.can-someone:24; logistics.supplies:25; question.intent:10; request.bring-supplies:14
msg_00476,Downtown Survivors,College friend group,Mia,2026-04-18T15:47:00.000Z,msg_00469,reservation is at 8:30,important,event,event_time,Generated important College friend group message,12,12,8,20,noise,30,"{""✅"":1}",time.explicit:12
msg_00477,Downtown Survivors,College friend group,Ava,2026-04-18T15:48:00.000Z,,reservation is at 8:30,important,event,event_time,Generated important College friend group message,12,12,8,20,noise,30,"{""👀"":1}",time.explicit:12
msg_00478,Downtown Survivors,College friend group,Jordan,2026-04-18T15:51:00.000Z,,I can drive after 10,maybe,logistics,availability,Ambiguous message that may be useful in context,42,42,0,42,logistics,60,{},logistics.transport:20; commitment.availability:22
msg_00479,Downtown Survivors,College friend group,Olivia,2026-04-18T15:56:00.000Z,,reservation is at 8:30,important,event,event_time,Generated important College friend group message,12,12,8,20,noise,30,"{""✅"":1,""👀"":1}",time.explicit:12
msg_00480,Downtown Survivors,College friend group,Riley,2026-04-18T15:57:00.000Z,,who all is going Friday?,maybe,plan,attendance_question,Ambiguous message that may be useful in context,37,37,0,37,plan,66,{},plan.whos-going:20; time.weekday:7; question.intent:10
msg_00481,Downtown Survivors,College friend group,Bella,2026-04-18T16:00:00.000Z,,that was crazy,noise,noise,noise,"Noise, joke, hype, or vague reply",0,0,0,0,noise,20,{},noise.hype-only:-24; noise.vague-short:-12
msg_00482,Downtown Survivors,College friend group,Cam,2026-04-18T16:04:00.000Z,,rush hour traffic sucks,noise,noise,noise,"Noise, joke, hype, or vague reply",12,12,0,12,noise,26,"{""😂"":1}",event.social-anchor:12
msg_00483,Downtown Survivors,College friend group,Logan,2026-04-18T16:08:00.000Z,,😭😭😭,noise,noise,noise,"Noise, joke, hype, or vague reply",0,0,0,0,noise,20,{},noise.one-word:-18; noise.emoji-only:-35; noise.vague-short:-12
msg_00484,Downtown Survivors,College friend group,Chris,2026-04-18T16:09:00.000Z,,who all is going Friday?,maybe,plan,attendance_question,Ambiguous message that may be useful in context,37,37,0,37,plan,66,{},plan.whos-going:20; time.weekday:7; question.intent:10
msg_00485,Downtown Survivors,College friend group,Maya,2026-04-18T16:12:00.000Z,msg_00424,fire,noise,noise,noise,"Noise, joke, hype, or vague reply",0,0,0,0,noise,20,{},noise.one-word:-18; noise.casual-reply:-28; noise.vague-short:-12
msg_00486,Downtown Survivors,College friend group,Bella,2026-04-18T16:17:00.000Z,,party starts at 9 at Luke's,important,event,party_time,Generated important College friend group message,76,76,8,84,event,100,"{""👀"":1}",event.social-anchor:12; event.starts-time:28; time.explicit:12; event.concrete-time:16; structure.concrete-details:8
msg_00487,Downtown Survivors,College friend group,Maya,2026-04-18T16:20:00.000Z,,yo,noise,noise,noise,"Noise, joke, hype, or vague reply",0,0,0,0,noise,20,{},noise.one-word:-18; noise.casual-reply:-28; noise.vague-short:-12
msg_00488,Downtown Survivors,College friend group,Ethan,2026-04-18T16:22:00.000Z,,anyone able to grab snacks?,maybe,request,soft_request,Ambiguous message that may be useful in context,73,73,0,73,request,86,{},request.can-someone:24; logistics.supplies:25; question.intent:10; request.bring-supplies:14
msg_00489,Downtown Survivors,College friend group,Nick,2026-04-18T16:25:00.000Z,,we are leaving for downtown at 10,important,event,departure,Generated important College friend group message,48,48,18,66,event,98,"{""✅"":1,""👀"":1}",event.social-anchor:12; time.explicit:12; event.concrete-time:16; structure.concrete-details:8
msg_00490,Downtown Survivors,College friend group,Riley,2026-04-18T16:29:00.000Z,,🔥🔥🔥,noise,noise,noise,"Noise, joke, hype, or vague reply",0,0,0,0,noise,20,{},noise.one-word:-18; noise.emoji-only:-35; noise.vague-short:-12
msg_00491,Downtown Survivors,College friend group,Sam,2026-04-18T16:30:00.000Z,,bro said formal like he owns the place,noise,noise,noise,"Noise, joke, hype, or vague reply",12,12,0,12,noise,26,{},event.social-anchor:12
msg_00492,Downtown Survivors,College friend group,Nick,2026-04-18T16:34:00.000Z,,need one more for the Uber,important,logistics,ride_count,Generated important College friend group message,68,68,24,92,logistics,87,"{""📌"":1}",request.concrete-need:28; logistics.transport:20; logistics.uber-count:20
msg_00493,Downtown Survivors,College friend group,Logan,2026-04-18T16:36:00.000Z,,you had to be there,noise,noise,noise,"Noise, joke, hype, or vague reply",0,0,0,0,noise,20,{},noise.hype-only:-24
msg_00494,Downtown Survivors,College friend group,Jordan,2026-04-18T16:40:00.000Z,,no shot,noise,noise,noise,"Noise, joke, hype, or vague reply",0,0,0,0,noise,20,{},noise.hype-only:-24; noise.vague-short:-12
msg_00495,Downtown Survivors,College friend group,Ava,2026-04-18T16:44:00.000Z,,reservation is at 8:30,important,event,event_time,Generated important College friend group message,12,12,8,20,noise,30,"{""👀"":1}",time.explicit:12
msg_00496,Downtown Survivors,College friend group,Nick,2026-04-18T16:46:00.000Z,,😭😭😭,noise,noise,noise,"Noise, joke, hype, or vague reply",0,0,0,0,noise,20,{},noise.one-word:-18; noise.emoji-only:-35; noise.vague-short:-12
msg_00497,Downtown Survivors,College friend group,Drew,2026-04-18T16:49:00.000Z,,party starts at 9 at Luke's,important,event,party_time,Generated important College friend group message,76,76,0,76,event,100,{},event.social-anchor:12; event.starts-time:28; time.explicit:12; event.concrete-time:16; structure.concrete-details:8
msg_00498,Downtown Survivors,College friend group,Ava,2026-04-18T16:53:00.000Z,msg_00397,deadline for being washed is tonight,noise,noise,noise,"Noise, joke, hype, or vague reply",58,58,0,58,deadline,83,{},deadline.explicit:32; time.relative:8; deadline.date-context:18
msg_00499,Downtown Survivors,College friend group,Drew,2026-04-18T16:54:00.000Z,,party starts at 9 at Luke's,important,event,party_time,Generated important College friend group message,76,76,8,84,event,100,"{""👀"":1}",event.social-anchor:12; event.starts-time:28; time.explicit:12; event.concrete-time:16; structure.concrete-details:8
msg_00500,Downtown Survivors,College friend group,Olivia,2026-04-18T16:58:00.000Z,,go go go go,noise,noise,noise,"Noise, joke, hype, or vague reply",0,0,3,3,noise,22,"{""🔥"":1,""💀"":2}",noise.repeated:-16; noise.vague-short:-12
msg_00501,Downtown Survivors,College friend group,Drew,2026-04-18T17:00:00.000Z,,I can bring cups,maybe,logistics,supply_commitment,Ambiguous message that may be useful in context,35,35,0,35,logistics,58,{},logistics.supplies:25; commitment.availability:22; noise.vague-short:-12
msg_00502,Downtown Survivors,College friend group,Sophia,2026-04-18T17:03:00.000Z,,need one more for the Uber,important,logistics,ride_count,Generated important College friend group message,68,68,20,88,logistics,87,"{""✅"":1,""👀"":1}",request.concrete-need:28; logistics.transport:20; logistics.uber-count:20
msg_00503,Downtown Survivors,College friend group,Mia,2026-04-18T17:07:00.000Z,,need one more for the Uber,important,logistics,ride_count,Generated important College friend group message,68,68,20,88,logistics,87,"{""✅"":1,""👀"":1}",request.concrete-need:28; logistics.transport:20; logistics.uber-count:20
msg_00504,Downtown Survivors,College friend group,Sam,2026-04-18T17:11:00.000Z,,we are leaving for downtown at 10,important,event,departure,Generated important College friend group message,48,48,8,56,event,98,"{""👀"":1}",event.social-anchor:12; time.explicit:12; event.concrete-time:16; structure.concrete-details:8
msg_00505,Downtown Survivors,College friend group,Maya,2026-04-18T17:14:00.000Z,,are we still doing the same place?,maybe,question,context_needed,Ambiguous message that may be useful in context,10,10,8,18,noise,29,"{""✅"":1}",question.intent:10
msg_00506,Downtown Survivors,College friend group,Ethan,2026-04-18T17:15:00.000Z,msg_00373,nah,noise,noise,noise,"Noise, joke, hype, or vague reply",0,0,0,0,noise,20,{},noise.one-word:-18; noise.casual-reply:-28; noise.vague-short:-12
msg_00507,Downtown Survivors,College friend group,Ava,2026-04-18T17:20:00.000Z,,skull,noise,noise,noise,"Noise, joke, hype, or vague reply",0,0,0,0,noise,20,{},noise.one-word:-18; noise.casual-reply:-28; noise.vague-short:-12
msg_00508,Downtown Survivors,College friend group,Jake,2026-04-18T17:23:00.000Z,,where are we meeting?,maybe,plan,meeting_question,Ambiguous message that may be useful in context,50,50,8,58,plan,79,"{""👀"":1}",event.social-anchor:12; plan.leaving-meeting:20; question.intent:10; question.event-context:8
msg_00509,Downtown Survivors,College friend group,Jake,2026-04-18T17:25:00.000Z,,meeting my downfall rn,noise,noise,noise,"Noise, joke, hype, or vague reply",12,12,0,12,noise,26,"{""😂"":1,""💀"":1}",event.social-anchor:12
msg_00510,Downtown Survivors,College friend group,Nick,2026-04-18T17:27:00.000Z,,reservation is at 8:30,important,event,event_time,Generated important College friend group message,12,12,0,12,noise,26,{},time.explicit:12
msg_00511,Downtown Survivors,College friend group,Ava,2026-04-18T17:30:00.000Z,,what time is tailgate again,maybe,question,event_question,Ambiguous message that may be useful in context,30,30,0,30,question,64,{},event.social-anchor:12; question.intent:10; question.event-context:8
msg_00512,Downtown Survivors,College friend group,Bella,2026-04-18T17:33:00.000Z,msg_00365,who can drive Friday,important,logistics,ride_question,Generated important College friend group message,49,49,12,61,logistics,78,"{""✅"":1}",logistics.transport:20; time.weekday:7; question.intent:10; logistics.transport-question:12
msg_00513,Downtown Survivors,College friend group,Ethan,2026-04-18T17:37:00.000Z,,reservation is at 8:30,important,event,event_time,Generated important College friend group message,12,12,0,12,noise,26,{},time.explicit:12
msg_00514,Downtown Survivors,College friend group,Nick,2026-04-18T17:39:00.000Z,,meeting my downfall rn,noise,noise,noise,"Noise, joke, hype, or vague reply",12,12,0,12,noise,26,{},event.social-anchor:12
msg_00515,Downtown Survivors,College friend group,Marcus,2026-04-18T17:44:00.000Z,,formal apology incoming,noise,noise,noise,"Noise, joke, hype, or vague reply",12,12,0,12,noise,26,"{""😂"":4,""💀"":1}",event.social-anchor:12
msg_00516,Downtown Survivors,College friend group,Jordan,2026-04-18T17:45:00.000Z,,does anyone have tickets left?,maybe,request,ticket_availability,Ambiguous message that may be useful in context,46,46,8,54,request,69,"{""👀"":1}",deadline.payment:18; request.ticket-availability:18; question.intent:10
msg_00517,Downtown Survivors,College friend group,Marcus,2026-04-18T17:48:00.000Z,,no shot,noise,noise,noise,"Noise, joke, hype, or vague reply",0,0,0,0,noise,20,{},noise.hype-only:-24; noise.vague-short:-12
msg_00518,Downtown Survivors,College friend group,Jake,2026-04-18T17:51:00.000Z,,anyone going out tonight?,maybe,plan,loose_plan,Ambiguous message that may be useful in context,38,38,0,38,plan,67,{},plan.whos-going:20; time.relative:8; question.intent:10
msg_00519,Downtown Survivors,College friend group,Sam,2026-04-18T17:54:00.000Z,,party starts at 9 at Luke's,important,event,party_time,Generated important College friend group message,76,76,0,76,event,100,{},event.social-anchor:12; event.starts-time:28; time.explicit:12; event.concrete-time:16; structure.concrete-details:8
msg_00520,Downtown Survivors,College friend group,Riley,2026-04-18T17:57:00.000Z,,we are leaving for downtown at 10,important,event,departure,Generated important College friend group message,48,48,12,60,event,98,"{""✅"":1}",event.social-anchor:12; time.explicit:12; event.concrete-time:16; structure.concrete-details:8
msg_00521,Downtown Survivors,College friend group,Mia,2026-04-18T18:02:00.000Z,msg_00363,reservation is at 8:30,important,event,event_time,Generated important College friend group message,12,12,8,20,noise,30,"{""✅"":1,""👀"":1,""📌"":1}",time.explicit:12
msg_00522,Downtown Survivors,College friend group,Sam,2026-04-18T18:04:00.000Z,,need one more for the Uber,important,logistics,ride_count,Generated important College friend group message,68,68,12,80,logistics,87,"{""✅"":1}",request.concrete-need:28; logistics.transport:20; logistics.uber-count:20
msg_00523,Downtown Survivors,College friend group,Logan,2026-04-18T18:06:00.000Z,,we are leaving for downtown at 10,important,event,departure,Generated important College friend group message,48,48,8,56,event,98,"{""👀"":1}",event.social-anchor:12; time.explicit:12; event.concrete-time:16; structure.concrete-details:8
msg_00524,Downtown Survivors,College friend group,Jake,2026-04-18T18:09:00.000Z,msg_00443,party starts at 9 at Luke's,important,event,party_time,Generated important College friend group message,76,76,8,84,event,100,"{""👀"":1}",event.social-anchor:12; event.starts-time:28; time.explicit:12; event.concrete-time:16; structure.concrete-details:8
msg_00525,Downtown Survivors,College friend group,Drew,2026-04-18T18:14:00.000Z,,anyone going out tonight?,maybe,plan,loose_plan,Ambiguous message that may be useful in context,38,38,8,46,plan,67,"{""👀"":1}",plan.whos-going:20; time.relative:8; question.intent:10
msg_00526,Downtown Survivors,College friend group,Maya,2026-04-18T18:17:00.000Z,,who has the speaker?,maybe,question,item_question,Ambiguous message that may be useful in context,10,10,8,18,noise,29,"{""✅"":1}",question.intent:10
msg_00527,Downtown Survivors,College friend group,Maya,2026-04-18T18:20:00.000Z,,bro said formal like he owns the place,noise,noise,noise,"Noise, joke, hype, or vague reply",12,12,0,12,noise,26,{},event.social-anchor:12
msg_00528,Downtown Survivors,College friend group,Drew,2026-04-18T18:22:00.000Z,,we are leaving for downtown at 10,important,event,departure,Generated important College friend group message,48,48,18,66,event,98,"{""✅"":1,""👀"":1}",event.social-anchor:12; time.explicit:12; event.concrete-time:16; structure.concrete-details:8
msg_00529,Downtown Survivors,College friend group,Mia,2026-04-18T18:25:00.000Z,msg_00390,absolute cinema,noise,noise,noise,"Noise, joke, hype, or vague reply",0,0,3,3,noise,22,"{""🔥"":1,""💀"":1}",noise.hype-only:-24; noise.vague-short:-12
msg_00530,Downtown Survivors,College friend group,Nick,2026-04-18T18:27:00.000Z,,pregame at the house?,maybe,question,event_question,Ambiguous message that may be useful in context,30,30,0,30,question,64,{},event.social-anchor:12; question.intent:10; question.event-context:8
msg_00531,Downtown Survivors,College friend group,Mia,2026-04-18T18:30:00.000Z,,what time is tailgate again,maybe,question,event_question,Ambiguous message that may be useful in context,30,30,12,42,question,64,"{""✅"":1}",event.social-anchor:12; question.intent:10; question.event-context:8
msg_00532,Downtown Survivors,College friend group,Cam,2026-04-18T18:34:00.000Z,,yo,noise,noise,noise,"Noise, joke, hype, or vague reply",0,0,8,8,noise,24,"{""💀"":2,""🔥"":3,""😂"":3}",noise.one-word:-18; noise.casual-reply:-28; noise.vague-short:-12
msg_00533,Downtown Survivors,College friend group,Logan,2026-04-18T18:38:00.000Z,,Friday was insane,noise,noise,noise,"Noise, joke, hype, or vague reply",7,7,0,7,noise,24,{},time.weekday:7
msg_00534,Downtown Survivors,College friend group,Sophia,2026-04-18T18:39:00.000Z,,reservation is at 8:30,important,event,event_time,Generated important College friend group message,12,12,8,20,noise,30,"{""✅"":1,""👀"":1}",time.explicit:12
msg_00535,Downtown Survivors,College friend group,Ethan,2026-04-18T18:44:00.000Z,,reservation is at 8:30,important,event,event_time,Generated important College friend group message,12,12,8,20,noise,30,"{""📌"":1}",time.explicit:12
msg_00536,Downtown Survivors,College friend group,Bella,2026-04-18T18:47:00.000Z,,bring drinks if you have any,maybe,logistics,soft_supplies,Ambiguous message that may be useful in context,25,25,0,25,logistics,46,{},logistics.supplies:25
msg_00537,Downtown Survivors,College friend group,Mia,2026-04-18T18:50:00.000Z,msg_00369,reservation is at 8:30,important,event,event_time,Generated important College friend group message,12,12,8,20,noise,30,"{""✅"":1}",time.explicit:12
msg_00538,Downtown Survivors,College friend group,Olivia,2026-04-18T18:52:00.000Z,,are we still doing the same place?,maybe,question,context_needed,Ambiguous message that may be useful in context,10,10,0,10,noise,25,{},question.intent:10
msg_00539,Downtown Survivors,College friend group,Maya,2026-04-18T18:56:00.000Z,msg_00491,are we still doing the same place?,maybe,question,context_needed,Ambiguous message that may be useful in context,10,10,8,18,noise,29,"{""❓"":1}",question.intent:10
msg_00540,Downtown Survivors,College friend group,Sophia,2026-04-18T18:57:00.000Z,,we are leaving for downtown at 10,important,event,departure,Generated important College friend group message,48,48,12,60,event,98,"{""✅"":1}",event.social-anchor:12; time.explicit:12; event.concrete-time:16; structure.concrete-details:8
msg_00541,Campus Volunteer Board,Student organization/club,Mia,2026-04-18T19:00:00.000Z,,meeting moved to the library room 310,important,announcement,room_change,Generated important Student organization/club message,42,42,12,54,announcement,60,"{""✅"":1}",event.social-anchor:12; announcement.change:30
msg_00542,Campus Volunteer Board,Student organization/club,Ava,2026-04-18T19:05:00.000Z,msg_00541,rush hour traffic sucks,noise,noise,noise,"Noise, joke, hype, or vague reply",12,12,0,12,noise,26,{},event.social-anchor:12
msg_00543,Campus Volunteer Board,Student organization/club,Olivia,2026-04-18T19:07:00.000Z,,volunteer forms are due tomorrow,important,deadline,forms,Generated important Student organization/club message,84,84,20,100,deadline,100,"{""✅"":1,""👀"":1}",deadline.explicit:32; deadline.payment:18; time.relative:8; deadline.date-context:18; structure.concrete-details:8
msg_00544,Campus Volunteer Board,Student organization/club,Nick,2026-04-18T19:10:00.000Z,,submit budget requests by Friday,important,deadline,deadline,Generated important Student organization/club message,83,83,8,91,deadline,100,"{""👀"":1}",deadline.explicit:32; deadline.payment:18; time.weekday:7; deadline.date-context:18; structure.concrete-details:8
msg_00545,Campus Volunteer Board,Student organization/club,Logan,2026-04-18T19:14:00.000Z,msg_00543,who has the speaker?,maybe,question,item_question,Ambiguous message that may be useful in context,10,10,8,18,noise,29,"{""❓"":1,""✅"":1,""😂"":1}",question.intent:10
msg_00546,Campus Volunteer Board,Student organization/club,Drew,2026-04-18T19:17:00.000Z,,what time is tailgate again,maybe,question,event_question,Ambiguous message that may be useful in context,30,30,8,38,question,64,"{""❓"":1}",event.social-anchor:12; question.intent:10; question.event-context:8
msg_00547,Campus Volunteer Board,Student organization/club,Bella,2026-04-18T19:18:00.000Z,,Friday was insane,noise,noise,noise,"Noise, joke, hype, or vague reply",7,7,0,7,noise,24,{},time.weekday:7
msg_00548,Campus Volunteer Board,Student organization/club,Olivia,2026-04-18T19:23:00.000Z,,submit budget requests by Friday,important,deadline,deadline,Generated important Student organization/club message,83,83,8,91,deadline,100,"{""👀"":1}",deadline.explicit:32; deadline.payment:18; time.weekday:7; deadline.date-context:18; structure.concrete-details:8
msg_00549,Campus Volunteer Board,Student organization/club,Maya,2026-04-18T19:25:00.000Z,msg_00545,W,noise,noise,noise,"Noise, joke, hype, or vague reply",0,0,0,0,noise,20,{},noise.one-word:-18; noise.casual-reply:-28; noise.vague-short:-12
msg_00550,Campus Volunteer Board,Student organization/club,Nick,2026-04-18T19:28:00.000Z,,fire fit,noise,noise,noise,"Noise, joke, hype, or vague reply",0,0,6,6,noise,23,"{""🔥"":2,""💀"":2,""😂"":2}",noise.vague-short:-12
msg_00551,Campus Volunteer Board,Student organization/club,Ava,2026-04-18T19:32:00.000Z,msg_00546,🔥🔥🔥,noise,noise,noise,"Noise, joke, hype, or vague reply",0,0,8,8,noise,24,"{""🔥"":4,""😂"":2,""💀"":2}",noise.one-word:-18; noise.emoji-only:-35; noise.vague-short:-12
msg_00552,Campus Volunteer Board,Student organization/club,Ethan,2026-04-18T19:34:00.000Z,msg_00551,I can bring cups,maybe,logistics,supply_commitment,Ambiguous message that may be useful in context,35,35,0,35,logistics,58,{},logistics.supplies:25; commitment.availability:22; noise.vague-short:-12
msg_00553,Campus Volunteer Board,Student organization/club,Sophia,2026-04-18T19:38:00.000Z,,nah,noise,noise,noise,"Noise, joke, hype, or vague reply",0,0,0,0,noise,20,{},noise.one-word:-18; noise.casual-reply:-28; noise.vague-short:-12
msg_00554,Campus Volunteer Board,Student organization/club,Bella,2026-04-18T19:41:00.000Z,,meeting moved to the library room 310,important,announcement,room_change,Generated important Student organization/club message,42,42,8,50,announcement,60,"{""👀"":1}",event.social-anchor:12; announcement.change:30
msg_00555,Campus Volunteer Board,Student organization/club,Maya,2026-04-18T19:44:00.000Z,,submit budget requests by Friday,important,deadline,deadline,Generated important Student organization/club message,83,83,24,100,deadline,100,"{""📌"":1}",deadline.explicit:32; deadline.payment:18; time.weekday:7; deadline.date-context:18; structure.concrete-details:8
msg_00556,Campus Volunteer Board,Student organization/club,Cam,2026-04-18T19:46:00.000Z,,tomorrow gonna be wild,noise,noise,noise,"Noise, joke, hype, or vague reply",8,8,6,14,noise,27,"{""😂"":5,""🔥"":2}",time.relative:8
msg_00557,Campus Volunteer Board,Student organization/club,Cam,2026-04-18T19:48:00.000Z,,need 4 people for check in at noon,important,request,volunteer,Generated important Student organization/club message,50,50,12,62,request,81,"{""✅"":1}",request.concrete-need:28; time.explicit:12; request.help-needed:10
msg_00558,Campus Volunteer Board,Student organization/club,Ava,2026-04-18T19:51:00.000Z,msg_00552,need 4 people for check in at noon,important,request,volunteer,Generated important Student organization/club message,50,50,18,68,request,81,"{""📌"":1}",request.concrete-need:28; time.explicit:12; request.help-needed:10
msg_00559,Campus Volunteer Board,Student organization/club,Bella,2026-04-18T19:55:00.000Z,,meeting moved to the library room 310,important,announcement,room_change,Generated important Student organization/club message,42,42,18,60,announcement,60,"{""📌"":1}",event.social-anchor:12; announcement.change:30
msg_00560,Campus Volunteer Board,Student organization/club,Ava,2026-04-18T19:57:00.000Z,,no shot,noise,noise,noise,"Noise, joke, hype, or vague reply",0,0,0,0,noise,20,{},noise.hype-only:-24; noise.vague-short:-12
msg_00561,Campus Volunteer Board,Student organization/club,Grace,2026-04-18T20:01:00.000Z,,volunteer forms are due tomorrow,important,deadline,forms,Generated important Student organization/club message,84,84,20,100,deadline,100,"{""✅"":1,""👀"":1}",deadline.explicit:32; deadline.payment:18; time.relative:8; deadline.date-context:18; structure.concrete-details:8
msg_00562,Campus Volunteer Board,Student organization/club,Sophia,2026-04-18T20:03:00.000Z,msg_00557,volunteer forms are due tomorrow,important,deadline,forms,Generated important Student organization/club message,84,84,12,96,deadline,100,"{""✅"":1}",deadline.explicit:32; deadline.payment:18; time.relative:8; deadline.date-context:18; structure.concrete-details:8
msg_00563,Campus Volunteer Board,Student organization/club,Sophia,2026-04-18T20:06:00.000Z,,deadline for being washed is tonight,noise,noise,noise,"Noise, joke, hype, or vague reply",58,58,0,58,deadline,83,{},deadline.explicit:32; time.relative:8; deadline.date-context:18
msg_00564,Campus Volunteer Board,Student organization/club,Logan,2026-04-18T20:10:00.000Z,,😭😭😭,noise,noise,noise,"Noise, joke, hype, or vague reply",0,0,0,0,noise,20,{},noise.one-word:-18; noise.emoji-only:-35; noise.vague-short:-12
msg_00565,Campus Volunteer Board,Student organization/club,Logan,2026-04-18T20:12:00.000Z,,no shot,noise,noise,noise,"Noise, joke, hype, or vague reply",0,0,0,0,noise,20,"{""😂"":1,""💀"":1}",noise.hype-only:-24; noise.vague-short:-12
msg_00566,Campus Volunteer Board,Student organization/club,Bella,2026-04-18T20:15:00.000Z,msg_00547,nah,noise,noise,noise,"Noise, joke, hype, or vague reply",0,0,0,0,noise,20,"{""😂"":1}",noise.one-word:-18; noise.casual-reply:-28; noise.vague-short:-12
msg_00567,Campus Volunteer Board,Student organization/club,Cam,2026-04-18T20:19:00.000Z,msg_00562,party animal,noise,noise,noise,"Noise, joke, hype, or vague reply",0,0,0,0,noise,20,"{""💀"":1}",event.social-anchor:12; noise.vague-short:-12
msg_00568,Campus Volunteer Board,Student organization/club,Noah,2026-04-18T20:22:00.000Z,,need 4 people for check in at noon,important,request,volunteer,Generated important Student organization/club message,50,50,12,62,request,81,"{""✅"":1}",request.concrete-need:28; time.explicit:12; request.help-needed:10
msg_00569,Campus Volunteer Board,Student organization/club,Bella,2026-04-18T20:24:00.000Z,msg_00553,volunteer forms are due tomorrow,important,deadline,forms,Generated important Student organization/club message,84,84,8,92,deadline,100,"{""👀"":1}",deadline.explicit:32; deadline.payment:18; time.relative:8; deadline.date-context:18; structure.concrete-details:8
msg_00570,Campus Volunteer Board,Student organization/club,Olivia,2026-04-18T20:29:00.000Z,,meeting moved to the library room 310,important,announcement,room_change,Generated important Student organization/club message,42,42,12,54,announcement,60,"{""✅"":1}",event.social-anchor:12; announcement.change:30
msg_00571,Campus Volunteer Board,Student organization/club,Olivia,2026-04-18T20:30:00.000Z,,who all is going Friday?,maybe,plan,attendance_question,Ambiguous message that may be useful in context,37,37,0,37,plan,66,{},plan.whos-going:20; time.weekday:7; question.intent:10
msg_00572,Campus Volunteer Board,Student organization/club,Drew,2026-04-18T20:35:00.000Z,,fire fit,noise,noise,noise,"Noise, joke, hype, or vague reply",0,0,0,0,noise,20,{},noise.vague-short:-12
msg_00573,Campus Volunteer Board,Student organization/club,Maya,2026-04-18T20:37:00.000Z,,meeting moved to the library room 310,important,announcement,room_change,Generated important Student organization/club message,42,42,18,60,announcement,60,"{""✅"":1,""📌"":1}",event.social-anchor:12; announcement.change:30
msg_00574,Campus Volunteer Board,Student organization/club,Riley,2026-04-18T20:40:00.000Z,msg_00551,absolute cinema,noise,noise,noise,"Noise, joke, hype, or vague reply",0,0,0,0,noise,20,{},noise.hype-only:-24; noise.vague-short:-12
msg_00575,Campus Volunteer Board,Student organization/club,Riley,2026-04-18T20:42:00.000Z,,I could drive tomorrow,maybe,logistics,availability,Ambiguous message that may be useful in context,50,50,0,50,logistics,71,{},logistics.transport:20; commitment.availability:22; time.relative:8
msg_00576,Campus Volunteer Board,Student organization/club,Jordan,2026-04-18T20:45:00.000Z,,submit budget requests by Friday,important,deadline,deadline,Generated important Student organization/club message,83,83,8,91,deadline,100,"{""👀"":1}",deadline.explicit:32; deadline.payment:18; time.weekday:7; deadline.date-context:18; structure.concrete-details:8
msg_00577,Campus Volunteer Board,Student organization/club,Cam,2026-04-18T20:48:00.000Z,,submit budget requests by Friday,important,deadline,deadline,Generated important Student organization/club message,83,83,20,100,deadline,100,"{""✅"":1,""👀"":1}",deadline.explicit:32; deadline.payment:18; time.weekday:7; deadline.date-context:18; structure.concrete-details:8
msg_00578,Campus Volunteer Board,Student organization/club,Jake,2026-04-18T20:51:00.000Z,,submit budget requests by Friday,important,deadline,deadline,Generated important Student organization/club message,83,83,8,91,deadline,100,"{""👀"":1}",deadline.explicit:32; deadline.payment:18; time.weekday:7; deadline.date-context:18; structure.concrete-details:8
msg_00579,Campus Volunteer Board,Student organization/club,Noah,2026-04-18T20:56:00.000Z,,anyone going out tonight?,maybe,plan,loose_plan,Ambiguous message that may be useful in context,38,38,12,50,plan,67,"{""✅"":1}",plan.whos-going:20; time.relative:8; question.intent:10
msg_00580,Campus Volunteer Board,Student organization/club,Olivia,2026-04-18T20:59:00.000Z,,you had to be there,noise,noise,noise,"Noise, joke, hype, or vague reply",0,0,0,0,noise,20,{},noise.hype-only:-24
msg_00581,Campus Volunteer Board,Student organization/club,Ava,2026-04-18T21:00:00.000Z,,can someone tell Tyler to chill,noise,noise,noise,"Noise, joke, hype, or vague reply",10,10,0,10,noise,25,{},question.intent:10
msg_00582,Campus Volunteer Board,Student organization/club,Jake,2026-04-18T21:05:00.000Z,,volunteer forms are due tomorrow,important,deadline,forms,Generated important Student organization/club message,84,84,0,84,deadline,100,{},deadline.explicit:32; deadline.payment:18; time.relative:8; deadline.date-context:18; structure.concrete-details:8
msg_00583,Campus Volunteer Board,Student organization/club,Sophia,2026-04-18T21:06:00.000Z,,I can drive after 10,maybe,logistics,availability,Ambiguous message that may be useful in context,42,42,0,42,logistics,60,{},logistics.transport:20; commitment.availability:22
msg_00584,Campus Volunteer Board,Student organization/club,Jake,2026-04-18T21:10:00.000Z,,you had to be there,noise,noise,noise,"Noise, joke, hype, or vague reply",0,0,0,0,noise,20,{},noise.hype-only:-24
msg_00585,Campus Volunteer Board,Student organization/club,Maya,2026-04-18T21:12:00.000Z,,event starts at 7 in the union,important,event,event_time,Generated important Student organization/club message,40,40,8,48,event,59,"{""👀"":1}",event.starts-time:28; time.explicit:12
msg_00586,Campus Volunteer Board,Student organization/club,Mia,2026-04-18T21:16:00.000Z,,who up,noise,noise,noise,"Noise, joke, hype, or vague reply",0,0,6,6,noise,23,"{""🔥"":2,""💀"":2}",noise.hype-only:-24; noise.casual-question:-14; noise.vague-short:-12
msg_00587,Campus Volunteer Board,Student organization/club,Ava,2026-04-18T21:19:00.000Z,,I can drive after 10,maybe,logistics,availability,Ambiguous message that may be useful in context,42,42,8,50,logistics,60,"{""❓"":1}",logistics.transport:20; commitment.availability:22
msg_00588,Campus Volunteer Board,Student organization/club,Ava,2026-04-18T21:23:00.000Z,msg_00546,where are we meeting?,maybe,plan,meeting_question,Ambiguous message that may be useful in context,50,50,0,50,plan,79,{},event.social-anchor:12; plan.leaving-meeting:20; question.intent:10; question.event-context:8
msg_00589,Campus Volunteer Board,Student organization/club,Nick,2026-04-18T21:25:00.000Z,,😭😭😭,noise,noise,noise,"Noise, joke, hype, or vague reply",0,0,0,0,noise,20,{},noise.one-word:-18; noise.emoji-only:-35; noise.vague-short:-12
msg_00590,Campus Volunteer Board,Student organization/club,Cam,2026-04-18T21:28:00.000Z,,🔥🔥🔥,noise,noise,noise,"Noise, joke, hype, or vague reply",0,0,0,0,noise,20,{},noise.one-word:-18; noise.emoji-only:-35; noise.vague-short:-12
msg_00591,Campus Volunteer Board,Student organization/club,Mia,2026-04-18T21:32:00.000Z,,bring drinks if you have any,maybe,logistics,soft_supplies,Ambiguous message that may be useful in context,25,25,16,41,logistics,46,"{""❓"":1,""👀"":1}",logistics.supplies:25
msg_00592,Campus Volunteer Board,Student organization/club,Ethan,2026-04-18T21:35:00.000Z,,volunteer forms are due tomorrow,important,deadline,forms,Generated important Student organization/club message,84,84,12,96,deadline,100,"{""✅"":1}",deadline.explicit:32; deadline.payment:18; time.relative:8; deadline.date-context:18; structure.concrete-details:8
msg_00593,Campus Volunteer Board,Student organization/club,Ethan,2026-04-18T21:38:00.000Z,msg_00560,I can bring cups,maybe,logistics,supply_commitment,Ambiguous message that may be useful in context,35,35,0,35,logistics,58,{},logistics.supplies:25; commitment.availability:22; noise.vague-short:-12
msg_00594,Campus Volunteer Board,Student organization/club,Bella,2026-04-18T21:40:00.000Z,,need 4 people for check in at noon,important,request,volunteer,Generated important Student organization/club message,50,50,18,68,request,81,"{""✅"":1,""❓"":1}",request.concrete-need:28; time.explicit:12; request.help-needed:10
msg_00595,Campus Volunteer Board,Student organization/club,Olivia,2026-04-18T21:42:00.000Z,msg_00560,tomorrow gonna be wild,noise,noise,noise,"Noise, joke, hype, or vague reply",8,8,0,8,noise,24,{},time.relative:8
msg_00596,Campus Volunteer Board,Student organization/club,Jake,2026-04-18T21:47:00.000Z,msg_00593,go go go go,noise,noise,noise,"Noise, joke, hype, or vague reply",0,0,0,0,noise,20,{},noise.repeated:-16; noise.vague-short:-12
msg_00597,Campus Volunteer Board,Student organization/club,Riley,2026-04-18T21:50:00.000Z,,pregame at the house?,maybe,question,event_question,Ambiguous message that may be useful in context,30,30,0,30,question,64,{},event.social-anchor:12; question.intent:10; question.event-context:8
msg_00598,Campus Volunteer Board,Student organization/club,Jake,2026-04-18T21:51:00.000Z,,tomorrow gonna be wild,noise,noise,noise,"Noise, joke, hype, or vague reply",8,8,0,8,noise,24,{},time.relative:8
msg_00599,Campus Volunteer Board,Student organization/club,Sam,2026-04-18T21:56:00.000Z,,who all is going Friday?,maybe,plan,attendance_question,Ambiguous message that may be useful in context,37,37,8,45,plan,66,"{""❓"":1,""😂"":1}",plan.whos-going:20; time.weekday:7; question.intent:10
msg_00600,Campus Volunteer Board,Student organization/club,Bella,2026-04-18T21:59:00.000Z,,bring drinks if you have any,maybe,logistics,soft_supplies,Ambiguous message that may be useful in context,25,25,8,33,logistics,46,"{""👀"":1}",logistics.supplies:25
msg_00601,Campus Volunteer Board,Student organization/club,Logan,2026-04-18T22:01:00.000Z,,bring drinks if you have any,maybe,logistics,soft_supplies,Ambiguous message that may be useful in context,25,25,0,25,logistics,46,"{""😂"":1}",logistics.supplies:25
msg_00602,Campus Volunteer Board,Student organization/club,Marcus,2026-04-18T22:03:00.000Z,,anyone going out tonight?,maybe,plan,loose_plan,Ambiguous message that may be useful in context,38,38,12,50,plan,67,"{""✅"":1}",plan.whos-going:20; time.relative:8; question.intent:10
msg_00603,Campus Volunteer Board,Student organization/club,Noah,2026-04-18T22:07:00.000Z,,🔥🔥🔥,noise,noise,noise,"Noise, joke, hype, or vague reply",0,0,0,0,noise,20,{},noise.one-word:-18; noise.emoji-only:-35; noise.vague-short:-12
msg_00604,Campus Volunteer Board,Student organization/club,Nick,2026-04-18T22:10:00.000Z,,anyone able to grab snacks?,maybe,request,soft_request,Ambiguous message that may be useful in context,73,73,0,73,request,86,{},request.can-someone:24; logistics.supplies:25; question.intent:10; request.bring-supplies:14
msg_00605,Campus Volunteer Board,Student organization/club,Ethan,2026-04-18T22:12:00.000Z,,who all is going Friday?,maybe,plan,attendance_question,Ambiguous message that may be useful in context,37,37,0,37,plan,66,{},plan.whos-going:20; time.weekday:7; question.intent:10
msg_00606,Campus Volunteer Board,Student organization/club,Cam,2026-04-18T22:16:00.000Z,,anyone able to grab snacks?,maybe,request,soft_request,Ambiguous message that may be useful in context,73,73,8,81,request,86,"{""👀"":1,""😂"":1}",request.can-someone:24; logistics.supplies:25; question.intent:10; request.bring-supplies:14
msg_00607,Campus Volunteer Board,Student organization/club,Sophia,2026-04-18T22:18:00.000Z,,real,noise,noise,noise,"Noise, joke, hype, or vague reply",0,0,0,0,noise,20,{},noise.one-word:-18; noise.casual-reply:-28; noise.vague-short:-12
msg_00608,Campus Volunteer Board,Student organization/club,Noah,2026-04-18T22:21:00.000Z,,meeting moved to the library room 310,important,announcement,room_change,Generated important Student organization/club message,42,42,18,60,announcement,60,"{""✅"":1,""👀"":1}",event.social-anchor:12; announcement.change:30
msg_00609,Campus Volunteer Board,Student organization/club,Jordan,2026-04-18T22:25:00.000Z,msg_00563,submit budget requests by Friday,important,deadline,deadline,Generated important Student organization/club message,83,83,12,95,deadline,100,"{""✅"":1}",deadline.explicit:32; deadline.payment:18; time.weekday:7; deadline.date-context:18; structure.concrete-details:8
msg_00610,Campus Volunteer Board,Student organization/club,Nick,2026-04-18T22:28:00.000Z,,formal apology incoming,noise,noise,noise,"Noise, joke, hype, or vague reply",12,12,0,12,noise,26,{},event.social-anchor:12
msg_00611,Campus Volunteer Board,Student organization/club,Jake,2026-04-18T22:30:00.000Z,,skull,noise,noise,noise,"Noise, joke, hype, or vague reply",0,0,0,0,noise,20,{},noise.one-word:-18; noise.casual-reply:-28; noise.vague-short:-12
msg_00612,Campus Volunteer Board,Student organization/club,Nick,2026-04-18T22:34:00.000Z,msg_00610,need 4 people for check in at noon,important,request,volunteer,Generated important Student organization/club message,50,50,8,58,request,81,"{""❓"":1}",request.concrete-need:28; time.explicit:12; request.help-needed:10
msg_00613,Campus Volunteer Board,Student organization/club,Marcus,2026-04-18T22:36:00.000Z,,bring drinks if you have any,maybe,logistics,soft_supplies,Ambiguous message that may be useful in context,25,25,8,33,logistics,46,"{""❓"":1,""😂"":1}",logistics.supplies:25
msg_00614,Campus Volunteer Board,Student organization/club,Sam,2026-04-18T22:41:00.000Z,,🔥🔥🔥,noise,noise,noise,"Noise, joke, hype, or vague reply",0,0,0,0,noise,20,{},noise.one-word:-18; noise.emoji-only:-35; noise.vague-short:-12
msg_00615,Campus Volunteer Board,Student organization/club,Cam,2026-04-18T22:43:00.000Z,,submit budget requests by Friday,important,deadline,deadline,Generated important Student organization/club message,83,83,12,95,deadline,100,"{""✅"":1}",deadline.explicit:32; deadline.payment:18; time.weekday:7; deadline.date-context:18; structure.concrete-details:8
msg_00616,Campus Volunteer Board,Student organization/club,Nick,2026-04-18T22:45:00.000Z,,9 is crazy,noise,noise,noise,"Noise, joke, hype, or vague reply",0,0,0,0,noise,20,{},noise.vague-short:-12
msg_00617,Campus Volunteer Board,Student organization/club,Sam,2026-04-18T22:49:00.000Z,,where are we meeting?,maybe,plan,meeting_question,Ambiguous message that may be useful in context,50,50,0,50,plan,79,{},event.social-anchor:12; plan.leaving-meeting:20; question.intent:10; question.event-context:8
msg_00618,Campus Volunteer Board,Student organization/club,Jordan,2026-04-18T22:52:00.000Z,,meeting my downfall rn,noise,noise,noise,"Noise, joke, hype, or vague reply",12,12,0,12,noise,26,{},event.social-anchor:12
msg_00619,Campus Volunteer Board,Student organization/club,Bella,2026-04-18T22:56:00.000Z,,who up,noise,noise,noise,"Noise, joke, hype, or vague reply",0,0,0,0,noise,20,{},noise.hype-only:-24; noise.casual-question:-14; noise.vague-short:-12
msg_00620,Campus Volunteer Board,Student organization/club,Jordan,2026-04-18T22:59:00.000Z,,does anyone have tickets left?,maybe,request,ticket_availability,Ambiguous message that may be useful in context,46,46,0,46,request,69,{},deadline.payment:18; request.ticket-availability:18; question.intent:10
msg_00621,Campus Volunteer Board,Student organization/club,Jordan,2026-04-18T23:02:00.000Z,msg_00556,need 4 people for check in at noon,important,request,volunteer,Generated important Student organization/club message,50,50,18,68,request,81,"{""✅"":1,""👀"":1}",request.concrete-need:28; time.explicit:12; request.help-needed:10
msg_00622,Campus Volunteer Board,Student organization/club,Maya,2026-04-18T23:04:00.000Z,,where are we meeting?,maybe,plan,meeting_question,Ambiguous message that may be useful in context,50,50,0,50,plan,79,{},event.social-anchor:12; plan.leaving-meeting:20; question.intent:10; question.event-context:8
msg_00623,Campus Volunteer Board,Student organization/club,Ethan,2026-04-18T23:08:00.000Z,,anyone able to grab snacks?,maybe,request,soft_request,Ambiguous message that may be useful in context,73,73,0,73,request,86,{},request.can-someone:24; logistics.supplies:25; question.intent:10; request.bring-supplies:14
msg_00624,Campus Volunteer Board,Student organization/club,Ethan,2026-04-18T23:11:00.000Z,,I can drive after 10,maybe,logistics,availability,Ambiguous message that may be useful in context,42,42,8,50,logistics,60,"{""❓"":1}",logistics.transport:20; commitment.availability:22
msg_00625,Campus Volunteer Board,Student organization/club,Olivia,2026-04-18T23:13:00.000Z,,fire,noise,noise,noise,"Noise, joke, hype, or vague reply",0,0,0,0,noise,20,{},noise.one-word:-18; noise.casual-reply:-28; noise.vague-short:-12
msg_00626,Campus Volunteer Board,Student organization/club,Olivia,2026-04-18T23:16:00.000Z,,bro said formal like he owns the place,noise,noise,noise,"Noise, joke, hype, or vague reply",12,12,6,18,noise,29,"{""😂"":3,""🔥"":2}",event.social-anchor:12
msg_00627,Campus Volunteer Board,Student organization/club,Sam,2026-04-18T23:18:00.000Z,msg_00617,anyone able to grab snacks?,maybe,request,soft_request,Ambiguous message that may be useful in context,73,73,8,81,request,86,"{""👀"":1}",request.can-someone:24; logistics.supplies:25; question.intent:10; request.bring-supplies:14
msg_00628,Campus Volunteer Board,Student organization/club,Ava,2026-04-18T23:23:00.000Z,,need 4 people for check in at noon,important,request,volunteer,Generated important Student organization/club message,50,50,18,68,request,81,"{""👀"":1,""📌"":1,""❓"":1}",request.concrete-need:28; time.explicit:12; request.help-needed:10
msg_00629,Campus Volunteer Board,Student organization/club,Drew,2026-04-18T23:26:00.000Z,,go go go go,noise,noise,noise,"Noise, joke, hype, or vague reply",0,0,6,6,noise,23,"{""💀"":3,""🔥"":2}",noise.repeated:-16; noise.vague-short:-12
msg_00630,Campus Volunteer Board,Student organization/club,Sophia,2026-04-18T23:28:00.000Z,,pregame at the house?,maybe,question,event_question,Ambiguous message that may be useful in context,30,30,8,38,question,64,"{""❓"":1}",event.social-anchor:12; question.intent:10; question.event-context:8
msg_00631,Campus Volunteer Board,Student organization/club,Sam,2026-04-18T23:31:00.000Z,,does anyone have tickets left?,maybe,request,ticket_availability,Ambiguous message that may be useful in context,46,46,0,46,request,69,{},deadline.payment:18; request.ticket-availability:18; question.intent:10
msg_00632,Campus Volunteer Board,Student organization/club,Sophia,2026-04-18T23:35:00.000Z,,meeting moved to the library room 310,important,announcement,room_change,Generated important Student organization/club message,42,42,8,50,announcement,60,"{""👀"":1}",event.social-anchor:12; announcement.change:30
msg_00633,Campus Volunteer Board,Student organization/club,Cam,2026-04-18T23:38:00.000Z,,yo,noise,noise,noise,"Noise, joke, hype, or vague reply",0,0,0,0,noise,20,{},noise.one-word:-18; noise.casual-reply:-28; noise.vague-short:-12
msg_00634,Campus Volunteer Board,Student organization/club,Drew,2026-04-18T23:39:00.000Z,,lmao,noise,noise,noise,"Noise, joke, hype, or vague reply",0,0,0,0,noise,20,{},noise.one-word:-18; noise.laughter:-35; noise.vague-short:-12
msg_00635,Campus Volunteer Board,Student organization/club,Ava,2026-04-18T23:43:00.000Z,msg_00564,that was crazy,noise,noise,noise,"Noise, joke, hype, or vague reply",0,0,0,0,noise,20,{},noise.hype-only:-24; noise.vague-short:-12
msg_00636,Campus Volunteer Board,Student organization/club,Logan,2026-04-18T23:45:00.000Z,,anyone able to grab snacks?,maybe,request,soft_request,Ambiguous message that may be useful in context,73,73,0,73,request,86,{},request.can-someone:24; logistics.supplies:25; question.intent:10; request.bring-supplies:14
msg_00637,Campus Volunteer Board,Student organization/club,Jake,2026-04-18T23:49:00.000Z,,submit budget requests by Friday,important,deadline,deadline,Generated important Student organization/club message,83,83,8,91,deadline,100,"{""👀"":1}",deadline.explicit:32; deadline.payment:18; time.weekday:7; deadline.date-context:18; structure.concrete-details:8
msg_00638,Campus Volunteer Board,Student organization/club,Maya,2026-04-18T23:52:00.000Z,,bring drinks if you have any,maybe,logistics,soft_supplies,Ambiguous message that may be useful in context,25,25,0,25,logistics,46,"{""😂"":1}",logistics.supplies:25
msg_00639,Campus Volunteer Board,Student organization/club,Noah,2026-04-18T23:56:00.000Z,,go go go go,noise,noise,noise,"Noise, joke, hype, or vague reply",0,0,0,0,noise,20,{},noise.repeated:-16; noise.vague-short:-12
msg_00640,Campus Volunteer Board,Student organization/club,Nick,2026-04-18T23:58:00.000Z,,absolute cinema,noise,noise,noise,"Noise, joke, hype, or vague reply",0,0,0,0,noise,20,{},noise.hype-only:-24; noise.vague-short:-12
msg_00641,Campus Volunteer Board,Student organization/club,Drew,2026-04-19T00:00:00.000Z,,pregame at the house?,maybe,question,event_question,Ambiguous message that may be useful in context,30,30,18,48,question,64,"{""👀"":1,""✅"":1}",event.social-anchor:12; question.intent:10; question.event-context:8
msg_00642,Campus Volunteer Board,Student organization/club,Olivia,2026-04-19T00:05:00.000Z,,can someone tell Tyler to chill,noise,noise,noise,"Noise, joke, hype, or vague reply",10,10,0,10,noise,25,{},question.intent:10
msg_00643,Campus Volunteer Board,Student organization/club,Grace,2026-04-19T00:08:00.000Z,,event starts at 7 in the union,important,event,event_time,Generated important Student organization/club message,40,40,18,58,event,59,"{""✅"":1,""👀"":1}",event.starts-time:28; time.explicit:12
msg_00644,Campus Volunteer Board,Student organization/club,Jake,2026-04-19T00:10:00.000Z,,fire fit,noise,noise,noise,"Noise, joke, hype, or vague reply",0,0,0,0,noise,20,{},noise.vague-short:-12
msg_00645,Campus Volunteer Board,Student organization/club,Olivia,2026-04-19T00:12:00.000Z,,I can drive after 10,maybe,logistics,availability,Ambiguous message that may be useful in context,42,42,8,50,logistics,60,"{""❓"":1}",logistics.transport:20; commitment.availability:22
msg_00646,Campus Volunteer Board,Student organization/club,Bella,2026-04-19T00:17:00.000Z,,event starts at 7 in the union,important,event,event_time,Generated important Student organization/club message,40,40,18,58,event,59,"{""📌"":1}",event.starts-time:28; time.explicit:12
msg_00647,Campus Volunteer Board,Student organization/club,Grace,2026-04-19T00:19:00.000Z,,he fell off,noise,noise,noise,"Noise, joke, hype, or vague reply",0,0,0,0,noise,20,{},noise.hype-only:-24; noise.vague-short:-12
msg_00648,Campus Volunteer Board,Student organization/club,Nick,2026-04-19T00:21:00.000Z,,yo,noise,noise,noise,"Noise, joke, hype, or vague reply",0,0,0,0,noise,20,{},noise.one-word:-18; noise.casual-reply:-28; noise.vague-short:-12
msg_00649,Campus Volunteer Board,Student organization/club,Sophia,2026-04-19T00:26:00.000Z,,submit budget requests by Friday,important,deadline,deadline,Generated important Student organization/club message,83,83,20,100,deadline,100,"{""✅"":1,""👀"":1}",deadline.explicit:32; deadline.payment:18; time.weekday:7; deadline.date-context:18; structure.concrete-details:8
msg_00650,Campus Volunteer Board,Student organization/club,Maya,2026-04-19T00:29:00.000Z,,does anyone have tickets left?,maybe,request,ticket_availability,Ambiguous message that may be useful in context,46,46,0,46,request,69,{},deadline.payment:18; request.ticket-availability:18; question.intent:10
msg_00651,Campus Volunteer Board,Student organization/club,Maya,2026-04-19T00:31:00.000Z,,????????,noise,noise,noise,"Noise, joke, hype, or vague reply",0,0,0,0,noise,20,{},question.intent:10; noise.one-word:-18; noise.repeated:-16; noise.vague-short:-12
msg_00652,Campus Volunteer Board,Student organization/club,Noah,2026-04-19T00:33:00.000Z,,formal apology incoming,noise,noise,noise,"Noise, joke, hype, or vague reply",12,12,8,20,noise,30,"{""😂"":1,""🔥"":3,""💀"":1}",event.social-anchor:12
msg_00653,Campus Volunteer Board,Student organization/club,Grace,2026-04-19T00:36:00.000Z,,need 4 people for check in at noon,important,request,volunteer,Generated important Student organization/club message,50,50,8,58,request,81,"{""👀"":1}",request.concrete-need:28; time.explicit:12; request.help-needed:10
msg_00654,Campus Volunteer Board,Student organization/club,Mia,2026-04-19T00:41:00.000Z,,pregame at the house?,maybe,question,event_question,Ambiguous message that may be useful in context,30,30,0,30,question,64,"{""😂"":1}",event.social-anchor:12; question.intent:10; question.event-context:8
msg_00655,Campus Volunteer Board,Student organization/club,Noah,2026-04-19T00:42:00.000Z,,volunteer forms are due tomorrow,important,deadline,forms,Generated important Student organization/club message,84,84,24,100,deadline,100,"{""📌"":1}",deadline.explicit:32; deadline.payment:18; time.relative:8; deadline.date-context:18; structure.concrete-details:8
msg_00656,Campus Volunteer Board,Student organization/club,Cam,2026-04-19T00:46:00.000Z,,yo,noise,noise,noise,"Noise, joke, hype, or vague reply",0,0,0,0,noise,20,"{""💀"":1}",noise.one-word:-18; noise.casual-reply:-28; noise.vague-short:-12
msg_00657,Campus Volunteer Board,Student organization/club,Grace,2026-04-19T00:49:00.000Z,,I could drive tomorrow,maybe,logistics,availability,Ambiguous message that may be useful in context,50,50,0,50,logistics,71,{},logistics.transport:20; commitment.availability:22; time.relative:8
msg_00658,Campus Volunteer Board,Student organization/club,Nick,2026-04-19T00:51:00.000Z,,are we still doing the same place?,maybe,question,context_needed,Ambiguous message that may be useful in context,10,10,0,10,noise,25,{},question.intent:10
msg_00659,Campus Volunteer Board,Student organization/club,Nick,2026-04-19T00:56:00.000Z,,meeting moved to the library room 310,important,announcement,room_change,Generated important Student organization/club message,42,42,8,50,announcement,60,"{""👀"":1}",event.social-anchor:12; announcement.change:30
msg_00660,Campus Volunteer Board,Student organization/club,Nick,2026-04-19T00:57:00.000Z,,are we still doing the same place?,maybe,question,context_needed,Ambiguous message that may be useful in context,10,10,0,10,noise,25,{},question.intent:10
msg_00661,Campus Volunteer Board,Student organization/club,Olivia,2026-04-19T01:00:00.000Z,,submit budget requests by Friday,important,deadline,deadline,Generated important Student organization/club message,83,83,8,91,deadline,100,"{""👀"":1}",deadline.explicit:32; deadline.payment:18; time.weekday:7; deadline.date-context:18; structure.concrete-details:8
msg_00662,Campus Volunteer Board,Student organization/club,Drew,2026-04-19T01:05:00.000Z,,yo,noise,noise,noise,"Noise, joke, hype, or vague reply",0,0,0,0,noise,20,{},noise.one-word:-18; noise.casual-reply:-28; noise.vague-short:-12
msg_00663,Campus Volunteer Board,Student organization/club,Bella,2026-04-19T01:08:00.000Z,,are we still doing the same place?,maybe,question,context_needed,Ambiguous message that may be useful in context,10,10,0,10,noise,25,{},question.intent:10
msg_00664,Campus Volunteer Board,Student organization/club,Logan,2026-04-19T01:10:00.000Z,msg_00607,deadline for being washed is tonight,noise,noise,noise,"Noise, joke, hype, or vague reply",58,58,0,58,deadline,83,{},deadline.explicit:32; time.relative:8; deadline.date-context:18
msg_00665,Campus Volunteer Board,Student organization/club,Ava,2026-04-19T01:12:00.000Z,msg_00656,volunteer forms are due tomorrow,important,deadline,forms,Generated important Student organization/club message,84,84,24,100,deadline,100,"{""📌"":1}",deadline.explicit:32; deadline.payment:18; time.relative:8; deadline.date-context:18; structure.concrete-details:8
msg_00666,Campus Volunteer Board,Student organization/club,Mia,2026-04-19T01:15:00.000Z,,might go downtown later,maybe,noise,vague_plan,Ambiguous message that may be useful in context,12,12,8,20,noise,30,"{""✅"":1}",event.social-anchor:12
msg_00667,Campus Volunteer Board,Student organization/club,Nick,2026-04-19T01:18:00.000Z,,I can bring cups,maybe,logistics,supply_commitment,Ambiguous message that may be useful in context,35,35,8,43,logistics,58,"{""❓"":1}",logistics.supplies:25; commitment.availability:22; noise.vague-short:-12
msg_00668,Campus Volunteer Board,Student organization/club,Jordan,2026-04-19T01:23:00.000Z,,fire fit,noise,noise,noise,"Noise, joke, hype, or vague reply",0,0,0,0,noise,20,{},noise.vague-short:-12
msg_00669,Campus Volunteer Board,Student organization/club,Ava,2026-04-19T01:26:00.000Z,,where are we meeting?,maybe,plan,meeting_question,Ambiguous message that may be useful in context,50,50,0,50,plan,79,{},event.social-anchor:12; plan.leaving-meeting:20; question.intent:10; question.event-context:8
msg_00670,Campus Volunteer Board,Student organization/club,Ava,2026-04-19T01:29:00.000Z,msg_00573,does anyone have tickets left?,maybe,request,ticket_availability,Ambiguous message that may be useful in context,46,46,0,46,request,69,{},deadline.payment:18; request.ticket-availability:18; question.intent:10
msg_00671,Campus Volunteer Board,Student organization/club,Marcus,2026-04-19T01:31:00.000Z,,submit budget requests by Friday,important,deadline,deadline,Generated important Student organization/club message,83,83,8,91,deadline,100,"{""👀"":1}",deadline.explicit:32; deadline.payment:18; time.weekday:7; deadline.date-context:18; structure.concrete-details:8
msg_00672,Campus Volunteer Board,Student organization/club,Maya,2026-04-19T01:33:00.000Z,,anyone going out tonight?,maybe,plan,loose_plan,Ambiguous message that may be useful in context,38,38,0,38,plan,67,{},plan.whos-going:20; time.relative:8; question.intent:10
msg_00673,Campus Volunteer Board,Student organization/club,Bella,2026-04-19T01:36:00.000Z,,bro,noise,noise,noise,"Noise, joke, hype, or vague reply",0,0,0,0,noise,20,{},noise.one-word:-18; noise.casual-reply:-28; noise.vague-short:-12
msg_00674,Campus Volunteer Board,Student organization/club,Logan,2026-04-19T01:39:00.000Z,,volunteer forms are due tomorrow,important,deadline,forms,Generated important Student organization/club message,84,84,8,92,deadline,100,"{""👀"":1}",deadline.explicit:32; deadline.payment:18; time.relative:8; deadline.date-context:18; structure.concrete-details:8
msg_00675,Campus Volunteer Board,Student organization/club,Marcus,2026-04-19T01:42:00.000Z,,Friday was insane,noise,noise,noise,"Noise, joke, hype, or vague reply",7,7,0,7,noise,24,{},time.weekday:7
msg_00676,Campus Volunteer Board,Student organization/club,Marcus,2026-04-19T01:45:00.000Z,,volunteer forms are due tomorrow,important,deadline,forms,Generated important Student organization/club message,84,84,20,100,deadline,100,"{""✅"":1,""👀"":1}",deadline.explicit:32; deadline.payment:18; time.relative:8; deadline.date-context:18; structure.concrete-details:8
msg_00677,Campus Volunteer Board,Student organization/club,Logan,2026-04-19T01:48:00.000Z,,need 4 people for check in at noon,important,request,volunteer,Generated important Student organization/club message,50,50,8,58,request,81,"{""👀"":1}",request.concrete-need:28; time.explicit:12; request.help-needed:10
msg_00678,Campus Volunteer Board,Student organization/club,Jordan,2026-04-19T01:51:00.000Z,,fire fit,noise,noise,noise,"Noise, joke, hype, or vague reply",0,0,6,6,noise,23,"{""🔥"":2,""💀"":2,""😂"":1}",noise.vague-short:-12
msg_00679,Campus Volunteer Board,Student organization/club,Ava,2026-04-19T01:56:00.000Z,,tomorrow gonna be wild,noise,noise,noise,"Noise, joke, hype, or vague reply",8,8,0,8,noise,24,{},time.relative:8
msg_00680,Campus Volunteer Board,Student organization/club,Sophia,2026-04-19T01:57:00.000Z,,meeting moved to the library room 310,important,announcement,room_change,Generated important Student organization/club message,42,42,0,42,announcement,60,{},event.social-anchor:12; announcement.change:30
msg_00681,Campus Volunteer Board,Student organization/club,Marcus,2026-04-19T02:01:00.000Z,,who up,noise,noise,noise,"Noise, joke, hype, or vague reply",0,0,0,0,noise,20,"{""💀"":2}",noise.hype-only:-24; noise.casual-question:-14; noise.vague-short:-12
msg_00682,Campus Volunteer Board,Student organization/club,Nick,2026-04-19T02:03:00.000Z,,does anyone have tickets left?,maybe,request,ticket_availability,Ambiguous message that may be useful in context,46,46,0,46,request,69,{},deadline.payment:18; request.ticket-availability:18; question.intent:10
msg_00683,Campus Volunteer Board,Student organization/club,Cam,2026-04-19T02:07:00.000Z,,what time are y'all leaving?,maybe,plan,departure_question,Ambiguous message that may be useful in context,30,30,8,38,plan,56,"{""❓"":1}",plan.leaving-meeting:20; question.intent:10
msg_00684,Campus Volunteer Board,Student organization/club,Cam,2026-04-19T02:09:00.000Z,,need 4 people for check in at noon,important,request,volunteer,Generated important Student organization/club message,50,50,0,50,request,81,{},request.concrete-need:28; time.explicit:12; request.help-needed:10
msg_00685,Campus Volunteer Board,Student organization/club,Noah,2026-04-19T02:12:00.000Z,msg_00549,volunteer forms are due tmr,important,deadline,forms,Generated important Student organization/club message,50,50,18,68,deadline,63,"{""✅"":1,""👀"":1}",deadline.explicit:32; deadline.payment:18
msg_00686,Campus Volunteer Board,Student organization/club,Nick,2026-04-19T02:15:00.000Z,,can someone tell Tyler to chill,noise,noise,noise,"Noise, joke, hype, or vague reply",10,10,3,13,noise,27,"{""🔥"":1,""💀"":1}",question.intent:10
msg_00687,Campus Volunteer Board,Student organization/club,Bella,2026-04-19T02:19:00.000Z,,real,noise,noise,noise,"Noise, joke, hype, or vague reply",0,0,0,0,noise,20,{},noise.one-word:-18; noise.casual-reply:-28; noise.vague-short:-12
msg_00688,Campus Volunteer Board,Student organization/club,Olivia,2026-04-19T02:22:00.000Z,,yo,noise,noise,noise,"Noise, joke, hype, or vague reply",0,0,0,0,noise,20,{},noise.one-word:-18; noise.casual-reply:-28; noise.vague-short:-12
msg_00689,Campus Volunteer Board,Student organization/club,Sam,2026-04-19T02:25:00.000Z,,no shot,noise,noise,noise,"Noise, joke, hype, or vague reply",0,0,0,0,noise,20,{},noise.hype-only:-24; noise.vague-short:-12
msg_00690,Campus Volunteer Board,Student organization/club,Drew,2026-04-19T02:27:00.000Z,,anyone able to grab snacks?,maybe,request,soft_request,Ambiguous message that may be useful in context,73,73,8,81,request,86,"{""❓"":1,""😂"":1}",request.can-someone:24; logistics.supplies:25; question.intent:10; request.bring-supplies:14
msg_00691,Campus Volunteer Board,Student organization/club,Drew,2026-04-19T02:31:00.000Z,,meeting moved to the library room 310,important,announcement,room_change,Generated important Student organization/club message,42,42,12,54,announcement,60,"{""✅"":1}",event.social-anchor:12; announcement.change:30
msg_00692,Campus Volunteer Board,Student organization/club,Bella,2026-04-19T02:35:00.000Z,,might go downtown later,maybe,noise,vague_plan,Ambiguous message that may be useful in context,12,12,8,20,noise,30,"{""❓"":1}",event.social-anchor:12
msg_00693,Campus Volunteer Board,Student organization/club,Ava,2026-04-19T02:37:00.000Z,,who has the speaker?,maybe,question,item_question,Ambiguous message that may be useful in context,10,10,8,18,noise,29,"{""✅"":1}",question.intent:10
msg_00694,Campus Volunteer Board,Student organization/club,Logan,2026-04-19T02:39:00.000Z,,volunteer forms are due tomorrow,important,deadline,forms,Generated important Student organization/club message,84,84,12,96,deadline,100,"{""✅"":1}",deadline.explicit:32; deadline.payment:18; time.relative:8; deadline.date-context:18; structure.concrete-details:8
msg_00695,Campus Volunteer Board,Student organization/club,Drew,2026-04-19T02:42:00.000Z,,fire fit,noise,noise,noise,"Noise, joke, hype, or vague reply",0,0,0,0,noise,20,{},noise.vague-short:-12
msg_00696,Campus Volunteer Board,Student organization/club,Drew,2026-04-19T02:46:00.000Z,,submit budget requests by Friday,important,deadline,deadline,Generated important Student organization/club message,83,83,8,91,deadline,100,"{""👀"":1}",deadline.explicit:32; deadline.payment:18; time.weekday:7; deadline.date-context:18; structure.concrete-details:8
msg_00697,Campus Volunteer Board,Student organization/club,Maya,2026-04-19T02:49:00.000Z,,who has the speaker?,maybe,question,item_question,Ambiguous message that may be useful in context,10,10,0,10,noise,25,{},question.intent:10
msg_00698,Campus Volunteer Board,Student organization/club,Nick,2026-04-19T02:52:00.000Z,,formal apology incoming,noise,noise,noise,"Noise, joke, hype, or vague reply",12,12,0,12,noise,26,{},event.social-anchor:12
msg_00699,Campus Volunteer Board,Student organization/club,Ethan,2026-04-19T02:56:00.000Z,msg_00659,anyone going out tonight?,maybe,plan,loose_plan,Ambiguous message that may be useful in context,38,38,0,38,plan,67,{},plan.whos-going:20; time.relative:8; question.intent:10
msg_00700,Campus Volunteer Board,Student organization/club,Nick,2026-04-19T02:57:00.000Z,msg_00623,bro said formal like he owns the place,noise,noise,noise,"Noise, joke, hype, or vague reply",12,12,0,12,noise,26,{},event.social-anchor:12
msg_00701,Campus Volunteer Board,Student organization/club,Marcus,2026-04-19T03:02:00.000Z,,lol,noise,noise,noise,"Noise, joke, hype, or vague reply",0,0,3,3,noise,22,"{""😂"":3,""💀"":3,""🔥"":1}",noise.one-word:-18; noise.laughter:-35; noise.vague-short:-12
msg_00702,Campus Volunteer Board,Student organization/club,Ava,2026-04-19T03:05:00.000Z,,where are we meeting?,maybe,plan,meeting_question,Ambiguous message that may be useful in context,50,50,0,50,plan,79,{},event.social-anchor:12; plan.leaving-meeting:20; question.intent:10; question.event-context:8
msg_00703,Campus Volunteer Board,Student organization/club,Nick,2026-04-19T03:06:00.000Z,,need 4 people for check in at noon,important,request,volunteer,Generated important Student organization/club message,50,50,0,50,request,81,{},request.concrete-need:28; time.explicit:12; request.help-needed:10
msg_00704,Campus Volunteer Board,Student organization/club,Riley,2026-04-19T03:09:00.000Z,,volunteer forms are due tomorrow,important,deadline,forms,Generated important Student organization/club message,84,84,12,96,deadline,100,"{""✅"":1}",deadline.explicit:32; deadline.payment:18; time.relative:8; deadline.date-context:18; structure.concrete-details:8
msg_00705,Campus Volunteer Board,Student organization/club,Mia,2026-04-19T03:14:00.000Z,msg_00583,event starts at 7 in the union,important,event,event_time,Generated important Student organization/club message,40,40,18,58,event,59,"{""✅"":1,""📌"":1}",event.starts-time:28; time.explicit:12
msg_00706,Campus Volunteer Board,Student organization/club,Jordan,2026-04-19T03:17:00.000Z,,fire fit,noise,noise,noise,"Noise, joke, hype, or vague reply",0,0,0,0,noise,20,{},noise.vague-short:-12
msg_00707,Campus Volunteer Board,Student organization/club,Mia,2026-04-19T03:18:00.000Z,,event starts at 7 in the union,important,event,event_time,Generated important Student organization/club message,40,40,12,52,event,59,"{""✅"":1}",event.starts-time:28; time.explicit:12
msg_00708,Campus Volunteer Board,Student organization/club,Marcus,2026-04-19T03:21:00.000Z,,I can drive after 10,maybe,logistics,availability,Ambiguous message that may be useful in context,42,42,8,50,logistics,60,"{""👀"":1}",logistics.transport:20; commitment.availability:22
msg_00709,Campus Volunteer Board,Student organization/club,Jordan,2026-04-19T03:24:00.000Z,,9 is crazy,noise,noise,noise,"Noise, joke, hype, or vague reply",0,0,0,0,noise,20,"{""💀"":2}",noise.vague-short:-12
msg_00710,Campus Volunteer Board,Student organization/club,Marcus,2026-04-19T03:29:00.000Z,,event starts at 7 in the union,important,event,event_time,Generated important Student organization/club message,40,40,12,52,event,59,"{""✅"":1}",event.starts-time:28; time.explicit:12
msg_00711,Campus Volunteer Board,Student organization/club,Bella,2026-04-19T03:30:00.000Z,msg_00620,might go downtown later,maybe,noise,vague_plan,Ambiguous message that may be useful in context,12,12,0,12,noise,26,{},event.social-anchor:12
msg_00712,Campus Volunteer Board,Student organization/club,Cam,2026-04-19T03:35:00.000Z,,meeting moved to the library room 310,important,announcement,room_change,Generated important Student organization/club message,42,42,8,50,announcement,60,"{""👀"":1}",event.social-anchor:12; announcement.change:30
msg_00713,Campus Volunteer Board,Student organization/club,Mia,2026-04-19T03:38:00.000Z,,what time are y'all leaving?,maybe,plan,departure_question,Ambiguous message that may be useful in context,30,30,8,38,plan,56,"{""❓"":1}",plan.leaving-meeting:20; question.intent:10
msg_00714,Campus Volunteer Board,Student organization/club,Logan,2026-04-19T03:40:00.000Z,,I could drive tomorrow,maybe,logistics,availability,Ambiguous message that may be useful in context,50,50,0,50,logistics,71,"{""😂"":1}",logistics.transport:20; commitment.availability:22; time.relative:8
msg_00715,Campus Volunteer Board,Student organization/club,Logan,2026-04-19T03:42:00.000Z,,that was crazy,noise,noise,noise,"Noise, joke, hype, or vague reply",0,0,0,0,noise,20,{},noise.hype-only:-24; noise.vague-short:-12
msg_00716,Campus Volunteer Board,Student organization/club,Ethan,2026-04-19T03:46:00.000Z,msg_00704,need bro to retire,noise,noise,noise,"Noise, joke, hype, or vague reply",0,0,0,0,noise,20,{},
msg_00717,Campus Volunteer Board,Student organization/club,Bella,2026-04-19T03:49:00.000Z,msg_00548,absolute cinema,noise,noise,noise,"Noise, joke, hype, or vague reply",0,0,3,3,noise,22,"{""🔥"":1}",noise.hype-only:-24; noise.vague-short:-12
msg_00718,Campus Volunteer Board,Student organization/club,Nick,2026-04-19T03:51:00.000Z,msg_00612,event starts at 7 in the union,important,event,event_time,Generated important Student organization/club message,40,40,12,52,event,59,"{""✅"":1}",event.starts-time:28; time.explicit:12
msg_00719,Campus Volunteer Board,Student organization/club,Sophia,2026-04-19T03:56:00.000Z,,fire fit,noise,noise,noise,"Noise, joke, hype, or vague reply",0,0,0,0,noise,20,{},noise.vague-short:-12
msg_00720,Campus Volunteer Board,Student organization/club,Grace,2026-04-19T03:58:00.000Z,,that was crazy,noise,noise,noise,"Noise, joke, hype, or vague reply",0,0,0,0,noise,20,{},noise.hype-only:-24; noise.vague-short:-12
msg_00721,Club Soccer,Sports team,Riley,2026-04-19T04:00:00.000Z,,no shot,noise,noise,noise,"Noise, joke, hype, or vague reply",0,0,0,0,noise,20,{},noise.hype-only:-24; noise.vague-short:-12
msg_00722,Club Soccer,Sports team,Riley,2026-04-19T04:03:00.000Z,,fire,noise,noise,noise,"Noise, joke, hype, or vague reply",0,0,0,0,noise,20,{},noise.one-word:-18; noise.casual-reply:-28; noise.vague-short:-12
msg_00723,Club Soccer,Sports team,Riley,2026-04-19T04:08:00.000Z,,🔥🔥🔥,noise,noise,noise,"Noise, joke, hype, or vague reply",0,0,0,0,noise,20,{},noise.one-word:-18; noise.emoji-only:-35; noise.vague-short:-12
msg_00724,Club Soccer,Sports team,Jordan,2026-04-19T04:11:00.000Z,,bring both jerseys tomorrow,important,logistics,equipment,Generated important Sports team message,8,8,8,16,noise,28,"{""📌"":1}",time.relative:8
msg_00725,Club Soccer,Sports team,Ethan,2026-04-19T04:14:00.000Z,,🔥🔥🔥,noise,noise,noise,"Noise, joke, hype, or vague reply",0,0,0,0,noise,20,"{""💀"":1}",noise.one-word:-18; noise.emoji-only:-35; noise.vague-short:-12
msg_00726,Club Soccer,Sports team,Sophia,2026-04-19T04:16:00.000Z,,meeting my downfall rn,noise,noise,noise,"Noise, joke, hype, or vague reply",12,12,0,12,noise,26,"{""😂"":1}",event.social-anchor:12
msg_00727,Club Soccer,Sports team,Logan,2026-04-19T04:20:00.000Z,msg_00726,meeting my downfall rn,noise,noise,noise,"Noise, joke, hype, or vague reply",12,12,0,12,noise,26,{},event.social-anchor:12
msg_00728,Club Soccer,Sports team,Drew,2026-04-19T04:23:00.000Z,,does anyone have tickets left?,maybe,request,ticket_availability,Ambiguous message that may be useful in context,46,46,0,46,request,69,{},deadline.payment:18; request.ticket-availability:18; question.intent:10
msg_00729,Club Soccer,Sports team,Jordan,2026-04-19T04:25:00.000Z,msg_00724,🔥🔥🔥,noise,noise,noise,"Noise, joke, hype, or vague reply",0,0,0,0,noise,20,{},noise.one-word:-18; noise.emoji-only:-35; noise.vague-short:-12
msg_00730,Club Soccer,Sports team,Mia,2026-04-19T04:27:00.000Z,,need drivers for away game Saturday,important,logistics,ride_request,Generated important Sports team message,91,91,0,91,event,100,{},request.concrete-need:28; logistics.transport:20; event.social-anchor:12; time.weekday:7; event.concrete-time:16; structure.concrete-details:8
msg_00731,Club Soccer,Sports team,Nick,2026-04-19T04:31:00.000Z,,might go downtown later,maybe,noise,vague_plan,Ambiguous message that may be useful in context,12,12,0,12,noise,26,{},event.social-anchor:12
msg_00732,Club Soccer,Sports team,Nick,2026-04-19T04:34:00.000Z,,bring drinks if you have any,maybe,logistics,soft_supplies,Ambiguous message that may be useful in context,25,25,0,25,logistics,46,{},logistics.supplies:25
msg_00733,Club Soccer,Sports team,Logan,2026-04-19T04:37:00.000Z,msg_00723,anyone going out tonight?,maybe,plan,loose_plan,Ambiguous message that may be useful in context,38,38,0,38,plan,67,{},plan.whos-going:20; time.relative:8; question.intent:10
msg_00734,Club Soccer,Sports team,Sophia,2026-04-19T04:41:00.000Z,,bring drinks if you have any,maybe,logistics,soft_supplies,Ambiguous message that may be useful in context,25,25,0,25,logistics,46,{},logistics.supplies:25
msg_00735,Club Soccer,Sports team,Logan,2026-04-19T04:44:00.000Z,,need drivers for away game Saturday,important,logistics,ride_request,Generated important Sports team message,91,91,0,91,event,100,{},request.concrete-need:28; logistics.transport:20; event.social-anchor:12; time.weekday:7; event.concrete-time:16; structure.concrete-details:8
msg_00736,Club Soccer,Sports team,Jake,2026-04-19T04:46:00.000Z,,bro,noise,noise,noise,"Noise, joke, hype, or vague reply",0,0,0,0,noise,20,{},noise.one-word:-18; noise.casual-reply:-28; noise.vague-short:-12
msg_00737,Club Soccer,Sports team,Drew,2026-04-19T04:48:00.000Z,,practice moved indoors tn,important,announcement,practice_change,Generated important Sports team message,30,30,8,38,announcement,48,"{""👀"":1}",announcement.change:30
msg_00738,Club Soccer,Sports team,Drew,2026-04-19T04:51:00.000Z,,I could drive tomorrow,maybe,logistics,availability,Ambiguous message that may be useful in context,50,50,0,50,logistics,71,{},logistics.transport:20; commitment.availability:22; time.relative:8
msg_00739,Club Soccer,Sports team,Ethan,2026-04-19T04:54:00.000Z,,who up,noise,noise,noise,"Noise, joke, hype, or vague reply",0,0,3,3,noise,22,"{""💀"":6,""😂"":1,""🔥"":1}",noise.hype-only:-24; noise.casual-question:-14; noise.vague-short:-12
msg_00740,Club Soccer,Sports team,Mia,2026-04-19T04:57:00.000Z,,who all is going Friday?,maybe,plan,attendance_question,Ambiguous message that may be useful in context,37,37,8,45,plan,66,"{""❓"":1,""😂"":1}",plan.whos-going:20; time.weekday:7; question.intent:10
msg_00741,Club Soccer,Sports team,Riley,2026-04-19T05:01:00.000Z,,where we at,noise,noise,noise,"Noise, joke, hype, or vague reply",0,0,0,0,noise,20,"{""💀"":1,""😂"":1}",question.intent:10; noise.vague-short:-12
msg_00742,Club Soccer,Sports team,Jordan,2026-04-19T05:03:00.000Z,,what time is tailgate again,maybe,question,event_question,Ambiguous message that may be useful in context,30,30,0,30,question,64,{},event.social-anchor:12; question.intent:10; question.event-context:8
msg_00743,Club Soccer,Sports team,Drew,2026-04-19T05:08:00.000Z,,bring both jerseys tomorrow,important,logistics,equipment,Generated important Sports team message,8,8,8,16,noise,28,"{""👀"":1,""📌"":1}",time.relative:8
msg_00744,Club Soccer,Sports team,Maya,2026-04-19T05:11:00.000Z,,bring both jerseys tomorrow,important,logistics,equipment,Generated important Sports team message,8,8,0,8,noise,24,{},time.relative:8
msg_00745,Club Soccer,Sports team,Sophia,2026-04-19T05:13:00.000Z,,are we still doing the same place?,maybe,question,context_needed,Ambiguous message that may be useful in context,10,10,0,10,noise,25,{},question.intent:10
msg_00746,Club Soccer,Sports team,Olivia,2026-04-19T05:15:00.000Z,,deadline for being washed is tonight,noise,noise,noise,"Noise, joke, hype, or vague reply",58,58,0,58,deadline,83,"{""😂"":5,""💀"":3}",deadline.explicit:32; time.relative:8; deadline.date-context:18
msg_00747,Club Soccer,Sports team,Logan,2026-04-19T05:18:00.000Z,,team dues due Friday,important,deadline,dues,Generated important Sports team message,75,75,12,87,deadline,97,"{""✅"":1}",deadline.explicit:32; deadline.payment:18; time.weekday:7; deadline.date-context:18
msg_00748,Club Soccer,Sports team,Mia,2026-04-19T05:22:00.000Z,msg_00723,bring both jerseys tomorrow,important,logistics,equipment,Generated important Sports team message,8,8,8,16,noise,28,"{""📌"":1}",time.relative:8
msg_00749,Club Soccer,Sports team,Sam,2026-04-19T05:26:00.000Z,,team dues due Friday,important,deadline,dues,Generated important Sports team message,75,75,8,83,deadline,97,"{""👀"":1}",deadline.explicit:32; deadline.payment:18; time.weekday:7; deadline.date-context:18
msg_00750,Club Soccer,Sports team,Logan,2026-04-19T05:28:00.000Z,,Friday was insane,noise,noise,noise,"Noise, joke, hype, or vague reply",7,7,0,7,noise,24,{},time.weekday:7
msg_00751,Club Soccer,Sports team,Jordan,2026-04-19T05:30:00.000Z,,I can bring cups,maybe,logistics,supply_commitment,Ambiguous message that may be useful in context,35,35,8,43,logistics,58,"{""👀"":1}",logistics.supplies:25; commitment.availability:22; noise.vague-short:-12
msg_00752,Club Soccer,Sports team,Mia,2026-04-19T05:34:00.000Z,,no shot,noise,noise,noise,"Noise, joke, hype, or vague reply",0,0,0,0,noise,20,{},noise.hype-only:-24; noise.vague-short:-12
msg_00753,Club Soccer,Sports team,Jordan,2026-04-19T05:38:00.000Z,,bring both jerseys tomorrow,important,logistics,equipment,Generated important Sports team message,8,8,0,8,noise,24,{},time.relative:8
msg_00754,Club Soccer,Sports team,Mia,2026-04-19T05:40:00.000Z,,bring both jerseys tmr,important,logistics,equipment,Generated important Sports team message,0,0,8,8,noise,24,"{""📌"":1}",
msg_00755,Club Soccer,Sports team,Bella,2026-04-19T05:43:00.000Z,msg_00739,anyone able to grab snacks?,maybe,request,soft_request,Ambiguous message that may be useful in context,73,73,8,81,request,86,"{""❓"":1}",request.can-someone:24; logistics.supplies:25; question.intent:10; request.bring-supplies:14
msg_00756,Club Soccer,Sports team,Maya,2026-04-19T05:45:00.000Z,,tomorrow gonna be wild,noise,noise,noise,"Noise, joke, hype, or vague reply",8,8,0,8,noise,24,{},time.relative:8
msg_00757,Club Soccer,Sports team,Olivia,2026-04-19T05:48:00.000Z,msg_00723,need drivers for away game Saturday,important,logistics,ride_request,Generated important Sports team message,91,91,30,100,event,100,"{""👀"":1,""📌"":1}",request.concrete-need:28; logistics.transport:20; event.social-anchor:12; time.weekday:7; event.concrete-time:16; structure.concrete-details:8
msg_00758,Club Soccer,Sports team,Maya,2026-04-19T05:53:00.000Z,,who all is going Friday?,maybe,plan,attendance_question,Ambiguous message that may be useful in context,37,37,8,45,plan,66,"{""👀"":1,""😂"":1}",plan.whos-going:20; time.weekday:7; question.intent:10
msg_00759,Club Soccer,Sports team,Olivia,2026-04-19T05:54:00.000Z,,I can drive after 10,maybe,logistics,availability,Ambiguous message that may be useful in context,42,42,0,42,logistics,60,{},logistics.transport:20; commitment.availability:22
msg_00760,Club Soccer,Sports team,Logan,2026-04-19T05:57:00.000Z,,might go downtown later,maybe,noise,vague_plan,Ambiguous message that may be useful in context,12,12,8,20,noise,30,"{""👀"":1}",event.social-anchor:12
msg_00761,Club Soccer,Sports team,Cam,2026-04-19T06:02:00.000Z,msg_00747,"game starts at 6, be there by 5:30",important,event,game_time,Generated important Sports team message,76,76,20,96,event,100,"{""✅"":1,""👀"":1}",event.social-anchor:12; event.starts-time:28; time.explicit:12; event.concrete-time:16; structure.concrete-details:8
msg_00762,Club Soccer,Sports team,Riley,2026-04-19T06:05:00.000Z,,I can drive after 10,maybe,logistics,availability,Ambiguous message that may be useful in context,42,42,0,42,logistics,60,{},logistics.transport:20; commitment.availability:22
msg_00763,Club Soccer,Sports team,Riley,2026-04-19T06:07:00.000Z,,team dues due Friday,important,deadline,dues,Generated important Sports team message,75,75,0,75,deadline,97,{},deadline.explicit:32; deadline.payment:18; time.weekday:7; deadline.date-context:18
msg_00764,Club Soccer,Sports team,Sophia,2026-04-19T06:10:00.000Z,,I can drive after 10,maybe,logistics,availability,Ambiguous message that may be useful in context,42,42,8,50,logistics,60,"{""👀"":1}",logistics.transport:20; commitment.availability:22
msg_00765,Club Soccer,Sports team,Maya,2026-04-19T06:12:00.000Z,,who has the speaker?,maybe,question,item_question,Ambiguous message that may be useful in context,10,10,8,18,noise,29,"{""❓"":1,""😂"":1}",question.intent:10
msg_00766,Club Soccer,Sports team,Riley,2026-04-19T06:16:00.000Z,,anyone able to grab snacks?,maybe,request,soft_request,Ambiguous message that may be useful in context,73,73,0,73,request,86,{},request.can-someone:24; logistics.supplies:25; question.intent:10; request.bring-supplies:14
msg_00767,Club Soccer,Sports team,Jake,2026-04-19T06:19:00.000Z,msg_00735,are we still doing the same place?,maybe,question,context_needed,Ambiguous message that may be useful in context,10,10,0,10,noise,25,{},question.intent:10
msg_00768,Club Soccer,Sports team,Drew,2026-04-19T06:22:00.000Z,,😭😭😭,noise,noise,noise,"Noise, joke, hype, or vague reply",0,0,3,3,noise,22,"{""🔥"":1}",noise.one-word:-18; noise.emoji-only:-35; noise.vague-short:-12
msg_00769,Club Soccer,Sports team,Jake,2026-04-19T06:25:00.000Z,,that was crazy,noise,noise,noise,"Noise, joke, hype, or vague reply",0,0,0,0,noise,20,{},noise.hype-only:-24; noise.vague-short:-12
msg_00770,Club Soccer,Sports team,Nick,2026-04-19T06:29:00.000Z,,😭😭😭,noise,noise,noise,"Noise, joke, hype, or vague reply",0,0,0,0,noise,20,{},noise.one-word:-18; noise.emoji-only:-35; noise.vague-short:-12
msg_00771,Club Soccer,Sports team,Olivia,2026-04-19T06:32:00.000Z,,bring both jerseys tmr,important,logistics,equipment,Generated important Sports team message,0,0,8,8,noise,24,"{""👀"":1}",
msg_00772,Club Soccer,Sports team,Riley,2026-04-19T06:35:00.000Z,,where are we meeting?,maybe,plan,meeting_question,Ambiguous message that may be useful in context,50,50,16,66,plan,79,"{""❓"":1,""👀"":1}",event.social-anchor:12; plan.leaving-meeting:20; question.intent:10; question.event-context:8
msg_00773,Club Soccer,Sports team,Logan,2026-04-19T06:38:00.000Z,,yo,noise,noise,noise,"Noise, joke, hype, or vague reply",0,0,0,0,noise,20,{},noise.one-word:-18; noise.casual-reply:-28; noise.vague-short:-12
msg_00774,Club Soccer,Sports team,Bella,2026-04-19T06:41:00.000Z,msg_00749,bring both jerseys tomorrow,important,logistics,equipment,Generated important Sports team message,8,8,8,16,noise,28,"{""✅"":1}",time.relative:8
msg_00775,Club Soccer,Sports team,Cam,2026-04-19T06:44:00.000Z,,skull,noise,noise,noise,"Noise, joke, hype, or vague reply",0,0,8,8,noise,24,"{""😂"":1,""🔥"":3,""💀"":2}",noise.one-word:-18; noise.casual-reply:-28; noise.vague-short:-12
msg_00776,Club Soccer,Sports team,Sam,2026-04-19T06:45:00.000Z,msg_00768,I could drive tomorrow,maybe,logistics,availability,Ambiguous message that may be useful in context,50,50,0,50,logistics,71,"{""😂"":1}",logistics.transport:20; commitment.availability:22; time.relative:8
msg_00777,Club Soccer,Sports team,Logan,2026-04-19T06:48:00.000Z,,😭😭😭,noise,noise,noise,"Noise, joke, hype, or vague reply",0,0,0,0,noise,20,{},noise.one-word:-18; noise.emoji-only:-35; noise.vague-short:-12
msg_00778,Club Soccer,Sports team,Mia,2026-04-19T06:53:00.000Z,,🔥🔥🔥,noise,noise,noise,"Noise, joke, hype, or vague reply",0,0,0,0,noise,20,"{""💀"":1}",noise.one-word:-18; noise.emoji-only:-35; noise.vague-short:-12
msg_00779,Club Soccer,Sports team,Sophia,2026-04-19T06:54:00.000Z,,need drivers for away game Saturday,important,logistics,ride_request,Generated important Sports team message,91,91,30,100,event,100,"{""👀"":1,""📌"":1}",request.concrete-need:28; logistics.transport:20; event.social-anchor:12; time.weekday:7; event.concrete-time:16; structure.concrete-details:8
msg_00780,Club Soccer,Sports team,Sam,2026-04-19T06:57:00.000Z,,who up,noise,noise,noise,"Noise, joke, hype, or vague reply",0,0,0,0,noise,20,{},noise.hype-only:-24; noise.casual-question:-14; noise.vague-short:-12
msg_00781,Club Soccer,Sports team,Marcus,2026-04-19T07:02:00.000Z,,no shot,noise,noise,noise,"Noise, joke, hype, or vague reply",0,0,0,0,noise,20,{},noise.hype-only:-24; noise.vague-short:-12
msg_00782,Club Soccer,Sports team,Cam,2026-04-19T07:04:00.000Z,,lmao,noise,noise,noise,"Noise, joke, hype, or vague reply",0,0,0,0,noise,20,{},noise.one-word:-18; noise.laughter:-35; noise.vague-short:-12
msg_00783,Club Soccer,Sports team,Jordan,2026-04-19T07:07:00.000Z,,does anyone have tickets left?,maybe,request,ticket_availability,Ambiguous message that may be useful in context,46,46,0,46,request,69,{},deadline.payment:18; request.ticket-availability:18; question.intent:10
msg_00784,Club Soccer,Sports team,Sam,2026-04-19T07:09:00.000Z,,practice moved indoors tonight,important,announcement,practice_change,Generated important Sports team message,52,52,18,70,announcement,81,"{""✅"":1,""👀"":1}",announcement.change:30; time.relative:8; announcement.date-context:14
msg_00785,Club Soccer,Sports team,Sam,2026-04-19T07:14:00.000Z,,party animal,noise,noise,noise,"Noise, joke, hype, or vague reply",0,0,6,6,noise,23,"{""🔥"":2,""😂"":2}",event.social-anchor:12; noise.vague-short:-12
msg_00786,Club Soccer,Sports team,Mia,2026-04-19T07:15:00.000Z,,might go downtown later,maybe,noise,vague_plan,Ambiguous message that may be useful in context,12,12,0,12,noise,26,{},event.social-anchor:12
msg_00787,Club Soccer,Sports team,Drew,2026-04-19T07:20:00.000Z,,lmao,noise,noise,noise,"Noise, joke, hype, or vague reply",0,0,0,0,noise,20,{},noise.one-word:-18; noise.laughter:-35; noise.vague-short:-12
msg_00788,Club Soccer,Sports team,Olivia,2026-04-19T07:23:00.000Z,msg_00738,yo,noise,noise,noise,"Noise, joke, hype, or vague reply",0,0,0,0,noise,20,{},noise.one-word:-18; noise.casual-reply:-28; noise.vague-short:-12
msg_00789,Club Soccer,Sports team,Jordan,2026-04-19T07:24:00.000Z,,I can bring cups,maybe,logistics,supply_commitment,Ambiguous message that may be useful in context,35,35,8,43,logistics,58,"{""❓"":1}",logistics.supplies:25; commitment.availability:22; noise.vague-short:-12
msg_00790,Club Soccer,Sports team,Nick,2026-04-19T07:28:00.000Z,,"game starts at 6, be there by 5:30",important,event,game_time,Generated important Sports team message,76,76,30,100,event,100,"{""✅"":1,""📌"":1}",event.social-anchor:12; event.starts-time:28; time.explicit:12; event.concrete-time:16; structure.concrete-details:8
msg_00791,Club Soccer,Sports team,Sophia,2026-04-19T07:32:00.000Z,,pregame at the house?,maybe,question,event_question,Ambiguous message that may be useful in context,30,30,18,48,question,64,"{""❓"":1,""👀"":1,""✅"":1}",event.social-anchor:12; question.intent:10; question.event-context:8
msg_00792,Club Soccer,Sports team,Olivia,2026-04-19T07:34:00.000Z,,skull,noise,noise,noise,"Noise, joke, hype, or vague reply",0,0,0,0,noise,20,{},noise.one-word:-18; noise.casual-reply:-28; noise.vague-short:-12
msg_00793,Club Soccer,Sports team,Sophia,2026-04-19T07:38:00.000Z,,anyone able to grab snacks?,maybe,request,soft_request,Ambiguous message that may be useful in context,73,73,0,73,request,86,{},request.can-someone:24; logistics.supplies:25; question.intent:10; request.bring-supplies:14
msg_00794,Club Soccer,Sports team,Riley,2026-04-19T07:39:00.000Z,,"game starts at 6, be there by 5:30",important,event,game_time,Generated important Sports team message,76,76,12,88,event,100,"{""✅"":1}",event.social-anchor:12; event.starts-time:28; time.explicit:12; event.concrete-time:16; structure.concrete-details:8
msg_00795,Club Soccer,Sports team,Riley,2026-04-19T07:43:00.000Z,,go go go go,noise,noise,noise,"Noise, joke, hype, or vague reply",0,0,0,0,noise,20,{},noise.repeated:-16; noise.vague-short:-12
msg_00796,Club Soccer,Sports team,Maya,2026-04-19T07:47:00.000Z,msg_00765,I can drive after 10,maybe,logistics,availability,Ambiguous message that may be useful in context,42,42,0,42,logistics,60,"{""😂"":1}",logistics.transport:20; commitment.availability:22
msg_00797,Club Soccer,Sports team,Drew,2026-04-19T07:48:00.000Z,,anyone going out tonight?,maybe,plan,loose_plan,Ambiguous message that may be useful in context,38,38,0,38,plan,67,"{""😂"":1}",plan.whos-going:20; time.relative:8; question.intent:10
msg_00798,Club Soccer,Sports team,Riley,2026-04-19T07:52:00.000Z,,I can bring cups,maybe,logistics,supply_commitment,Ambiguous message that may be useful in context,35,35,0,35,logistics,58,{},logistics.supplies:25; commitment.availability:22; noise.vague-short:-12
msg_00799,Club Soccer,Sports team,Marcus,2026-04-19T07:56:00.000Z,msg_00789,skull,noise,noise,noise,"Noise, joke, hype, or vague reply",0,0,0,0,noise,20,{},noise.one-word:-18; noise.casual-reply:-28; noise.vague-short:-12
msg_00800,Club Soccer,Sports team,Ethan,2026-04-19T07:58:00.000Z,msg_00739,anyone able to grab snacks?,maybe,request,soft_request,Ambiguous message that may be useful in context,73,73,0,73,request,86,"{""😂"":1}",request.can-someone:24; logistics.supplies:25; question.intent:10; request.bring-supplies:14
msg_00801,Club Soccer,Sports team,Marcus,2026-04-19T08:02:00.000Z,,🔥🔥🔥,noise,noise,noise,"Noise, joke, hype, or vague reply",0,0,0,0,noise,20,"{""😂"":1}",noise.one-word:-18; noise.emoji-only:-35; noise.vague-short:-12
msg_00802,Club Soccer,Sports team,Jordan,2026-04-19T08:05:00.000Z,msg_00740,lol,noise,noise,noise,"Noise, joke, hype, or vague reply",0,0,0,0,noise,20,{},noise.one-word:-18; noise.laughter:-35; noise.vague-short:-12
msg_00803,Club Soccer,Sports team,Nick,2026-04-19T08:06:00.000Z,,"game starts at 6, be there by 5:30",important,event,game_time,Generated important Sports team message,76,76,30,100,event,100,"{""✅"":1,""📌"":1}",event.social-anchor:12; event.starts-time:28; time.explicit:12; event.concrete-time:16; structure.concrete-details:8
msg_00804,Club Soccer,Sports team,Sophia,2026-04-19T08:09:00.000Z,,are we still doing the same place?,maybe,question,context_needed,Ambiguous message that may be useful in context,10,10,0,10,noise,25,{},question.intent:10
msg_00805,Club Soccer,Sports team,Nick,2026-04-19T08:14:00.000Z,,practice moved indoors tonight,important,announcement,practice_change,Generated important Sports team message,52,52,0,52,announcement,81,{},announcement.change:30; time.relative:8; announcement.date-context:14
msg_00806,Club Soccer,Sports team,Logan,2026-04-19T08:16:00.000Z,,what time is tailgate again,maybe,question,event_question,Ambiguous message that may be useful in context,30,30,0,30,question,64,{},event.social-anchor:12; question.intent:10; question.event-context:8
msg_00807,Club Soccer,Sports team,Nick,2026-04-19T08:19:00.000Z,msg_00773,team dues due Friday,important,deadline,dues,Generated important Sports team message,75,75,8,83,deadline,97,"{""👀"":1}",deadline.explicit:32; deadline.payment:18; time.weekday:7; deadline.date-context:18
msg_00808,Club Soccer,Sports team,Bella,2026-04-19T08:23:00.000Z,,formal apology incoming,noise,noise,noise,"Noise, joke, hype, or vague reply",12,12,0,12,noise,26,{},event.social-anchor:12
msg_00809,Club Soccer,Sports team,Nick,2026-04-19T08:24:00.000Z,msg_00808,"game starts at 6, be there by 5:30",important,event,game_time,Generated important Sports team message,76,76,30,100,event,100,"{""✅"":1,""📌"":1}",event.social-anchor:12; event.starts-time:28; time.explicit:12; event.concrete-time:16; structure.concrete-details:8
msg_00810,Club Soccer,Sports team,Logan,2026-04-19T08:29:00.000Z,,🔥🔥🔥,noise,noise,noise,"Noise, joke, hype, or vague reply",0,0,8,8,noise,24,"{""🔥"":3,""😂"":1,""💀"":2}",noise.one-word:-18; noise.emoji-only:-35; noise.vague-short:-12
msg_00811,Club Soccer,Sports team,Riley,2026-04-19T08:31:00.000Z,,what time is tailgate again,maybe,question,event_question,Ambiguous message that may be useful in context,30,30,0,30,question,64,{},event.social-anchor:12; question.intent:10; question.event-context:8
msg_00812,Club Soccer,Sports team,Nick,2026-04-19T08:33:00.000Z,,go go go go,noise,noise,noise,"Noise, joke, hype, or vague reply",0,0,3,3,noise,22,"{""🔥"":1,""💀"":1}",noise.repeated:-16; noise.vague-short:-12
msg_00813,Club Soccer,Sports team,Sophia,2026-04-19T08:37:00.000Z,,who let him cook?,noise,noise,noise,"Noise, joke, hype, or vague reply",0,0,0,0,noise,20,"{""💀"":1,""😂"":1}",question.intent:10; noise.vague-short:-12
msg_00814,Club Soccer,Sports team,Marcus,2026-04-19T08:41:00.000Z,,go go go go,noise,noise,noise,"Noise, joke, hype, or vague reply",0,0,0,0,noise,20,{},noise.repeated:-16; noise.vague-short:-12
msg_00815,Club Soccer,Sports team,Marcus,2026-04-19T08:44:00.000Z,,formal apology incoming,noise,noise,noise,"Noise, joke, hype, or vague reply",12,12,6,18,noise,29,"{""💀"":1,""🔥"":2}",event.social-anchor:12
msg_00816,Club Soccer,Sports team,Cam,2026-04-19T08:46:00.000Z,,no shot,noise,noise,noise,"Noise, joke, hype, or vague reply",0,0,0,0,noise,20,{},noise.hype-only:-24; noise.vague-short:-12
msg_00817,Club Soccer,Sports team,Maya,2026-04-19T08:48:00.000Z,,😭😭😭,noise,noise,noise,"Noise, joke, hype, or vague reply",0,0,0,0,noise,20,{},noise.one-word:-18; noise.emoji-only:-35; noise.vague-short:-12
msg_00818,Club Soccer,Sports team,Drew,2026-04-19T08:53:00.000Z,,I can bring cups,maybe,logistics,supply_commitment,Ambiguous message that may be useful in context,35,35,0,35,logistics,58,{},logistics.supplies:25; commitment.availability:22; noise.vague-short:-12
msg_00819,Club Soccer,Sports team,Maya,2026-04-19T08:54:00.000Z,,who let him cook?,noise,noise,noise,"Noise, joke, hype, or vague reply",0,0,0,0,noise,20,{},question.intent:10; noise.vague-short:-12
msg_00820,Club Soccer,Sports team,Mia,2026-04-19T08:58:00.000Z,,what time is tailgate again,maybe,question,event_question,Ambiguous message that may be useful in context,30,30,8,38,question,64,"{""❓"":1}",event.social-anchor:12; question.intent:10; question.event-context:8
msg_00821,Club Soccer,Sports team,Ethan,2026-04-19T09:01:00.000Z,,are we still doing the same place?,maybe,question,context_needed,Ambiguous message that may be useful in context,10,10,8,18,noise,29,"{""✅"":1,""😂"":1}",question.intent:10
msg_00822,Club Soccer,Sports team,Maya,2026-04-19T09:03:00.000Z,msg_00740,????????,noise,noise,noise,"Noise, joke, hype, or vague reply",0,0,0,0,noise,20,{},question.intent:10; noise.one-word:-18; noise.repeated:-16; noise.vague-short:-12
msg_00823,Club Soccer,Sports team,Drew,2026-04-19T09:06:00.000Z,,anyone going out tonight?,maybe,plan,loose_plan,Ambiguous message that may be useful in context,38,38,8,46,plan,67,"{""👀"":1}",plan.whos-going:20; time.relative:8; question.intent:10
msg_00824,Club Soccer,Sports team,Bella,2026-04-19T09:09:00.000Z,,bro said formal like he owns the place,noise,noise,noise,"Noise, joke, hype, or vague reply",12,12,0,12,noise,26,{},event.social-anchor:12
msg_00825,Club Soccer,Sports team,Logan,2026-04-19T09:14:00.000Z,,deadline for being washed is tonight,noise,noise,noise,"Noise, joke, hype, or vague reply",58,58,0,58,deadline,83,"{""😂"":3,""💀"":1}",deadline.explicit:32; time.relative:8; deadline.date-context:18
msg_00826,Club Soccer,Sports team,Sophia,2026-04-19T09:17:00.000Z,msg_00735,pregame at the house?,maybe,question,event_question,Ambiguous message that may be useful in context,30,30,8,38,question,64,"{""❓"":1}",event.social-anchor:12; question.intent:10; question.event-context:8
msg_00827,Club Soccer,Sports team,Logan,2026-04-19T09:18:00.000Z,,bring both jerseys tomorrow,important,logistics,equipment,Generated important Sports team message,8,8,8,16,noise,28,"{""📌"":1}",time.relative:8
msg_00828,Club Soccer,Sports team,Jake,2026-04-19T09:22:00.000Z,,who has the speaker?,maybe,question,item_question,Ambiguous message that may be useful in context,10,10,0,10,noise,25,{},question.intent:10
msg_00829,Club Soccer,Sports team,Marcus,2026-04-19T09:26:00.000Z,,you had to be there,noise,noise,noise,"Noise, joke, hype, or vague reply",0,0,0,0,noise,20,"{""💀"":2,""😂"":2}",noise.hype-only:-24
msg_00830,Club Soccer,Sports team,Sam,2026-04-19T09:27:00.000Z,msg_00768,bro said formal like he owns the place,noise,noise,noise,"Noise, joke, hype, or vague reply",12,12,3,15,noise,28,"{""🔥"":1,""💀"":1}",event.social-anchor:12
msg_00831,Club Soccer,Sports team,Ethan,2026-04-19T09:30:00.000Z,,need drivers for away game Saturday,important,logistics,ride_request,Generated important Sports team message,91,91,20,100,event,100,"{""✅"":1,""👀"":1}",request.concrete-need:28; logistics.transport:20; event.social-anchor:12; time.weekday:7; event.concrete-time:16; structure.concrete-details:8
msg_00832,Club Soccer,Sports team,Drew,2026-04-19T09:34:00.000Z,msg_00790,yo,noise,noise,noise,"Noise, joke, hype, or vague reply",0,0,0,0,noise,20,{},noise.one-word:-18; noise.casual-reply:-28; noise.vague-short:-12
msg_00833,Club Soccer,Sports team,Drew,2026-04-19T09:37:00.000Z,,"game starts at 6, be there by 5:30",important,event,game_time,Generated important Sports team message,76,76,12,88,event,100,"{""✅"":1}",event.social-anchor:12; event.starts-time:28; time.explicit:12; event.concrete-time:16; structure.concrete-details:8
msg_00834,Club Soccer,Sports team,Sam,2026-04-19T09:40:00.000Z,,🔥🔥🔥,noise,noise,noise,"Noise, joke, hype, or vague reply",0,0,0,0,noise,20,{},noise.one-word:-18; noise.emoji-only:-35; noise.vague-short:-12
msg_00835,Club Soccer,Sports team,Cam,2026-04-19T09:44:00.000Z,,might go downtown later,maybe,noise,vague_plan,Ambiguous message that may be useful in context,12,12,8,20,noise,30,"{""❓"":1,""👀"":1,""✅"":1}",event.social-anchor:12
msg_00836,Club Soccer,Sports team,Bella,2026-04-19T09:45:00.000Z,msg_00751,team dues due Friday,important,deadline,dues,Generated important Sports team message,75,75,12,87,deadline,97,"{""✅"":1}",deadline.explicit:32; deadline.payment:18; time.weekday:7; deadline.date-context:18
msg_00837,Club Soccer,Sports team,Bella,2026-04-19T09:48:00.000Z,,🔥🔥🔥,noise,noise,noise,"Noise, joke, hype, or vague reply",0,0,0,0,noise,20,{},noise.one-word:-18; noise.emoji-only:-35; noise.vague-short:-12
msg_00838,Club Soccer,Sports team,Ethan,2026-04-19T09:51:00.000Z,msg_00823,I can bring cups,maybe,logistics,supply_commitment,Ambiguous message that may be useful in context,35,35,0,35,logistics,58,{},logistics.supplies:25; commitment.availability:22; noise.vague-short:-12
msg_00839,Club Soccer,Sports team,Sam,2026-04-19T09:56:00.000Z,,😭😭😭,noise,noise,noise,"Noise, joke, hype, or vague reply",0,0,6,6,noise,23,"{""🔥"":2,""😂"":1}",noise.one-word:-18; noise.emoji-only:-35; noise.vague-short:-12
msg_00840,Club Soccer,Sports team,Bella,2026-04-19T09:58:00.000Z,,fire fit,noise,noise,noise,"Noise, joke, hype, or vague reply",0,0,8,8,noise,24,"{""😂"":2,""🔥"":3}",noise.vague-short:-12
msg_00841,Club Soccer,Sports team,Bella,2026-04-19T10:02:00.000Z,,fire fit,noise,noise,noise,"Noise, joke, hype, or vague reply",0,0,3,3,noise,22,"{""😂"":2,""🔥"":1,""💀"":1}",noise.vague-short:-12
msg_00842,Club Soccer,Sports team,Cam,2026-04-19T10:05:00.000Z,msg_00802,need drivers for away game Saturday,important,logistics,ride_request,Generated important Sports team message,91,91,12,100,event,100,"{""✅"":1}",request.concrete-need:28; logistics.transport:20; event.social-anchor:12; time.weekday:7; event.concrete-time:16; structure.concrete-details:8
msg_00843,Club Soccer,Sports team,Olivia,2026-04-19T10:07:00.000Z,,does anyone have tickets left?,maybe,request,ticket_availability,Ambiguous message that may be useful in context,46,46,8,54,request,69,"{""❓"":1,""😂"":1}",deadline.payment:18; request.ticket-availability:18; question.intent:10
msg_00844,Club Soccer,Sports team,Marcus,2026-04-19T10:11:00.000Z,,where we at,noise,noise,noise,"Noise, joke, hype, or vague reply",0,0,0,0,noise,20,{},question.intent:10; noise.vague-short:-12
msg_00845,Club Soccer,Sports team,Nick,2026-04-19T10:12:00.000Z,msg_00807,who all is going Friday?,maybe,plan,attendance_question,Ambiguous message that may be useful in context,37,37,0,37,plan,66,{},plan.whos-going:20; time.weekday:7; question.intent:10
msg_00846,Club Soccer,Sports team,Jordan,2026-04-19T10:16:00.000Z,,need drivers for away game Saturday,important,logistics,ride_request,Generated important Sports team message,91,91,8,99,event,100,"{""👀"":1}",request.concrete-need:28; logistics.transport:20; event.social-anchor:12; time.weekday:7; event.concrete-time:16; structure.concrete-details:8
msg_00847,Club Soccer,Sports team,Olivia,2026-04-19T10:18:00.000Z,,????????,noise,noise,noise,"Noise, joke, hype, or vague reply",0,0,0,0,noise,20,{},question.intent:10; noise.one-word:-18; noise.repeated:-16; noise.vague-short:-12
msg_00848,Club Soccer,Sports team,Nick,2026-04-19T10:23:00.000Z,,need drivers for away game Saturday,important,logistics,ride_request,Generated important Sports team message,91,91,30,100,event,100,"{""✅"":1,""👀"":1,""📌"":1}",request.concrete-need:28; logistics.transport:20; event.social-anchor:12; time.weekday:7; event.concrete-time:16; structure.concrete-details:8
msg_00849,Club Soccer,Sports team,Olivia,2026-04-19T10:24:00.000Z,,need drivers for away game Saturday,important,logistics,ride_request,Generated important Sports team message,91,91,8,99,event,100,"{""👀"":1}",request.concrete-need:28; logistics.transport:20; event.social-anchor:12; time.weekday:7; event.concrete-time:16; structure.concrete-details:8
msg_00850,Club Soccer,Sports team,Sam,2026-04-19T10:28:00.000Z,,might go downtown later,maybe,noise,vague_plan,Ambiguous message that may be useful in context,12,12,0,12,noise,26,"{""😂"":1}",event.social-anchor:12
msg_00851,Club Soccer,Sports team,Drew,2026-04-19T10:30:00.000Z,,need drivers for away game Saturday,important,logistics,ride_request,Generated important Sports team message,91,91,30,100,event,100,"{""✅"":1,""📌"":1}",request.concrete-need:28; logistics.transport:20; event.social-anchor:12; time.weekday:7; event.concrete-time:16; structure.concrete-details:8
msg_00852,Club Soccer,Sports team,Maya,2026-04-19T10:33:00.000Z,msg_00822,anyone able to grab snacks?,maybe,request,soft_request,Ambiguous message that may be useful in context,73,73,8,81,request,86,"{""👀"":1}",request.can-someone:24; logistics.supplies:25; question.intent:10; request.bring-supplies:14
msg_00853,Club Soccer,Sports team,Olivia,2026-04-19T10:37:00.000Z,msg_00783,absolute cinema,noise,noise,noise,"Noise, joke, hype, or vague reply",0,0,3,3,noise,22,"{""🔥"":1,""😂"":2,""💀"":3}",noise.hype-only:-24; noise.vague-short:-12
msg_00854,Club Soccer,Sports team,Mia,2026-04-19T10:39:00.000Z,,bring both jerseys tmr,important,logistics,equipment,Generated important Sports team message,0,0,8,8,noise,24,"{""👀"":1}",
msg_00855,Club Soccer,Sports team,Sam,2026-04-19T10:42:00.000Z,msg_00771,need drivers for away game Saturday,important,logistics,ride_request,Generated important Sports team message,91,91,24,100,event,100,"{""📌"":1}",request.concrete-need:28; logistics.transport:20; event.social-anchor:12; time.weekday:7; event.concrete-time:16; structure.concrete-details:8
msg_00856,Club Soccer,Sports team,Jordan,2026-04-19T10:46:00.000Z,,🔥🔥🔥,noise,noise,noise,"Noise, joke, hype, or vague reply",0,0,0,0,noise,20,{},noise.one-word:-18; noise.emoji-only:-35; noise.vague-short:-12
msg_00857,Club Soccer,Sports team,Olivia,2026-04-19T10:49:00.000Z,,"game starts at 6, be there by 5:30",important,event,game_time,Generated important Sports team message,76,76,12,88,event,100,"{""✅"":1}",event.social-anchor:12; event.starts-time:28; time.explicit:12; event.concrete-time:16; structure.concrete-details:8
msg_00858,Club Soccer,Sports team,Bella,2026-04-19T10:52:00.000Z,,why is bro like this?,noise,noise,noise,"Noise, joke, hype, or vague reply",10,10,6,16,noise,28,"{""💀"":3,""🔥"":2,""😂"":1}",question.intent:10
msg_00859,Club Soccer,Sports team,Jordan,2026-04-19T10:54:00.000Z,,rush hour traffic sucks,noise,noise,noise,"Noise, joke, hype, or vague reply",12,12,0,12,noise,26,{},event.social-anchor:12
msg_00860,Club Soccer,Sports team,Cam,2026-04-19T10:58:00.000Z,,might go downtown later,maybe,noise,vague_plan,Ambiguous message that may be useful in context,12,12,8,20,noise,30,"{""❓"":1}",event.social-anchor:12
msg_00861,Club Soccer,Sports team,Nick,2026-04-19T11:00:00.000Z,,where are we meeting?,maybe,plan,meeting_question,Ambiguous message that may be useful in context,50,50,12,62,plan,79,"{""✅"":1}",event.social-anchor:12; plan.leaving-meeting:20; question.intent:10; question.event-context:8
msg_00862,Club Soccer,Sports team,Sam,2026-04-19T11:04:00.000Z,,deadline for being washed is tonight,noise,noise,noise,"Noise, joke, hype, or vague reply",58,58,3,61,deadline,83,"{""🔥"":1}",deadline.explicit:32; time.relative:8; deadline.date-context:18
msg_00863,Club Soccer,Sports team,Maya,2026-04-19T11:08:00.000Z,,team dues due Friday,important,deadline,dues,Generated important Sports team message,75,75,8,83,deadline,97,"{""👀"":1}",deadline.explicit:32; deadline.payment:18; time.weekday:7; deadline.date-context:18
msg_00864,Club Soccer,Sports team,Ethan,2026-04-19T11:10:00.000Z,,I can drive after 10,maybe,logistics,availability,Ambiguous message that may be useful in context,42,42,8,50,logistics,60,"{""❓"":1}",logistics.transport:20; commitment.availability:22
msg_00865,Club Soccer,Sports team,Olivia,2026-04-19T11:12:00.000Z,,need drivers for away game Saturday,important,logistics,ride_request,Generated important Sports team message,91,91,8,99,event,100,"{""👀"":1}",request.concrete-need:28; logistics.transport:20; event.social-anchor:12; time.weekday:7; event.concrete-time:16; structure.concrete-details:8
msg_00866,Club Soccer,Sports team,Ethan,2026-04-19T11:17:00.000Z,,need bro to retire,noise,noise,noise,"Noise, joke, hype, or vague reply",0,0,6,6,noise,23,"{""🔥"":2,""💀"":1}",
msg_00867,Club Soccer,Sports team,Olivia,2026-04-19T11:18:00.000Z,msg_00838,practice moved indoors tn,important,announcement,practice_change,Generated important Sports team message,30,30,0,30,announcement,48,{},announcement.change:30
msg_00868,Club Soccer,Sports team,Maya,2026-04-19T11:22:00.000Z,,"game starts at 6, be there by 5:30",important,event,game_time,Generated important Sports team message,76,76,30,100,event,100,"{""✅"":1,""📌"":1}",event.social-anchor:12; event.starts-time:28; time.explicit:12; event.concrete-time:16; structure.concrete-details:8
msg_00869,Club Soccer,Sports team,Sam,2026-04-19T11:26:00.000Z,,I can bring cups,maybe,logistics,supply_commitment,Ambiguous message that may be useful in context,35,35,8,43,logistics,58,"{""👀"":1,""😂"":1}",logistics.supplies:25; commitment.availability:22; noise.vague-short:-12
msg_00870,Club Soccer,Sports team,Marcus,2026-04-19T11:28:00.000Z,,meeting my downfall rn,noise,noise,noise,"Noise, joke, hype, or vague reply",12,12,0,12,noise,26,{},event.social-anchor:12
msg_00871,Club Soccer,Sports team,Logan,2026-04-19T11:32:00.000Z,,are we still doing the same place?,maybe,question,context_needed,Ambiguous message that may be useful in context,10,10,0,10,noise,25,"{""😂"":1}",question.intent:10
msg_00872,Club Soccer,Sports team,Logan,2026-04-19T11:34:00.000Z,,team dues due Friday,important,deadline,dues,Generated important Sports team message,75,75,8,83,deadline,97,"{""👀"":1}",deadline.explicit:32; deadline.payment:18; time.weekday:7; deadline.date-context:18
msg_00873,Club Soccer,Sports team,Drew,2026-04-19T11:38:00.000Z,msg_00823,"game starts at 6, be there by 5:30",important,event,game_time,Generated important Sports team message,76,76,12,88,event,100,"{""✅"":1}",event.social-anchor:12; event.starts-time:28; time.explicit:12; event.concrete-time:16; structure.concrete-details:8
msg_00874,Club Soccer,Sports team,Drew,2026-04-19T11:39:00.000Z,,team dues due Friday,important,deadline,dues,Generated important Sports team message,75,75,12,87,deadline,97,"{""✅"":1}",deadline.explicit:32; deadline.payment:18; time.weekday:7; deadline.date-context:18
msg_00875,Club Soccer,Sports team,Logan,2026-04-19T11:44:00.000Z,,I could drive tomorrow,maybe,logistics,availability,Ambiguous message that may be useful in context,50,50,8,58,logistics,71,"{""❓"":1,""😂"":1}",logistics.transport:20; commitment.availability:22; time.relative:8
msg_00876,Club Soccer,Sports team,Marcus,2026-04-19T11:45:00.000Z,,bro,noise,noise,noise,"Noise, joke, hype, or vague reply",0,0,0,0,noise,20,"{""😂"":1}",noise.one-word:-18; noise.casual-reply:-28; noise.vague-short:-12
msg_00877,Club Soccer,Sports team,Bella,2026-04-19T11:49:00.000Z,,practice moved indoors tonight,important,announcement,practice_change,Generated important Sports team message,52,52,8,60,announcement,81,"{""👀"":1}",announcement.change:30; time.relative:8; announcement.date-context:14
msg_00878,Club Soccer,Sports team,Sophia,2026-04-19T11:52:00.000Z,,nah,noise,noise,noise,"Noise, joke, hype, or vague reply",0,0,8,8,noise,24,"{""💀"":2,""😂"":1,""🔥"":5}",noise.one-word:-18; noise.casual-reply:-28; noise.vague-short:-12
msg_00879,Club Soccer,Sports team,Ethan,2026-04-19T11:55:00.000Z,,where we at,noise,noise,noise,"Noise, joke, hype, or vague reply",0,0,0,0,noise,20,{},question.intent:10; noise.vague-short:-12
msg_00880,Club Soccer,Sports team,Drew,2026-04-19T11:58:00.000Z,,team dues due Friday,important,deadline,dues,Generated important Sports team message,75,75,8,83,deadline,97,"{""👀"":1}",deadline.explicit:32; deadline.payment:18; time.weekday:7; deadline.date-context:18
msg_00881,Club Soccer,Sports team,Sophia,2026-04-19T12:01:00.000Z,,does anyone have tickets left?,maybe,request,ticket_availability,Ambiguous message that may be useful in context,46,46,12,58,request,69,"{""✅"":1}",deadline.payment:18; request.ticket-availability:18; question.intent:10
msg_00882,Club Soccer,Sports team,Mia,2026-04-19T12:03:00.000Z,,team dues due Friday,important,deadline,dues,Generated important Sports team message,75,75,8,83,deadline,97,"{""👀"":1}",deadline.explicit:32; deadline.payment:18; time.weekday:7; deadline.date-context:18
msg_00883,Club Soccer,Sports team,Jake,2026-04-19T12:06:00.000Z,,????????,noise,noise,noise,"Noise, joke, hype, or vague reply",0,0,0,0,noise,20,{},question.intent:10; noise.one-word:-18; noise.repeated:-16; noise.vague-short:-12
msg_00884,Club Soccer,Sports team,Mia,2026-04-19T12:09:00.000Z,msg_00806,team dues due Friday,important,deadline,dues,Generated important Sports team message,75,75,30,100,deadline,97,"{""✅"":1,""📌"":1}",deadline.explicit:32; deadline.payment:18; time.weekday:7; deadline.date-context:18
msg_00885,Club Soccer,Sports team,Drew,2026-04-19T12:13:00.000Z,msg_00754,need drivers for away game Saturday,important,logistics,ride_request,Generated important Sports team message,91,91,30,100,event,100,"{""👀"":1,""📌"":1}",request.concrete-need:28; logistics.transport:20; event.social-anchor:12; time.weekday:7; event.concrete-time:16; structure.concrete-details:8
msg_00886,Club Soccer,Sports team,Sophia,2026-04-19T12:15:00.000Z,,yo,noise,noise,noise,"Noise, joke, hype, or vague reply",0,0,8,8,noise,24,"{""🔥"":4,""😂"":2,""💀"":2}",noise.one-word:-18; noise.casual-reply:-28; noise.vague-short:-12
msg_00887,Club Soccer,Sports team,Bella,2026-04-19T12:18:00.000Z,,who all is going Friday?,maybe,plan,attendance_question,Ambiguous message that may be useful in context,37,37,0,37,plan,66,{},plan.whos-going:20; time.weekday:7; question.intent:10
msg_00888,Club Soccer,Sports team,Maya,2026-04-19T12:21:00.000Z,,team dues due Friday,important,deadline,dues,Generated important Sports team message,75,75,20,95,deadline,97,"{""✅"":1,""👀"":1}",deadline.explicit:32; deadline.payment:18; time.weekday:7; deadline.date-context:18
msg_00889,Club Soccer,Sports team,Bella,2026-04-19T12:24:00.000Z,,go go go go,noise,noise,noise,"Noise, joke, hype, or vague reply",0,0,0,0,noise,20,{},noise.repeated:-16; noise.vague-short:-12
msg_00890,Club Soccer,Sports team,Jake,2026-04-19T12:28:00.000Z,,practice moved indoors tonight,important,announcement,practice_change,Generated important Sports team message,52,52,8,60,announcement,81,"{""👀"":1}",announcement.change:30; time.relative:8; announcement.date-context:14
msg_00891,Club Soccer,Sports team,Riley,2026-04-19T12:32:00.000Z,,lmao,noise,noise,noise,"Noise, joke, hype, or vague reply",0,0,0,0,noise,20,{},noise.one-word:-18; noise.laughter:-35; noise.vague-short:-12
msg_00892,Club Soccer,Sports team,Drew,2026-04-19T12:34:00.000Z,,🔥🔥🔥,noise,noise,noise,"Noise, joke, hype, or vague reply",0,0,0,0,noise,20,{},noise.one-word:-18; noise.emoji-only:-35; noise.vague-short:-12
msg_00893,Club Soccer,Sports team,Sophia,2026-04-19T12:37:00.000Z,,need drivers for away game Saturday,important,logistics,ride_request,Generated important Sports team message,91,91,8,99,event,100,"{""👀"":1}",request.concrete-need:28; logistics.transport:20; event.social-anchor:12; time.weekday:7; event.concrete-time:16; structure.concrete-details:8
msg_00894,Club Soccer,Sports team,Logan,2026-04-19T12:39:00.000Z,,"game starts at 6, be there by 5:30",important,event,game_time,Generated important Sports team message,76,76,8,84,event,100,"{""👀"":1}",event.social-anchor:12; event.starts-time:28; time.explicit:12; event.concrete-time:16; structure.concrete-details:8
msg_00895,Club Soccer,Sports team,Drew,2026-04-19T12:44:00.000Z,,that was crazy,noise,noise,noise,"Noise, joke, hype, or vague reply",0,0,0,0,noise,20,{},noise.hype-only:-24; noise.vague-short:-12
msg_00896,Club Soccer,Sports team,Bella,2026-04-19T12:45:00.000Z,,bring both jerseys tmr,important,logistics,equipment,Generated important Sports team message,0,0,8,8,noise,24,"{""✅"":1}",
msg_00897,Club Soccer,Sports team,Maya,2026-04-19T12:48:00.000Z,,who has the speaker?,maybe,question,item_question,Ambiguous message that may be useful in context,10,10,0,10,noise,25,"{""😂"":1}",question.intent:10
msg_00898,Club Soccer,Sports team,Nick,2026-04-19T12:51:00.000Z,,bring both jerseys tomorrow,important,logistics,equipment,Generated important Sports team message,8,8,0,8,noise,24,{},time.relative:8
msg_00899,Club Soccer,Sports team,Ethan,2026-04-19T12:56:00.000Z,,anyone able to grab snacks?,maybe,request,soft_request,Ambiguous message that may be useful in context,73,73,0,73,request,86,{},request.can-someone:24; logistics.supplies:25; question.intent:10; request.bring-supplies:14
msg_00900,Club Soccer,Sports team,Bella,2026-04-19T12:59:00.000Z,msg_00747,team dues due Friday,important,deadline,dues,Generated important Sports team message,75,75,20,95,deadline,97,"{""✅"":1,""👀"":1}",deadline.explicit:32; deadline.payment:18; time.weekday:7; deadline.date-context:18
msg_00901,Basement Set Team,DJ/promoter group,Sam,2026-04-19T13:01:00.000Z,,does anyone have tickets left?,maybe,request,ticket_availability,Ambiguous message that may be useful in context,46,46,0,46,request,69,"{""😂"":1}",deadline.payment:18; request.ticket-availability:18; question.intent:10
msg_00902,Basement Set Team,DJ/promoter group,Jordan,2026-04-19T13:04:00.000Z,,go go go go,noise,noise,noise,"Noise, joke, hype, or vague reply",0,0,6,6,noise,23,"{""😂"":4,""🔥"":2}",noise.repeated:-16; noise.vague-short:-12
msg_00903,Basement Set Team,DJ/promoter group,Cam,2026-04-19T13:06:00.000Z,,tickets close tonight,important,deadline,ticket_deadline,Generated important DJ/promoter group message,76,76,0,76,deadline,97,{},deadline.explicit:32; deadline.payment:18; time.relative:8; deadline.date-context:18
msg_00904,Basement Set Team,DJ/promoter group,Sam,2026-04-19T13:09:00.000Z,,"soundcheck at 5, doors at 8",important,event,set_time,Generated important DJ/promoter group message,40,40,0,40,event,59,{},event.starts-time:28; time.explicit:12
msg_00905,Basement Set Team,DJ/promoter group,Jake,2026-04-19T13:13:00.000Z,,why is bro like this?,noise,noise,noise,"Noise, joke, hype, or vague reply",10,10,0,10,noise,25,{},question.intent:10
msg_00906,Basement Set Team,DJ/promoter group,Maya,2026-04-19T13:16:00.000Z,,pregame at the house?,maybe,question,event_question,Ambiguous message that may be useful in context,30,30,16,46,question,64,"{""❓"":1,""👀"":1}",event.social-anchor:12; question.intent:10; question.event-context:8
msg_00907,Basement Set Team,DJ/promoter group,Mia,2026-04-19T13:20:00.000Z,,need someone to bring the controller,important,request,gear,Generated important DJ/promoter group message,10,10,8,18,noise,29,"{""👀"":1,""📌"":1}",request.help-needed:10
msg_00908,Basement Set Team,DJ/promoter group,Riley,2026-04-19T13:22:00.000Z,,does anyone have tickets left?,maybe,request,ticket_availability,Ambiguous message that may be useful in context,46,46,8,54,request,69,"{""❓"":1}",deadline.payment:18; request.ticket-availability:18; question.intent:10
msg_00909,Basement Set Team,DJ/promoter group,Jake,2026-04-19T13:24:00.000Z,,yo,noise,noise,noise,"Noise, joke, hype, or vague reply",0,0,3,3,noise,22,"{""💀"":2,""🔥"":1}",noise.one-word:-18; noise.casual-reply:-28; noise.vague-short:-12
msg_00910,Basement Set Team,DJ/promoter group,Nick,2026-04-19T13:27:00.000Z,,set time moved to 11:30,important,announcement,time_change,Generated important DJ/promoter group message,30,30,12,42,announcement,48,"{""✅"":1}",announcement.change:30
msg_00911,Basement Set Team,DJ/promoter group,Jake,2026-04-19T13:30:00.000Z,,fire,noise,noise,noise,"Noise, joke, hype, or vague reply",0,0,0,0,noise,20,"{""😂"":1}",noise.one-word:-18; noise.casual-reply:-28; noise.vague-short:-12
msg_00912,Basement Set Team,DJ/promoter group,Noah,2026-04-19T13:35:00.000Z,,set time moved to 11:30,important,announcement,time_change,Generated important DJ/promoter group message,30,30,8,38,announcement,48,"{""👀"":1}",announcement.change:30
msg_00913,Basement Set Team,DJ/promoter group,Olivia,2026-04-19T13:36:00.000Z,msg_00902,I can drive after 10,maybe,logistics,availability,Ambiguous message that may be useful in context,42,42,0,42,logistics,60,"{""😂"":1}",logistics.transport:20; commitment.availability:22
msg_00914,Basement Set Team,DJ/promoter group,Ethan,2026-04-19T13:40:00.000Z,,pregame at the house?,maybe,question,event_question,Ambiguous message that may be useful in context,30,30,0,30,question,64,{},event.social-anchor:12; question.intent:10; question.event-context:8
msg_00915,Basement Set Team,DJ/promoter group,Maya,2026-04-19T13:43:00.000Z,,????????,noise,noise,noise,"Noise, joke, hype, or vague reply",0,0,0,0,noise,20,{},question.intent:10; noise.one-word:-18; noise.repeated:-16; noise.vague-short:-12
msg_00916,Basement Set Team,DJ/promoter group,Jake,2026-04-19T13:46:00.000Z,,that was crazy,noise,noise,noise,"Noise, joke, hype, or vague reply",0,0,8,8,noise,24,"{""😂"":3,""💀"":2,""🔥"":3}",noise.hype-only:-24; noise.vague-short:-12
msg_00917,Basement Set Team,DJ/promoter group,Olivia,2026-04-19T13:50:00.000Z,,does anyone have tickets left?,maybe,request,ticket_availability,Ambiguous message that may be useful in context,46,46,8,54,request,69,"{""❓"":1}",deadline.payment:18; request.ticket-availability:18; question.intent:10
msg_00918,Basement Set Team,DJ/promoter group,Grace,2026-04-19T13:53:00.000Z,,you had to be there,noise,noise,noise,"Noise, joke, hype, or vague reply",0,0,0,0,noise,20,{},noise.hype-only:-24
msg_00919,Basement Set Team,DJ/promoter group,Jordan,2026-04-19T13:55:00.000Z,,where are we meeting?,maybe,plan,meeting_question,Ambiguous message that may be useful in context,50,50,8,58,plan,79,"{""❓"":1}",event.social-anchor:12; plan.leaving-meeting:20; question.intent:10; question.event-context:8
msg_00920,Basement Set Team,DJ/promoter group,Logan,2026-04-19T13:58:00.000Z,,skull,noise,noise,noise,"Noise, joke, hype, or vague reply",0,0,0,0,noise,20,{},noise.one-word:-18; noise.casual-reply:-28; noise.vague-short:-12
msg_00921,Basement Set Team,DJ/promoter group,Mia,2026-04-19T14:01:00.000Z,,need someone to bring the controller,important,request,gear,Generated important DJ/promoter group message,10,10,0,10,noise,25,{},request.help-needed:10
msg_00922,Basement Set Team,DJ/promoter group,Grace,2026-04-19T14:05:00.000Z,,promo post has to be up by noon,important,deadline,promo_deadline,Generated important DJ/promoter group message,12,12,8,20,noise,30,"{""👀"":1}",time.explicit:12
msg_00923,Basement Set Team,DJ/promoter group,Jake,2026-04-19T14:07:00.000Z,,Friday was insane,noise,noise,noise,"Noise, joke, hype, or vague reply",7,7,0,7,noise,24,{},time.weekday:7
msg_00924,Basement Set Team,DJ/promoter group,Olivia,2026-04-19T14:11:00.000Z,,promo post has to be up by noon,important,deadline,promo_deadline,Generated important DJ/promoter group message,12,12,8,20,noise,30,"{""👀"":1}",time.explicit:12
msg_00925,Basement Set Team,DJ/promoter group,Maya,2026-04-19T14:12:00.000Z,,formal apology incoming,noise,noise,noise,"Noise, joke, hype, or vague reply",12,12,0,12,noise,26,{},event.social-anchor:12
msg_00926,Basement Set Team,DJ/promoter group,Sam,2026-04-19T14:17:00.000Z,,party animal,noise,noise,noise,"Noise, joke, hype, or vague reply",0,0,0,0,noise,20,"{""💀"":1}",event.social-anchor:12; noise.vague-short:-12
msg_00927,Basement Set Team,DJ/promoter group,Riley,2026-04-19T14:20:00.000Z,,bro said formal like he owns the place,noise,noise,noise,"Noise, joke, hype, or vague reply",12,12,8,20,noise,30,"{""🔥"":4,""💀"":2,""😂"":1}",event.social-anchor:12
msg_00928,Basement Set Team,DJ/promoter group,Marcus,2026-04-19T14:22:00.000Z,,promo post has to be up by noon,important,deadline,promo_deadline,Generated important DJ/promoter group message,12,12,0,12,noise,26,{},time.explicit:12
msg_00929,Basement Set Team,DJ/promoter group,Sam,2026-04-19T14:25:00.000Z,,"soundcheck at 5, doors at 8",important,event,set_time,Generated important DJ/promoter group message,40,40,0,40,event,59,{},event.starts-time:28; time.explicit:12
msg_00930,Basement Set Team,DJ/promoter group,Nick,2026-04-19T14:28:00.000Z,,bro said formal like he owns the place,noise,noise,noise,"Noise, joke, hype, or vague reply",12,12,0,12,noise,26,{},event.social-anchor:12
msg_00931,Basement Set Team,DJ/promoter group,Logan,2026-04-19T14:31:00.000Z,,skull,noise,noise,noise,"Noise, joke, hype, or vague reply",0,0,0,0,noise,20,{},noise.one-word:-18; noise.casual-reply:-28; noise.vague-short:-12
msg_00932,Basement Set Team,DJ/promoter group,Maya,2026-04-19T14:35:00.000Z,,where are we meeting?,maybe,plan,meeting_question,Ambiguous message that may be useful in context,50,50,0,50,plan,79,{},event.social-anchor:12; plan.leaving-meeting:20; question.intent:10; question.event-context:8
msg_00933,Basement Set Team,DJ/promoter group,Logan,2026-04-19T14:37:00.000Z,,🔥🔥🔥,noise,noise,noise,"Noise, joke, hype, or vague reply",0,0,0,0,noise,20,{},noise.one-word:-18; noise.emoji-only:-35; noise.vague-short:-12
msg_00934,Basement Set Team,DJ/promoter group,Logan,2026-04-19T14:40:00.000Z,,real,noise,noise,noise,"Noise, joke, hype, or vague reply",0,0,0,0,noise,20,{},noise.one-word:-18; noise.casual-reply:-28; noise.vague-short:-12
msg_00935,Basement Set Team,DJ/promoter group,Sam,2026-04-19T14:44:00.000Z,,who all is going Friday?,maybe,plan,attendance_question,Ambiguous message that may be useful in context,37,37,8,45,plan,66,"{""❓"":1}",plan.whos-going:20; time.weekday:7; question.intent:10
msg_00936,Basement Set Team,DJ/promoter group,Grace,2026-04-19T14:46:00.000Z,,who up,noise,noise,noise,"Noise, joke, hype, or vague reply",0,0,0,0,noise,20,{},noise.hype-only:-24; noise.casual-question:-14; noise.vague-short:-12
msg_00937,Basement Set Team,DJ/promoter group,Mia,2026-04-19T14:48:00.000Z,,are we still doing the same place?,maybe,question,context_needed,Ambiguous message that may be useful in context,10,10,8,18,noise,29,"{""❓"":1,""✅"":1}",question.intent:10
msg_00938,Basement Set Team,DJ/promoter group,Logan,2026-04-19T14:51:00.000Z,msg_00927,promo post has to be up by noon,important,deadline,promo_deadline,Generated important DJ/promoter group message,12,12,0,12,noise,26,{},time.explicit:12
msg_00939,Basement Set Team,DJ/promoter group,Logan,2026-04-19T14:54:00.000Z,,fire,noise,noise,noise,"Noise, joke, hype, or vague reply",0,0,0,0,noise,20,{},noise.one-word:-18; noise.casual-reply:-28; noise.vague-short:-12
msg_00940,Basement Set Team,DJ/promoter group,Olivia,2026-04-19T14:59:00.000Z,,bring drinks if you have any,maybe,logistics,soft_supplies,Ambiguous message that may be useful in context,25,25,0,25,logistics,46,{},logistics.supplies:25
msg_00941,Basement Set Team,DJ/promoter group,Nick,2026-04-19T15:01:00.000Z,,bring drinks if you have any,maybe,logistics,soft_supplies,Ambiguous message that may be useful in context,25,25,8,33,logistics,46,"{""👀"":1}",logistics.supplies:25
msg_00942,Basement Set Team,DJ/promoter group,Nick,2026-04-19T15:04:00.000Z,,where are we meeting?,maybe,plan,meeting_question,Ambiguous message that may be useful in context,50,50,8,58,plan,79,"{""❓"":1}",event.social-anchor:12; plan.leaving-meeting:20; question.intent:10; question.event-context:8
msg_00943,Basement Set Team,DJ/promoter group,Sam,2026-04-19T15:06:00.000Z,,absolute cinema,noise,noise,noise,"Noise, joke, hype, or vague reply",0,0,0,0,noise,20,{},noise.hype-only:-24; noise.vague-short:-12
msg_00944,Basement Set Team,DJ/promoter group,Logan,2026-04-19T15:09:00.000Z,msg_00941,🔥🔥🔥,noise,noise,noise,"Noise, joke, hype, or vague reply",0,0,0,0,noise,20,{},noise.one-word:-18; noise.emoji-only:-35; noise.vague-short:-12
msg_00945,Basement Set Team,DJ/promoter group,Bella,2026-04-19T15:13:00.000Z,,what time are y'all leaving?,maybe,plan,departure_question,Ambiguous message that may be useful in context,30,30,0,30,plan,56,{},plan.leaving-meeting:20; question.intent:10
msg_00946,Basement Set Team,DJ/promoter group,Logan,2026-04-19T15:16:00.000Z,,are we still doing the same place?,maybe,question,context_needed,Ambiguous message that may be useful in context,10,10,0,10,noise,25,{},question.intent:10
msg_00947,Basement Set Team,DJ/promoter group,Sam,2026-04-19T15:20:00.000Z,,yo,noise,noise,noise,"Noise, joke, hype, or vague reply",0,0,0,0,noise,20,"{""💀"":1}",noise.one-word:-18; noise.casual-reply:-28; noise.vague-short:-12
msg_00948,Basement Set Team,DJ/promoter group,Jordan,2026-04-19T15:22:00.000Z,msg_00915,"soundcheck at 5, doors at 8",important,event,set_time,Generated important DJ/promoter group message,40,40,18,58,event,59,"{""✅"":1,""👀"":1}",event.starts-time:28; time.explicit:12
msg_00949,Basement Set Team,DJ/promoter group,Jordan,2026-04-19T15:24:00.000Z,,😭😭😭,noise,noise,noise,"Noise, joke, hype, or vague reply",0,0,0,0,noise,20,{},noise.one-word:-18; noise.emoji-only:-35; noise.vague-short:-12
msg_00950,Basement Set Team,DJ/promoter group,Jake,2026-04-19T15:28:00.000Z,,Friday was insane,noise,noise,noise,"Noise, joke, hype, or vague reply",7,7,0,7,noise,24,{},time.weekday:7
msg_00951,Basement Set Team,DJ/promoter group,Jordan,2026-04-19T15:31:00.000Z,,I could drive tomorrow,maybe,logistics,availability,Ambiguous message that may be useful in context,50,50,8,58,logistics,71,"{""👀"":1}",logistics.transport:20; commitment.availability:22; time.relative:8
msg_00952,Basement Set Team,DJ/promoter group,Noah,2026-04-19T15:35:00.000Z,,need someone to bring the controller,important,request,gear,Generated important DJ/promoter group message,10,10,8,18,noise,29,"{""✅"":1}",request.help-needed:10
msg_00953,Basement Set Team,DJ/promoter group,Maya,2026-04-19T15:37:00.000Z,msg_00922,why is bro like this?,noise,noise,noise,"Noise, joke, hype, or vague reply",10,10,6,16,noise,28,"{""🔥"":2}",question.intent:10
msg_00954,Basement Set Team,DJ/promoter group,Logan,2026-04-19T15:40:00.000Z,,who up,noise,noise,noise,"Noise, joke, hype, or vague reply",0,0,0,0,noise,20,{},noise.hype-only:-24; noise.casual-question:-14; noise.vague-short:-12
msg_00955,Basement Set Team,DJ/promoter group,Noah,2026-04-19T15:43:00.000Z,,fire,noise,noise,noise,"Noise, joke, hype, or vague reply",0,0,8,8,noise,24,"{""🔥"":3}",noise.one-word:-18; noise.casual-reply:-28; noise.vague-short:-12
msg_00956,Basement Set Team,DJ/promoter group,Grace,2026-04-19T15:47:00.000Z,,"soundcheck at 5, doors at 8",important,event,set_time,Generated important DJ/promoter group message,40,40,12,52,event,59,"{""✅"":1}",event.starts-time:28; time.explicit:12
msg_00957,Basement Set Team,DJ/promoter group,Mia,2026-04-19T15:48:00.000Z,msg_00949,who all is going Friday?,maybe,plan,attendance_question,Ambiguous message that may be useful in context,37,37,12,49,plan,66,"{""✅"":1}",plan.whos-going:20; time.weekday:7; question.intent:10
msg_00958,Basement Set Team,DJ/promoter group,Noah,2026-04-19T15:52:00.000Z,,yo,noise,noise,noise,"Noise, joke, hype, or vague reply",0,0,0,0,noise,20,{},noise.one-word:-18; noise.casual-reply:-28; noise.vague-short:-12
msg_00959,Basement Set Team,DJ/promoter group,Nick,2026-04-19T15:56:00.000Z,,lol,noise,noise,noise,"Noise, joke, hype, or vague reply",0,0,0,0,noise,20,"{""😂"":1,""💀"":1}",noise.one-word:-18; noise.laughter:-35; noise.vague-short:-12
msg_00960,Basement Set Team,DJ/promoter group,Nick,2026-04-19T15:58:00.000Z,,fire,noise,noise,noise,"Noise, joke, hype, or vague reply",0,0,6,6,noise,23,"{""😂"":2,""🔥"":2}",noise.one-word:-18; noise.casual-reply:-28; noise.vague-short:-12
msg_00961,Basement Set Team,DJ/promoter group,Jordan,2026-04-19T16:01:00.000Z,,lmao,noise,noise,noise,"Noise, joke, hype, or vague reply",0,0,0,0,noise,20,{},noise.one-word:-18; noise.laughter:-35; noise.vague-short:-12
msg_00962,Basement Set Team,DJ/promoter group,Olivia,2026-04-19T16:04:00.000Z,,promo post has to be up by noon,important,deadline,promo_deadline,Generated important DJ/promoter group message,12,12,8,20,noise,30,"{""👀"":1}",time.explicit:12
msg_00963,Basement Set Team,DJ/promoter group,Marcus,2026-04-19T16:08:00.000Z,,I can bring cups,maybe,logistics,supply_commitment,Ambiguous message that may be useful in context,35,35,8,43,logistics,58,"{""❓"":1}",logistics.supplies:25; commitment.availability:22; noise.vague-short:-12
msg_00964,Basement Set Team,DJ/promoter group,Riley,2026-04-19T16:10:00.000Z,,set time moved to 11:30,important,announcement,time_change,Generated important DJ/promoter group message,30,30,18,48,announcement,48,"{""✅"":1,""👀"":1}",announcement.change:30
msg_00965,Basement Set Team,DJ/promoter group,Sam,2026-04-19T16:13:00.000Z,,"soundcheck at 5, doors at 8",important,event,set_time,Generated important DJ/promoter group message,40,40,0,40,event,59,{},event.starts-time:28; time.explicit:12
msg_00966,Basement Set Team,DJ/promoter group,Bella,2026-04-19T16:17:00.000Z,,are we still doing the same place?,maybe,question,context_needed,Ambiguous message that may be useful in context,10,10,0,10,noise,25,{},question.intent:10
msg_00967,Basement Set Team,DJ/promoter group,Maya,2026-04-19T16:19:00.000Z,,why is bro like this?,noise,noise,noise,"Noise, joke, hype, or vague reply",10,10,0,10,noise,25,{},question.intent:10
msg_00968,Basement Set Team,DJ/promoter group,Logan,2026-04-19T16:23:00.000Z,,promo post has to be up by noon,important,deadline,promo_deadline,Generated important DJ/promoter group message,12,12,8,20,noise,30,"{""👀"":1}",time.explicit:12
msg_00969,Basement Set Team,DJ/promoter group,Sam,2026-04-19T16:25:00.000Z,,where are we meeting?,maybe,plan,meeting_question,Ambiguous message that may be useful in context,50,50,8,58,plan,79,"{""👀"":1}",event.social-anchor:12; plan.leaving-meeting:20; question.intent:10; question.event-context:8
msg_00970,Basement Set Team,DJ/promoter group,Bella,2026-04-19T16:27:00.000Z,msg_00913,tickets close tonight,important,deadline,ticket_deadline,Generated important DJ/promoter group message,76,76,8,84,deadline,97,"{""👀"":1}",deadline.explicit:32; deadline.payment:18; time.relative:8; deadline.date-context:18
msg_00971,Basement Set Team,DJ/promoter group,Jake,2026-04-19T16:32:00.000Z,,tickets close tonight,important,deadline,ticket_deadline,Generated important DJ/promoter group message,76,76,12,88,deadline,97,"{""✅"":1}",deadline.explicit:32; deadline.payment:18; time.relative:8; deadline.date-context:18
msg_00972,Basement Set Team,DJ/promoter group,Olivia,2026-04-19T16:34:00.000Z,,tickets close tonight,important,deadline,ticket_deadline,Generated important DJ/promoter group message,76,76,12,88,deadline,97,"{""✅"":1}",deadline.explicit:32; deadline.payment:18; time.relative:8; deadline.date-context:18
msg_00973,Basement Set Team,DJ/promoter group,Olivia,2026-04-19T16:37:00.000Z,msg_00927,does anyone have tickets left?,maybe,request,ticket_availability,Ambiguous message that may be useful in context,46,46,0,46,request,69,{},deadline.payment:18; request.ticket-availability:18; question.intent:10
msg_00974,Basement Set Team,DJ/promoter group,Maya,2026-04-19T16:39:00.000Z,,need someone to bring the controller,important,request,gear,Generated important DJ/promoter group message,10,10,8,18,noise,29,"{""✅"":1,""👀"":1,""❓"":1}",request.help-needed:10
msg_00975,Basement Set Team,DJ/promoter group,Cam,2026-04-19T16:43:00.000Z,msg_00939,"soundcheck at 5, doors at 8",important,event,set_time,Generated important DJ/promoter group message,40,40,18,58,event,59,"{""📌"":1}",event.starts-time:28; time.explicit:12
msg_00976,Basement Set Team,DJ/promoter group,Bella,2026-04-19T16:46:00.000Z,,anyone going out tonight?,maybe,plan,loose_plan,Ambiguous message that may be useful in context,38,38,8,46,plan,67,"{""❓"":1}",plan.whos-going:20; time.relative:8; question.intent:10
msg_00977,Basement Set Team,DJ/promoter group,Ethan,2026-04-19T16:49:00.000Z,,promo post has to be up by noon,important,deadline,promo_deadline,Generated important DJ/promoter group message,12,12,8,20,noise,30,"{""👀"":1}",time.explicit:12
msg_00978,Basement Set Team,DJ/promoter group,Mia,2026-04-19T16:51:00.000Z,,bro said formal like he owns the place,noise,noise,noise,"Noise, joke, hype, or vague reply",12,12,0,12,noise,26,{},event.social-anchor:12
msg_00979,Basement Set Team,DJ/promoter group,Olivia,2026-04-19T16:55:00.000Z,,what time is tailgate again,maybe,question,event_question,Ambiguous message that may be useful in context,30,30,0,30,question,64,{},event.social-anchor:12; question.intent:10; question.event-context:8
msg_00980,Basement Set Team,DJ/promoter group,Mia,2026-04-19T16:58:00.000Z,,anyone able to grab snacks?,maybe,request,soft_request,Ambiguous message that may be useful in context,73,73,0,73,request,86,{},request.can-someone:24; logistics.supplies:25; question.intent:10; request.bring-supplies:14
msg_00981,Basement Set Team,DJ/promoter group,Cam,2026-04-19T17:02:00.000Z,,need someone to bring the controller,important,request,gear,Generated important DJ/promoter group message,10,10,8,18,noise,29,"{""✅"":1}",request.help-needed:10
msg_00982,Basement Set Team,DJ/promoter group,Marcus,2026-04-19T17:04:00.000Z,,lmao,noise,noise,noise,"Noise, joke, hype, or vague reply",0,0,0,0,noise,20,{},noise.one-word:-18; noise.laughter:-35; noise.vague-short:-12
msg_00983,Basement Set Team,DJ/promoter group,Mia,2026-04-19T17:07:00.000Z,,need someone to bring the controller,important,request,gear,Generated important DJ/promoter group message,10,10,8,18,noise,29,"{""✅"":1}",request.help-needed:10
msg_00984,Basement Set Team,DJ/promoter group,Maya,2026-04-19T17:09:00.000Z,,bro,noise,noise,noise,"Noise, joke, hype, or vague reply",0,0,0,0,noise,20,{},noise.one-word:-18; noise.casual-reply:-28; noise.vague-short:-12
msg_00985,Basement Set Team,DJ/promoter group,Nick,2026-04-19T17:13:00.000Z,,fire fit,noise,noise,noise,"Noise, joke, hype, or vague reply",0,0,0,0,noise,20,{},noise.vague-short:-12
msg_00986,Basement Set Team,DJ/promoter group,Riley,2026-04-19T17:17:00.000Z,,I could drive tomorrow,maybe,logistics,availability,Ambiguous message that may be useful in context,50,50,8,58,logistics,71,"{""👀"":1}",logistics.transport:20; commitment.availability:22; time.relative:8
msg_00987,Basement Set Team,DJ/promoter group,Logan,2026-04-19T17:20:00.000Z,,where we at,noise,noise,noise,"Noise, joke, hype, or vague reply",0,0,0,0,noise,20,{},question.intent:10; noise.vague-short:-12
msg_00988,Basement Set Team,DJ/promoter group,Cam,2026-04-19T17:22:00.000Z,,I could drive tomorrow,maybe,logistics,availability,Ambiguous message that may be useful in context,50,50,0,50,logistics,71,"{""😂"":1}",logistics.transport:20; commitment.availability:22; time.relative:8
msg_00989,Basement Set Team,DJ/promoter group,Jordan,2026-04-19T17:26:00.000Z,,tickets close tonight,important,deadline,ticket_deadline,Generated important DJ/promoter group message,76,76,0,76,deadline,97,{},deadline.explicit:32; deadline.payment:18; time.relative:8; deadline.date-context:18
msg_00990,Basement Set Team,DJ/promoter group,Nick,2026-04-19T17:29:00.000Z,,????????,noise,noise,noise,"Noise, joke, hype, or vague reply",0,0,0,0,noise,20,{},question.intent:10; noise.one-word:-18; noise.repeated:-16; noise.vague-short:-12
msg_00991,Basement Set Team,DJ/promoter group,Grace,2026-04-19T17:32:00.000Z,,you had to be there,noise,noise,noise,"Noise, joke, hype, or vague reply",0,0,0,0,noise,20,"{""😂"":1}",noise.hype-only:-24
msg_00992,Basement Set Team,DJ/promoter group,Bella,2026-04-19T17:35:00.000Z,,tickets close tonight,important,deadline,ticket_deadline,Generated important DJ/promoter group message,76,76,12,88,deadline,97,"{""✅"":1}",deadline.explicit:32; deadline.payment:18; time.relative:8; deadline.date-context:18
msg_00993,Basement Set Team,DJ/promoter group,Logan,2026-04-19T17:36:00.000Z,,are we still doing the same place?,maybe,question,context_needed,Ambiguous message that may be useful in context,10,10,0,10,noise,25,{},question.intent:10
msg_00994,Basement Set Team,DJ/promoter group,Nick,2026-04-19T17:41:00.000Z,,who all is going Friday?,maybe,plan,attendance_question,Ambiguous message that may be useful in context,37,37,0,37,plan,66,{},plan.whos-going:20; time.weekday:7; question.intent:10
msg_00995,Basement Set Team,DJ/promoter group,Olivia,2026-04-19T17:44:00.000Z,,formal apology incoming,noise,noise,noise,"Noise, joke, hype, or vague reply",12,12,0,12,noise,26,{},event.social-anchor:12
msg_00996,Basement Set Team,DJ/promoter group,Mia,2026-04-19T17:46:00.000Z,,does anyone have tickets left?,maybe,request,ticket_availability,Ambiguous message that may be useful in context,46,46,0,46,request,69,{},deadline.payment:18; request.ticket-availability:18; question.intent:10
msg_00997,Basement Set Team,DJ/promoter group,Bella,2026-04-19T17:49:00.000Z,,fire fit,noise,noise,noise,"Noise, joke, hype, or vague reply",0,0,0,0,noise,20,{},noise.vague-short:-12
msg_00998,Basement Set Team,DJ/promoter group,Jake,2026-04-19T17:52:00.000Z,,go go go go,noise,noise,noise,"Noise, joke, hype, or vague reply",0,0,8,8,noise,24,"{""🔥"":3}",noise.repeated:-16; noise.vague-short:-12
msg_00999,Basement Set Team,DJ/promoter group,Sam,2026-04-19T17:56:00.000Z,msg_00953,bro said formal like he owns the place,noise,noise,noise,"Noise, joke, hype, or vague reply",12,12,0,12,noise,26,{},event.social-anchor:12
msg_01000,Basement Set Team,DJ/promoter group,Cam,2026-04-19T17:59:00.000Z,,who has the speaker?,maybe,question,item_question,Ambiguous message that may be useful in context,10,10,8,18,noise,29,"{""❓"":1}",question.intent:10
msg_01001,Basement Set Team,DJ/promoter group,Noah,2026-04-19T18:01:00.000Z,,promo post has to be up by noon,important,deadline,promo_deadline,Generated important DJ/promoter group message,12,12,8,20,noise,30,"{""✅"":1}",time.explicit:12
msg_01002,Basement Set Team,DJ/promoter group,Jordan,2026-04-19T18:04:00.000Z,,????????,noise,noise,noise,"Noise, joke, hype, or vague reply",0,0,0,0,noise,20,{},question.intent:10; noise.one-word:-18; noise.repeated:-16; noise.vague-short:-12
msg_01003,Basement Set Team,DJ/promoter group,Bella,2026-04-19T18:06:00.000Z,,real,noise,noise,noise,"Noise, joke, hype, or vague reply",0,0,0,0,noise,20,{},noise.one-word:-18; noise.casual-reply:-28; noise.vague-short:-12
msg_01004,Basement Set Team,DJ/promoter group,Sam,2026-04-19T18:10:00.000Z,,"soundcheck at 5, doors at 8",important,event,set_time,Generated important DJ/promoter group message,40,40,8,48,event,59,"{""👀"":1}",event.starts-time:28; time.explicit:12
msg_01005,Basement Set Team,DJ/promoter group,Cam,2026-04-19T18:14:00.000Z,msg_00991,anyone able to grab snacks?,maybe,request,soft_request,Ambiguous message that may be useful in context,73,73,0,73,request,86,{},request.can-someone:24; logistics.supplies:25; question.intent:10; request.bring-supplies:14
msg_01006,Basement Set Team,DJ/promoter group,Noah,2026-04-19T18:15:00.000Z,,9 is crazy,noise,noise,noise,"Noise, joke, hype, or vague reply",0,0,0,0,noise,20,{},noise.vague-short:-12
msg_01007,Basement Set Team,DJ/promoter group,Olivia,2026-04-19T18:20:00.000Z,,need bro to retire,noise,noise,noise,"Noise, joke, hype, or vague reply",0,0,0,0,noise,20,{},
msg_01008,Basement Set Team,DJ/promoter group,Noah,2026-04-19T18:21:00.000Z,,????????,noise,noise,noise,"Noise, joke, hype, or vague reply",0,0,0,0,noise,20,{},question.intent:10; noise.one-word:-18; noise.repeated:-16; noise.vague-short:-12
msg_01009,Basement Set Team,DJ/promoter group,Marcus,2026-04-19T18:24:00.000Z,,"soundcheck at 5, doors at 8",important,event,set_time,Generated important DJ/promoter group message,40,40,18,58,event,59,"{""✅"":1,""👀"":1,""📌"":1}",event.starts-time:28; time.explicit:12
msg_01010,Basement Set Team,DJ/promoter group,Bella,2026-04-19T18:27:00.000Z,,fire fit,noise,noise,noise,"Noise, joke, hype, or vague reply",0,0,0,0,noise,20,{},noise.vague-short:-12
msg_01011,Basement Set Team,DJ/promoter group,Mia,2026-04-19T18:31:00.000Z,,promo post has to be up by noon,important,deadline,promo_deadline,Generated important DJ/promoter group message,12,12,8,20,noise,30,"{""👀"":1}",time.explicit:12
msg_01012,Basement Set Team,DJ/promoter group,Drew,2026-04-19T18:35:00.000Z,,9 is crazy,noise,noise,noise,"Noise, joke, hype, or vague reply",0,0,0,0,noise,20,{},noise.vague-short:-12
msg_01013,Basement Set Team,DJ/promoter group,Olivia,2026-04-19T18:37:00.000Z,,????????,noise,noise,noise,"Noise, joke, hype, or vague reply",0,0,0,0,noise,20,{},question.intent:10; noise.one-word:-18; noise.repeated:-16; noise.vague-short:-12
msg_01014,Basement Set Team,DJ/promoter group,Marcus,2026-04-19T18:39:00.000Z,msg_00993,absolute cinema,noise,noise,noise,"Noise, joke, hype, or vague reply",0,0,0,0,noise,20,{},noise.hype-only:-24; noise.vague-short:-12
msg_01015,Basement Set Team,DJ/promoter group,Grace,2026-04-19T18:44:00.000Z,,Friday was insane,noise,noise,noise,"Noise, joke, hype, or vague reply",7,7,0,7,noise,24,{},time.weekday:7
msg_01016,Basement Set Team,DJ/promoter group,Jordan,2026-04-19T18:47:00.000Z,,tickets close tonight,important,deadline,ticket_deadline,Generated important DJ/promoter group message,76,76,12,88,deadline,97,"{""✅"":1}",deadline.explicit:32; deadline.payment:18; time.relative:8; deadline.date-context:18
msg_01017,Basement Set Team,DJ/promoter group,Sam,2026-04-19T18:49:00.000Z,,set time moved to 11:30,important,announcement,time_change,Generated important DJ/promoter group message,30,30,0,30,announcement,48,{},announcement.change:30
msg_01018,Basement Set Team,DJ/promoter group,Olivia,2026-04-19T18:51:00.000Z,,set time moved to 11:30,important,announcement,time_change,Generated important DJ/promoter group message,30,30,12,42,announcement,48,"{""✅"":1}",announcement.change:30
msg_01019,Basement Set Team,DJ/promoter group,Riley,2026-04-19T18:55:00.000Z,,who all is going Friday?,maybe,plan,attendance_question,Ambiguous message that may be useful in context,37,37,0,37,plan,66,{},plan.whos-going:20; time.weekday:7; question.intent:10
msg_01020,Basement Set Team,DJ/promoter group,Bella,2026-04-19T18:59:00.000Z,,might go downtown later,maybe,noise,vague_plan,Ambiguous message that may be useful in context,12,12,0,12,noise,26,{},event.social-anchor:12
msg_01021,Basement Set Team,DJ/promoter group,Riley,2026-04-19T19:00:00.000Z,,need someone to bring the controller,important,request,gear,Generated important DJ/promoter group message,10,10,0,10,noise,25,{},request.help-needed:10
msg_01022,Basement Set Team,DJ/promoter group,Jordan,2026-04-19T19:05:00.000Z,,are we still doing the same place?,maybe,question,context_needed,Ambiguous message that may be useful in context,10,10,8,18,noise,29,"{""✅"":1}",question.intent:10
msg_01023,Basement Set Team,DJ/promoter group,Jordan,2026-04-19T19:07:00.000Z,,set time moved to 11:30,important,announcement,time_change,Generated important DJ/promoter group message,30,30,18,48,announcement,48,"{""📌"":1}",announcement.change:30
msg_01024,Basement Set Team,DJ/promoter group,Olivia,2026-04-19T19:11:00.000Z,,what time is tailgate again,maybe,question,event_question,Ambiguous message that may be useful in context,30,30,8,38,question,64,"{""❓"":1}",event.social-anchor:12; question.intent:10; question.event-context:8
msg_01025,Basement Set Team,DJ/promoter group,Olivia,2026-04-19T19:12:00.000Z,,what time is tailgate again,maybe,question,event_question,Ambiguous message that may be useful in context,30,30,0,30,question,64,{},event.social-anchor:12; question.intent:10; question.event-context:8
msg_01026,Basement Set Team,DJ/promoter group,Bella,2026-04-19T19:16:00.000Z,,nah,noise,noise,noise,"Noise, joke, hype, or vague reply",0,0,0,0,noise,20,{},noise.one-word:-18; noise.casual-reply:-28; noise.vague-short:-12
msg_01027,Basement Set Team,DJ/promoter group,Nick,2026-04-19T19:20:00.000Z,,does anyone have tickets left?,maybe,request,ticket_availability,Ambiguous message that may be useful in context,46,46,8,54,request,69,"{""❓"":1}",deadline.payment:18; request.ticket-availability:18; question.intent:10
msg_01028,Basement Set Team,DJ/promoter group,Sam,2026-04-19T19:23:00.000Z,,"soundcheck at 5, doors at 8",important,event,set_time,Generated important DJ/promoter group message,40,40,18,58,event,59,"{""📌"":1}",event.starts-time:28; time.explicit:12
msg_01029,Basement Set Team,DJ/promoter group,Sam,2026-04-19T19:26:00.000Z,,what time is tailgate again,maybe,question,event_question,Ambiguous message that may be useful in context,30,30,8,38,question,64,"{""👀"":1}",event.social-anchor:12; question.intent:10; question.event-context:8
msg_01030,Basement Set Team,DJ/promoter group,Ethan,2026-04-19T19:29:00.000Z,,"soundcheck at 5, doors at 8",important,event,set_time,Generated important DJ/promoter group message,40,40,0,40,event,59,{},event.starts-time:28; time.explicit:12
msg_01031,Basement Set Team,DJ/promoter group,Cam,2026-04-19T19:31:00.000Z,,lmao,noise,noise,noise,"Noise, joke, hype, or vague reply",0,0,0,0,noise,20,{},noise.one-word:-18; noise.laughter:-35; noise.vague-short:-12
msg_01032,Basement Set Team,DJ/promoter group,Marcus,2026-04-19T19:34:00.000Z,,🔥🔥🔥,noise,noise,noise,"Noise, joke, hype, or vague reply",0,0,6,6,noise,23,"{""🔥"":2,""💀"":3,""😂"":2}",noise.one-word:-18; noise.emoji-only:-35; noise.vague-short:-12
msg_01033,Basement Set Team,DJ/promoter group,Jake,2026-04-19T19:37:00.000Z,,I can bring cups,maybe,logistics,supply_commitment,Ambiguous message that may be useful in context,35,35,0,35,logistics,58,{},logistics.supplies:25; commitment.availability:22; noise.vague-short:-12
msg_01034,Basement Set Team,DJ/promoter group,Maya,2026-04-19T19:41:00.000Z,,I could drive tomorrow,maybe,logistics,availability,Ambiguous message that may be useful in context,50,50,0,50,logistics,71,{},logistics.transport:20; commitment.availability:22; time.relative:8
msg_01035,Basement Set Team,DJ/promoter group,Olivia,2026-04-19T19:43:00.000Z,msg_00975,what time is tailgate again,maybe,question,event_question,Ambiguous message that may be useful in context,30,30,8,38,question,64,"{""❓"":1,""😂"":1}",event.social-anchor:12; question.intent:10; question.event-context:8
msg_01036,Basement Set Team,DJ/promoter group,Bella,2026-04-19T19:45:00.000Z,,promo post has to be up by noon,important,deadline,promo_deadline,Generated important DJ/promoter group message,12,12,8,20,noise,30,"{""📌"":1}",time.explicit:12
msg_01037,Basement Set Team,DJ/promoter group,Logan,2026-04-19T19:50:00.000Z,,I could drive tomorrow,maybe,logistics,availability,Ambiguous message that may be useful in context,50,50,0,50,logistics,71,{},logistics.transport:20; commitment.availability:22; time.relative:8
msg_01038,Basement Set Team,DJ/promoter group,Jordan,2026-04-19T19:52:00.000Z,,party animal,noise,noise,noise,"Noise, joke, hype, or vague reply",0,0,0,0,noise,20,{},event.social-anchor:12; noise.vague-short:-12
msg_01039,Basement Set Team,DJ/promoter group,Grace,2026-04-19T19:54:00.000Z,,can someone tell Tyler to chill,noise,noise,noise,"Noise, joke, hype, or vague reply",10,10,3,13,noise,27,"{""🔥"":1}",question.intent:10
msg_01040,Basement Set Team,DJ/promoter group,Mia,2026-04-19T19:57:00.000Z,,anyone able to grab snacks?,maybe,request,soft_request,Ambiguous message that may be useful in context,73,73,20,93,request,86,"{""👀"":1,""✅"":1}",request.can-someone:24; logistics.supplies:25; question.intent:10; request.bring-supplies:14
msg_01041,Basement Set Team,DJ/promoter group,Jake,2026-04-19T20:02:00.000Z,,bring drinks if you have any,maybe,logistics,soft_supplies,Ambiguous message that may be useful in context,25,25,8,33,logistics,46,"{""❓"":1,""😂"":1}",logistics.supplies:25
msg_01042,Basement Set Team,DJ/promoter group,Jake,2026-04-19T20:05:00.000Z,,are we still doing the same place?,maybe,question,context_needed,Ambiguous message that may be useful in context,10,10,8,18,noise,29,"{""❓"":1}",question.intent:10
msg_01043,Basement Set Team,DJ/promoter group,Nick,2026-04-19T20:06:00.000Z,msg_00940,promo post has to be up by noon,important,deadline,promo_deadline,Generated important DJ/promoter group message,12,12,8,20,noise,30,"{""✅"":1,""👀"":1}",time.explicit:12
msg_01044,Basement Set Team,DJ/promoter group,Cam,2026-04-19T20:10:00.000Z,msg_00974,"soundcheck at 5, doors at 8",important,event,set_time,Generated important DJ/promoter group message,40,40,18,58,event,59,"{""👀"":1,""📌"":1}",event.starts-time:28; time.explicit:12
msg_01045,Basement Set Team,DJ/promoter group,Noah,2026-04-19T20:14:00.000Z,,who all is going Friday?,maybe,plan,attendance_question,Ambiguous message that may be useful in context,37,37,18,55,plan,66,"{""👀"":1,""✅"":1}",plan.whos-going:20; time.weekday:7; question.intent:10
msg_01046,Basement Set Team,DJ/promoter group,Drew,2026-04-19T20:17:00.000Z,,who has the speaker?,maybe,question,item_question,Ambiguous message that may be useful in context,10,10,8,18,noise,29,"{""✅"":1}",question.intent:10
msg_01047,Basement Set Team,DJ/promoter group,Maya,2026-04-19T20:18:00.000Z,,where are we meeting?,maybe,plan,meeting_question,Ambiguous message that may be useful in context,50,50,0,50,plan,79,{},event.social-anchor:12; plan.leaving-meeting:20; question.intent:10; question.event-context:8
msg_01048,Basement Set Team,DJ/promoter group,Sam,2026-04-19T20:22:00.000Z,,why is bro like this?,noise,noise,noise,"Noise, joke, hype, or vague reply",10,10,0,10,noise,25,{},question.intent:10
msg_01049,Basement Set Team,DJ/promoter group,Drew,2026-04-19T20:24:00.000Z,,who has the speaker?,maybe,question,item_question,Ambiguous message that may be useful in context,10,10,0,10,noise,25,"{""😂"":1}",question.intent:10
msg_01050,Basement Set Team,DJ/promoter group,Olivia,2026-04-19T20:27:00.000Z,,"soundcheck at 5, doors at 8",important,event,set_time,Generated important DJ/promoter group message,40,40,0,40,event,59,{},event.starts-time:28; time.explicit:12
msg_01051,Basement Set Team,DJ/promoter group,Bella,2026-04-19T20:31:00.000Z,,"soundcheck at 5, doors at 8",important,event,set_time,Generated important DJ/promoter group message,40,40,12,52,event,59,"{""✅"":1}",event.starts-time:28; time.explicit:12
msg_01052,Basement Set Team,DJ/promoter group,Olivia,2026-04-19T20:33:00.000Z,,formal apology incoming,noise,noise,noise,"Noise, joke, hype, or vague reply",12,12,0,12,noise,26,{},event.social-anchor:12
msg_01053,Basement Set Team,DJ/promoter group,Cam,2026-04-19T20:36:00.000Z,,anyone going out tonight?,maybe,plan,loose_plan,Ambiguous message that may be useful in context,38,38,8,46,plan,67,"{""❓"":1}",plan.whos-going:20; time.relative:8; question.intent:10
msg_01054,Basement Set Team,DJ/promoter group,Logan,2026-04-19T20:41:00.000Z,,who up,noise,noise,noise,"Noise, joke, hype, or vague reply",0,0,8,8,noise,24,"{""🔥"":3,""😂"":1}",noise.hype-only:-24; noise.casual-question:-14; noise.vague-short:-12
msg_01055,Basement Set Team,DJ/promoter group,Logan,2026-04-19T20:44:00.000Z,,absolute cinema,noise,noise,noise,"Noise, joke, hype, or vague reply",0,0,0,0,noise,20,{},noise.hype-only:-24; noise.vague-short:-12
msg_01056,Basement Set Team,DJ/promoter group,Jordan,2026-04-19T20:46:00.000Z,,I can drive after 10,maybe,logistics,availability,Ambiguous message that may be useful in context,42,42,0,42,logistics,60,{},logistics.transport:20; commitment.availability:22
msg_01057,Basement Set Team,DJ/promoter group,Mia,2026-04-19T20:50:00.000Z,,he fell off,noise,noise,noise,"Noise, joke, hype, or vague reply",0,0,0,0,noise,20,{},noise.hype-only:-24; noise.vague-short:-12
msg_01058,Basement Set Team,DJ/promoter group,Sam,2026-04-19T20:52:00.000Z,,"soundcheck at 5, doors at 8",important,event,set_time,Generated important DJ/promoter group message,40,40,0,40,event,59,{},event.starts-time:28; time.explicit:12
msg_01059,Basement Set Team,DJ/promoter group,Marcus,2026-04-19T20:55:00.000Z,,promo post has to be up by noon,important,deadline,promo_deadline,Generated important DJ/promoter group message,12,12,8,20,noise,30,"{""👀"":1}",time.explicit:12
msg_01060,Basement Set Team,DJ/promoter group,Bella,2026-04-19T20:57:00.000Z,,"soundcheck at 5, doors at 8",important,event,set_time,Generated important DJ/promoter group message,40,40,8,48,event,59,"{""👀"":1}",event.starts-time:28; time.explicit:12
msg_01061,Basement Set Team,DJ/promoter group,Maya,2026-04-19T21:00:00.000Z,,set time moved to 11:30,important,announcement,time_change,Generated important DJ/promoter group message,30,30,12,42,announcement,48,"{""✅"":1}",announcement.change:30
msg_01062,Basement Set Team,DJ/promoter group,Olivia,2026-04-19T21:05:00.000Z,,need someone to bring the controller,important,request,gear,Generated important DJ/promoter group message,10,10,8,18,noise,29,"{""✅"":1,""📌"":1}",request.help-needed:10
msg_01063,Basement Set Team,DJ/promoter group,Bella,2026-04-19T21:07:00.000Z,,rush hour traffic sucks,noise,noise,noise,"Noise, joke, hype, or vague reply",12,12,0,12,noise,26,{},event.social-anchor:12
msg_01064,Basement Set Team,DJ/promoter group,Olivia,2026-04-19T21:11:00.000Z,,Friday was insane,noise,noise,noise,"Noise, joke, hype, or vague reply",7,7,0,7,noise,24,{},time.weekday:7
msg_01065,Basement Set Team,DJ/promoter group,Jordan,2026-04-19T21:14:00.000Z,,he fell off,noise,noise,noise,"Noise, joke, hype, or vague reply",0,0,0,0,noise,20,{},noise.hype-only:-24; noise.vague-short:-12
msg_01066,Basement Set Team,DJ/promoter group,Ethan,2026-04-19T21:17:00.000Z,,tickets close tonight,important,deadline,ticket_deadline,Generated important DJ/promoter group message,76,76,12,88,deadline,97,"{""✅"":1}",deadline.explicit:32; deadline.payment:18; time.relative:8; deadline.date-context:18
msg_01067,Basement Set Team,DJ/promoter group,Drew,2026-04-19T21:20:00.000Z,,need someone to bring the controller,important,request,gear,Generated important DJ/promoter group message,10,10,8,18,noise,29,"{""👀"":1,""❓"":1}",request.help-needed:10
msg_01068,Basement Set Team,DJ/promoter group,Drew,2026-04-19T21:21:00.000Z,,that was crazy,noise,noise,noise,"Noise, joke, hype, or vague reply",0,0,0,0,noise,20,{},noise.hype-only:-24; noise.vague-short:-12
msg_01069,Basement Set Team,DJ/promoter group,Marcus,2026-04-19T21:25:00.000Z,,anyone going out tonight?,maybe,plan,loose_plan,Ambiguous message that may be useful in context,38,38,0,38,plan,67,{},plan.whos-going:20; time.relative:8; question.intent:10
msg_01070,Basement Set Team,DJ/promoter group,Jake,2026-04-19T21:29:00.000Z,,"soundcheck at 5, doors at 8",important,event,set_time,Generated important DJ/promoter group message,40,40,12,52,event,59,"{""✅"":1}",event.starts-time:28; time.explicit:12
msg_01071,Basement Set Team,DJ/promoter group,Ethan,2026-04-19T21:32:00.000Z,,W,noise,noise,noise,"Noise, joke, hype, or vague reply",0,0,0,0,noise,20,{},noise.one-word:-18; noise.casual-reply:-28; noise.vague-short:-12
msg_01072,Basement Set Team,DJ/promoter group,Bella,2026-04-19T21:35:00.000Z,,what time are y'all leaving?,maybe,plan,departure_question,Ambiguous message that may be useful in context,30,30,8,38,plan,56,"{""👀"":1,""😂"":1}",plan.leaving-meeting:20; question.intent:10
msg_01073,Basement Set Team,DJ/promoter group,Jordan,2026-04-19T21:37:00.000Z,msg_01029,need someone to bring the controller,important,request,gear,Generated important DJ/promoter group message,10,10,0,10,noise,25,{},request.help-needed:10
msg_01074,Basement Set Team,DJ/promoter group,Cam,2026-04-19T21:41:00.000Z,,set time moved to 11:30,important,announcement,time_change,Generated important DJ/promoter group message,30,30,8,38,announcement,48,"{""👀"":1}",announcement.change:30
msg_01075,Basement Set Team,DJ/promoter group,Drew,2026-04-19T21:43:00.000Z,,🔥🔥🔥,noise,noise,noise,"Noise, joke, hype, or vague reply",0,0,0,0,noise,20,{},noise.one-word:-18; noise.emoji-only:-35; noise.vague-short:-12
msg_01076,Basement Set Team,DJ/promoter group,Grace,2026-04-19T21:46:00.000Z,,are we still doing the same place?,maybe,question,context_needed,Ambiguous message that may be useful in context,10,10,0,10,noise,25,{},question.intent:10
msg_01077,Basement Set Team,DJ/promoter group,Cam,2026-04-19T21:48:00.000Z,,where we at,noise,noise,noise,"Noise, joke, hype, or vague reply",0,0,0,0,noise,20,{},question.intent:10; noise.vague-short:-12
msg_01078,Basement Set Team,DJ/promoter group,Nick,2026-04-19T21:51:00.000Z,,bring drinks if you have any,maybe,logistics,soft_supplies,Ambiguous message that may be useful in context,25,25,18,43,logistics,46,"{""👀"":1,""✅"":1}",logistics.supplies:25
msg_01079,Basement Set Team,DJ/promoter group,Marcus,2026-04-19T21:55:00.000Z,,promo post has to be up by noon,important,deadline,promo_deadline,Generated important DJ/promoter group message,12,12,8,20,noise,30,"{""📌"":1}",time.explicit:12
msg_01080,Basement Set Team,DJ/promoter group,Grace,2026-04-19T21:59:00.000Z,,lol,noise,noise,noise,"Noise, joke, hype, or vague reply",0,0,0,0,noise,20,{},noise.one-word:-18; noise.laughter:-35; noise.vague-short:-12
msg_01081,Econ 302 Project,Group project/class chat,Drew,2026-04-19T22:00:00.000Z,,pregame at the house?,maybe,question,event_question,Ambiguous message that may be useful in context,30,30,0,30,question,64,{},event.social-anchor:12; question.intent:10; question.event-context:8
msg_01082,Econ 302 Project,Group project/class chat,Logan,2026-04-19T22:05:00.000Z,,bro said formal like he owns the place,noise,noise,noise,"Noise, joke, hype, or vague reply",12,12,0,12,noise,26,{},event.social-anchor:12
msg_01083,Econ 302 Project,Group project/class chat,Nick,2026-04-19T22:06:00.000Z,msg_01082,who all is going Friday?,maybe,plan,attendance_question,Ambiguous message that may be useful in context,37,37,8,45,plan,66,"{""❓"":1}",plan.whos-going:20; time.weekday:7; question.intent:10
msg_01084,Econ 302 Project,Group project/class chat,Olivia,2026-04-19T22:11:00.000Z,,🔥🔥🔥,noise,noise,noise,"Noise, joke, hype, or vague reply",0,0,0,0,noise,20,{},noise.one-word:-18; noise.emoji-only:-35; noise.vague-short:-12
msg_01085,Econ 302 Project,Group project/class chat,Grace,2026-04-19T22:12:00.000Z,,can someone finish the slides by Sunday,important,request,deliverable,Generated important Group project/class chat message,49,49,8,57,deadline,70,"{""❓"":1}",deadline.explicit:32; time.weekday:7; question.intent:10
msg_01086,Econ 302 Project,Group project/class chat,Noah,2026-04-19T22:17:00.000Z,,meet in the library at 7,important,event,meeting_time,Generated important Group project/class chat message,12,12,8,20,noise,30,"{""✅"":1}",time.explicit:12
msg_01087,Econ 302 Project,Group project/class chat,Zoe,2026-04-19T22:18:00.000Z,,might go downtown later,maybe,noise,vague_plan,Ambiguous message that may be useful in context,12,12,0,12,noise,26,{},event.social-anchor:12
msg_01088,Econ 302 Project,Group project/class chat,Nick,2026-04-19T22:22:00.000Z,,who all is going Friday?,maybe,plan,attendance_question,Ambiguous message that may be useful in context,37,37,0,37,plan,66,{},plan.whos-going:20; time.weekday:7; question.intent:10
msg_01089,Econ 302 Project,Group project/class chat,Riley,2026-04-19T22:26:00.000Z,,bring drinks if you have any,maybe,logistics,soft_supplies,Ambiguous message that may be useful in context,25,25,0,25,logistics,46,{},logistics.supplies:25
msg_01090,Econ 302 Project,Group project/class chat,Ethan,2026-04-19T22:28:00.000Z,,I can drive after 10,maybe,logistics,availability,Ambiguous message that may be useful in context,42,42,0,42,logistics,60,{},logistics.transport:20; commitment.availability:22
msg_01091,Econ 302 Project,Group project/class chat,Riley,2026-04-19T22:30:00.000Z,,deadline for being washed is tonight,noise,noise,noise,"Noise, joke, hype, or vague reply",58,58,0,58,deadline,83,{},deadline.explicit:32; time.relative:8; deadline.date-context:18
msg_01092,Econ 302 Project,Group project/class chat,Cam,2026-04-19T22:35:00.000Z,,tomorrow gonna be wild,noise,noise,noise,"Noise, joke, hype, or vague reply",8,8,0,8,noise,24,{},time.relative:8
msg_01093,Econ 302 Project,Group project/class chat,Zoe,2026-04-19T22:38:00.000Z,,I can bring cups,maybe,logistics,supply_commitment,Ambiguous message that may be useful in context,35,35,8,43,logistics,58,"{""👀"":1}",logistics.supplies:25; commitment.availability:22; noise.vague-short:-12
msg_01094,Econ 302 Project,Group project/class chat,Mia,2026-04-19T22:40:00.000Z,,presentation moved to Thursday,important,announcement,date_change,Generated important Group project/class chat message,51,51,18,69,announcement,81,"{""📌"":1}",announcement.change:30; time.weekday:7; announcement.date-context:14
msg_01095,Econ 302 Project,Group project/class chat,Ethan,2026-04-19T22:42:00.000Z,,can someone finish the slides by Sunday,important,request,deliverable,Generated important Group project/class chat message,49,49,12,61,deadline,70,"{""✅"":1}",deadline.explicit:32; time.weekday:7; question.intent:10
msg_01096,Econ 302 Project,Group project/class chat,Bella,2026-04-19T22:45:00.000Z,,problem set is due tonight,important,deadline,assignment,Generated important Group project/class chat message,58,58,12,70,deadline,83,"{""✅"":1}",deadline.explicit:32; time.relative:8; deadline.date-context:18
msg_01097,Econ 302 Project,Group project/class chat,Grace,2026-04-19T22:48:00.000Z,,I can drive after 10,maybe,logistics,availability,Ambiguous message that may be useful in context,42,42,16,58,logistics,60,"{""❓"":1,""👀"":1}",logistics.transport:20; commitment.availability:22
msg_01098,Econ 302 Project,Group project/class chat,Bella,2026-04-19T22:52:00.000Z,,lol,noise,noise,noise,"Noise, joke, hype, or vague reply",0,0,8,8,noise,24,"{""🔥"":3,""😂"":1}",noise.one-word:-18; noise.laughter:-35; noise.vague-short:-12
msg_01099,Econ 302 Project,Group project/class chat,Harper,2026-04-19T22:55:00.000Z,,presentation moved to Thursday,important,announcement,date_change,Generated important Group project/class chat message,51,51,8,59,announcement,81,"{""👀"":1}",announcement.change:30; time.weekday:7; announcement.date-context:14
msg_01100,Econ 302 Project,Group project/class chat,Nick,2026-04-19T22:57:00.000Z,,yo,noise,noise,noise,"Noise, joke, hype, or vague reply",0,0,3,3,noise,22,"{""💀"":4,""😂"":1,""🔥"":1}",noise.one-word:-18; noise.casual-reply:-28; noise.vague-short:-12
msg_01101,Econ 302 Project,Group project/class chat,Nick,2026-04-19T23:01:00.000Z,,submit the final doc by midnight,important,deadline,deliverable,Generated important Group project/class chat message,56,56,8,64,deadline,100,"{""👀"":1}",deadline.payment:18; time.explicit:12; deadline.date-context:18; structure.concrete-details:8
msg_01102,Econ 302 Project,Group project/class chat,Sam,2026-04-19T23:03:00.000Z,,where we at,noise,noise,noise,"Noise, joke, hype, or vague reply",0,0,0,0,noise,20,"{""😂"":2}",question.intent:10; noise.vague-short:-12
msg_01103,Econ 302 Project,Group project/class chat,Mia,2026-04-19T23:07:00.000Z,,meeting my downfall rn,noise,noise,noise,"Noise, joke, hype, or vague reply",12,12,0,12,noise,26,{},event.social-anchor:12
msg_01104,Econ 302 Project,Group project/class chat,Maya,2026-04-19T23:09:00.000Z,,formal apology incoming,noise,noise,noise,"Noise, joke, hype, or vague reply",12,12,0,12,noise,26,{},event.social-anchor:12
msg_01105,Econ 302 Project,Group project/class chat,Marcus,2026-04-19T23:12:00.000Z,,who let him cook?,noise,noise,noise,"Noise, joke, hype, or vague reply",0,0,8,8,noise,24,"{""😂"":3,""🔥"":3,""💀"":1}",question.intent:10; noise.vague-short:-12
msg_01106,Econ 302 Project,Group project/class chat,Olivia,2026-04-19T23:16:00.000Z,,9 is crazy,noise,noise,noise,"Noise, joke, hype, or vague reply",0,0,0,0,noise,20,{},noise.vague-short:-12
msg_01107,Econ 302 Project,Group project/class chat,Logan,2026-04-19T23:20:00.000Z,msg_01081,he fell off,noise,noise,noise,"Noise, joke, hype, or vague reply",0,0,0,0,noise,20,{},noise.hype-only:-24; noise.vague-short:-12
msg_01108,Econ 302 Project,Group project/class chat,Riley,2026-04-19T23:22:00.000Z,,submit the final doc by midnight,important,deadline,deliverable,Generated important Group project/class chat message,56,56,8,64,deadline,100,"{""👀"":1}",deadline.payment:18; time.explicit:12; deadline.date-context:18; structure.concrete-details:8
msg_01109,Econ 302 Project,Group project/class chat,Grace,2026-04-19T23:26:00.000Z,,might go downtown later,maybe,noise,vague_plan,Ambiguous message that may be useful in context,12,12,8,20,noise,30,"{""👀"":1}",event.social-anchor:12
msg_01110,Econ 302 Project,Group project/class chat,Riley,2026-04-19T23:27:00.000Z,,submit the final doc by midnight,important,deadline,deliverable,Generated important Group project/class chat message,56,56,18,74,deadline,100,"{""📌"":1}",deadline.payment:18; time.explicit:12; deadline.date-context:18; structure.concrete-details:8
msg_01111,Econ 302 Project,Group project/class chat,Bella,2026-04-19T23:32:00.000Z,,anyone going out tonight?,maybe,plan,loose_plan,Ambiguous message that may be useful in context,38,38,0,38,plan,67,{},plan.whos-going:20; time.relative:8; question.intent:10
msg_01112,Econ 302 Project,Group project/class chat,Zoe,2026-04-19T23:34:00.000Z,,bro said formal like he owns the place,noise,noise,noise,"Noise, joke, hype, or vague reply",12,12,0,12,noise,26,{},event.social-anchor:12
msg_01113,Econ 302 Project,Group project/class chat,Maya,2026-04-19T23:37:00.000Z,msg_01087,9 is crazy,noise,noise,noise,"Noise, joke, hype, or vague reply",0,0,0,0,noise,20,{},noise.vague-short:-12
msg_01114,Econ 302 Project,Group project/class chat,Maya,2026-04-19T23:40:00.000Z,,what time is tailgate again,maybe,question,event_question,Ambiguous message that may be useful in context,30,30,0,30,question,64,{},event.social-anchor:12; question.intent:10; question.event-context:8
msg_01115,Econ 302 Project,Group project/class chat,Ethan,2026-04-19T23:42:00.000Z,,you had to be there,noise,noise,noise,"Noise, joke, hype, or vague reply",0,0,0,0,noise,20,{},noise.hype-only:-24
msg_01116,Econ 302 Project,Group project/class chat,Harper,2026-04-19T23:47:00.000Z,,submit the final doc by midnight,important,deadline,deliverable,Generated important Group project/class chat message,56,56,8,64,deadline,100,"{""👀"":1}",deadline.payment:18; time.explicit:12; deadline.date-context:18; structure.concrete-details:8
msg_01117,Econ 302 Project,Group project/class chat,Grace,2026-04-19T23:49:00.000Z,,presentation moved to Thursday,important,announcement,date_change,Generated important Group project/class chat message,51,51,12,63,announcement,81,"{""✅"":1}",announcement.change:30; time.weekday:7; announcement.date-context:14
msg_01118,Econ 302 Project,Group project/class chat,Logan,2026-04-19T23:52:00.000Z,,he fell off,noise,noise,noise,"Noise, joke, hype, or vague reply",0,0,0,0,noise,20,"{""💀"":1}",noise.hype-only:-24; noise.vague-short:-12
msg_01119,Econ 302 Project,Group project/class chat,Zoe,2026-04-19T23:55:00.000Z,,I could drive tomorrow,maybe,logistics,availability,Ambiguous message that may be useful in context,50,50,0,50,logistics,71,{},logistics.transport:20; commitment.availability:22; time.relative:8
msg_01120,Econ 302 Project,Group project/class chat,Marcus,2026-04-19T23:57:00.000Z,,I can drive after 10,maybe,logistics,availability,Ambiguous message that may be useful in context,42,42,8,50,logistics,60,"{""❓"":1}",logistics.transport:20; commitment.availability:22
msg_01121,Econ 302 Project,Group project/class chat,Drew,2026-04-20T00:01:00.000Z,,are we still doing the same place?,maybe,question,context_needed,Ambiguous message that may be useful in context,10,10,8,18,noise,29,"{""👀"":1,""😂"":1}",question.intent:10
msg_01122,Econ 302 Project,Group project/class chat,Harper,2026-04-20T00:03:00.000Z,,submit the final doc by midnight,important,deadline,deliverable,Generated important Group project/class chat message,56,56,8,64,deadline,100,"{""👀"":1}",deadline.payment:18; time.explicit:12; deadline.date-context:18; structure.concrete-details:8
msg_01123,Econ 302 Project,Group project/class chat,Ethan,2026-04-20T00:08:00.000Z,msg_01115,presentation moved to Thursday,important,announcement,date_change,Generated important Group project/class chat message,51,51,8,59,announcement,81,"{""👀"":1}",announcement.change:30; time.weekday:7; announcement.date-context:14
msg_01124,Econ 302 Project,Group project/class chat,Olivia,2026-04-20T00:10:00.000Z,,meet in the library at 7,important,event,meeting_time,Generated important Group project/class chat message,12,12,8,20,noise,30,"{""👀"":1}",time.explicit:12
msg_01125,Econ 302 Project,Group project/class chat,Bella,2026-04-20T00:14:00.000Z,,who up,noise,noise,noise,"Noise, joke, hype, or vague reply",0,0,0,0,noise,20,{},noise.hype-only:-24; noise.casual-question:-14; noise.vague-short:-12
msg_01126,Econ 302 Project,Group project/class chat,Zoe,2026-04-20T00:17:00.000Z,,deadline for being washed is tonight,noise,noise,noise,"Noise, joke, hype, or vague reply",58,58,0,58,deadline,83,{},deadline.explicit:32; time.relative:8; deadline.date-context:18
msg_01127,Econ 302 Project,Group project/class chat,Mia,2026-04-20T00:20:00.000Z,msg_01102,submit the final doc by midnight,important,deadline,deliverable,Generated important Group project/class chat message,56,56,8,64,deadline,100,"{""👀"":1}",deadline.payment:18; time.explicit:12; deadline.date-context:18; structure.concrete-details:8
msg_01128,Econ 302 Project,Group project/class chat,Logan,2026-04-20T00:22:00.000Z,,submit the final doc by midnight,important,deadline,deliverable,Generated important Group project/class chat message,56,56,12,68,deadline,100,"{""✅"":1}",deadline.payment:18; time.explicit:12; deadline.date-context:18; structure.concrete-details:8
msg_01129,Econ 302 Project,Group project/class chat,Maya,2026-04-20T00:24:00.000Z,,Friday was insane,noise,noise,noise,"Noise, joke, hype, or vague reply",7,7,0,7,noise,24,{},time.weekday:7
msg_01130,Econ 302 Project,Group project/class chat,Grace,2026-04-20T00:27:00.000Z,,what time are y'all leaving?,maybe,plan,departure_question,Ambiguous message that may be useful in context,30,30,0,30,plan,56,{},plan.leaving-meeting:20; question.intent:10
msg_01131,Econ 302 Project,Group project/class chat,Zoe,2026-04-20T00:31:00.000Z,,I could drive tomorrow,maybe,logistics,availability,Ambiguous message that may be useful in context,50,50,0,50,logistics,71,{},logistics.transport:20; commitment.availability:22; time.relative:8
msg_01132,Econ 302 Project,Group project/class chat,Zoe,2026-04-20T00:33:00.000Z,,are we still doing the same place?,maybe,question,context_needed,Ambiguous message that may be useful in context,10,10,0,10,noise,25,{},question.intent:10
msg_01133,Econ 302 Project,Group project/class chat,Olivia,2026-04-20T00:37:00.000Z,,need bro to retire,noise,noise,noise,"Noise, joke, hype, or vague reply",0,0,3,3,noise,22,"{""🔥"":1,""😂"":2}",
msg_01134,Econ 302 Project,Group project/class chat,Jake,2026-04-20T00:39:00.000Z,,submit the final doc by midnight,important,deadline,deliverable,Generated important Group project/class chat message,56,56,12,68,deadline,100,"{""✅"":1}",deadline.payment:18; time.explicit:12; deadline.date-context:18; structure.concrete-details:8
msg_01135,Econ 302 Project,Group project/class chat,Nick,2026-04-20T00:42:00.000Z,,I can drive after 10,maybe,logistics,availability,Ambiguous message that may be useful in context,42,42,0,42,logistics,60,{},logistics.transport:20; commitment.availability:22
msg_01136,Econ 302 Project,Group project/class chat,Maya,2026-04-20T00:47:00.000Z,msg_01117,formal apology incoming,noise,noise,noise,"Noise, joke, hype, or vague reply",12,12,0,12,noise,26,{},event.social-anchor:12
msg_01137,Econ 302 Project,Group project/class chat,Cam,2026-04-20T00:48:00.000Z,msg_01136,are we still doing the same place?,maybe,question,context_needed,Ambiguous message that may be useful in context,10,10,8,18,noise,29,"{""👀"":1}",question.intent:10
msg_01138,Econ 302 Project,Group project/class chat,Sam,2026-04-20T00:53:00.000Z,,9 is crazy,noise,noise,noise,"Noise, joke, hype, or vague reply",0,0,0,0,noise,20,{},noise.vague-short:-12
msg_01139,Econ 302 Project,Group project/class chat,Drew,2026-04-20T00:55:00.000Z,msg_01120,can someone tell Tyler to chill,noise,noise,noise,"Noise, joke, hype, or vague reply",10,10,0,10,noise,25,{},question.intent:10
msg_01140,Econ 302 Project,Group project/class chat,Olivia,2026-04-20T00:59:00.000Z,,I could drive tomorrow,maybe,logistics,availability,Ambiguous message that may be useful in context,50,50,0,50,logistics,71,{},logistics.transport:20; commitment.availability:22; time.relative:8
msg_01141,Econ 302 Project,Group project/class chat,Riley,2026-04-20T01:01:00.000Z,,tomorrow gonna be wild,noise,noise,noise,"Noise, joke, hype, or vague reply",8,8,0,8,noise,24,{},time.relative:8
msg_01142,Econ 302 Project,Group project/class chat,Sam,2026-04-20T01:03:00.000Z,,submit the final doc by midnight,important,deadline,deliverable,Generated important Group project/class chat message,56,56,18,74,deadline,100,"{""👀"":1,""📌"":1}",deadline.payment:18; time.explicit:12; deadline.date-context:18; structure.concrete-details:8
msg_01143,Econ 302 Project,Group project/class chat,Grace,2026-04-20T01:08:00.000Z,,submit the final doc by midnight,important,deadline,deliverable,Generated important Group project/class chat message,56,56,18,74,deadline,100,"{""✅"":1,""👀"":1}",deadline.payment:18; time.explicit:12; deadline.date-context:18; structure.concrete-details:8
msg_01144,Econ 302 Project,Group project/class chat,Ethan,2026-04-20T01:09:00.000Z,,might go downtown later,maybe,noise,vague_plan,Ambiguous message that may be useful in context,12,12,0,12,noise,26,{},event.social-anchor:12
msg_01145,Econ 302 Project,Group project/class chat,Zoe,2026-04-20T01:12:00.000Z,,that was crazy,noise,noise,noise,"Noise, joke, hype, or vague reply",0,0,0,0,noise,20,{},noise.hype-only:-24; noise.vague-short:-12
msg_01146,Econ 302 Project,Group project/class chat,Cam,2026-04-20T01:15:00.000Z,msg_01114,submit the final doc by midnight,important,deadline,deliverable,Generated important Group project/class chat message,56,56,8,64,deadline,100,"{""👀"":1}",deadline.payment:18; time.explicit:12; deadline.date-context:18; structure.concrete-details:8
msg_01147,Econ 302 Project,Group project/class chat,Cam,2026-04-20T01:18:00.000Z,,can someone finish the slides by Sunday,important,request,deliverable,Generated important Group project/class chat message,49,49,8,57,deadline,70,"{""👀"":1}",deadline.explicit:32; time.weekday:7; question.intent:10
msg_01148,Econ 302 Project,Group project/class chat,Drew,2026-04-20T01:22:00.000Z,,party animal,noise,noise,noise,"Noise, joke, hype, or vague reply",0,0,0,0,noise,20,{},event.social-anchor:12; noise.vague-short:-12
msg_01149,Econ 302 Project,Group project/class chat,Jake,2026-04-20T01:25:00.000Z,,where we at,noise,noise,noise,"Noise, joke, hype, or vague reply",0,0,0,0,noise,20,{},question.intent:10; noise.vague-short:-12
msg_01150,Econ 302 Project,Group project/class chat,Drew,2026-04-20T01:27:00.000Z,msg_01144,pregame at the house?,maybe,question,event_question,Ambiguous message that may be useful in context,30,30,0,30,question,64,{},event.social-anchor:12; question.intent:10; question.event-context:8
msg_01151,Econ 302 Project,Group project/class chat,Sam,2026-04-20T01:32:00.000Z,,can someone finish the slides by Sunday,important,request,deliverable,Generated important Group project/class chat message,49,49,8,57,deadline,70,"{""❓"":1}",deadline.explicit:32; time.weekday:7; question.intent:10
msg_01152,Econ 302 Project,Group project/class chat,Drew,2026-04-20T01:33:00.000Z,,formal apology incoming,noise,noise,noise,"Noise, joke, hype, or vague reply",12,12,0,12,noise,26,{},event.social-anchor:12
msg_01153,Econ 302 Project,Group project/class chat,Nick,2026-04-20T01:37:00.000Z,,need bro to retire,noise,noise,noise,"Noise, joke, hype, or vague reply",0,0,6,6,noise,23,"{""😂"":3,""🔥"":2,""💀"":3}",
msg_01154,Econ 302 Project,Group project/class chat,Noah,2026-04-20T01:39:00.000Z,msg_01110,bring drinks if you have any,maybe,logistics,soft_supplies,Ambiguous message that may be useful in context,25,25,0,25,logistics,46,{},logistics.supplies:25
msg_01155,Econ 302 Project,Group project/class chat,Maya,2026-04-20T01:42:00.000Z,,party animal,noise,noise,noise,"Noise, joke, hype, or vague reply",0,0,0,0,noise,20,{},event.social-anchor:12; noise.vague-short:-12
msg_01156,Econ 302 Project,Group project/class chat,Jake,2026-04-20T01:47:00.000Z,,yo,noise,noise,noise,"Noise, joke, hype, or vague reply",0,0,0,0,noise,20,{},noise.one-word:-18; noise.casual-reply:-28; noise.vague-short:-12
msg_01157,Econ 302 Project,Group project/class chat,Zoe,2026-04-20T01:50:00.000Z,,where we at,noise,noise,noise,"Noise, joke, hype, or vague reply",0,0,0,0,noise,20,{},question.intent:10; noise.vague-short:-12
msg_01158,Econ 302 Project,Group project/class chat,Noah,2026-04-20T01:52:00.000Z,,might go downtown later,maybe,noise,vague_plan,Ambiguous message that may be useful in context,12,12,0,12,noise,26,{},event.social-anchor:12
msg_01159,Econ 302 Project,Group project/class chat,Cam,2026-04-20T01:54:00.000Z,msg_01148,I could drive tomorrow,maybe,logistics,availability,Ambiguous message that may be useful in context,50,50,12,62,logistics,71,"{""✅"":1}",logistics.transport:20; commitment.availability:22; time.relative:8
msg_01160,Econ 302 Project,Group project/class chat,Olivia,2026-04-20T01:58:00.000Z,,presentation moved to Thursday,important,announcement,date_change,Generated important Group project/class chat message,51,51,12,63,announcement,81,"{""✅"":1}",announcement.change:30; time.weekday:7; announcement.date-context:14
msg_01161,Econ 302 Project,Group project/class chat,Bella,2026-04-20T02:00:00.000Z,msg_01129,where we at,noise,noise,noise,"Noise, joke, hype, or vague reply",0,0,3,3,noise,22,"{""😂"":1,""💀"":1,""🔥"":1}",question.intent:10; noise.vague-short:-12
msg_01162,Econ 302 Project,Group project/class chat,Harper,2026-04-20T02:04:00.000Z,msg_01145,deadline for being washed is tonight,noise,noise,noise,"Noise, joke, hype, or vague reply",58,58,0,58,deadline,83,{},deadline.explicit:32; time.relative:8; deadline.date-context:18
msg_01163,Econ 302 Project,Group project/class chat,Logan,2026-04-20T02:08:00.000Z,msg_01150,submit the final doc by midnight,important,deadline,deliverable,Generated important Group project/class chat message,56,56,18,74,deadline,100,"{""📌"":1}",deadline.payment:18; time.explicit:12; deadline.date-context:18; structure.concrete-details:8
msg_01164,Econ 302 Project,Group project/class chat,Marcus,2026-04-20T02:09:00.000Z,,fire,noise,noise,noise,"Noise, joke, hype, or vague reply",0,0,0,0,noise,20,{},noise.one-word:-18; noise.casual-reply:-28; noise.vague-short:-12
msg_01165,Econ 302 Project,Group project/class chat,Maya,2026-04-20T02:12:00.000Z,,problem set is due tonight,important,deadline,assignment,Generated important Group project/class chat message,58,58,8,66,deadline,83,"{""👀"":1}",deadline.explicit:32; time.relative:8; deadline.date-context:18
msg_01166,Econ 302 Project,Group project/class chat,Harper,2026-04-20T02:16:00.000Z,,need bro to retire,noise,noise,noise,"Noise, joke, hype, or vague reply",0,0,0,0,noise,20,{},
msg_01167,Econ 302 Project,Group project/class chat,Cam,2026-04-20T02:19:00.000Z,msg_01101,pregame at the house?,maybe,question,event_question,Ambiguous message that may be useful in context,30,30,0,30,question,64,{},event.social-anchor:12; question.intent:10; question.event-context:8
msg_01168,Econ 302 Project,Group project/class chat,Ethan,2026-04-20T02:23:00.000Z,,problem set is due tonight,important,deadline,assignment,Generated important Group project/class chat message,58,58,12,70,deadline,83,"{""✅"":1}",deadline.explicit:32; time.relative:8; deadline.date-context:18
msg_01169,Econ 302 Project,Group project/class chat,Ethan,2026-04-20T02:26:00.000Z,msg_01132,meet in the library at 7,important,event,meeting_time,Generated important Group project/class chat message,12,12,8,20,noise,30,"{""✅"":1}",time.explicit:12
msg_01170,Econ 302 Project,Group project/class chat,Marcus,2026-04-20T02:27:00.000Z,msg_01125,party animal,noise,noise,noise,"Noise, joke, hype, or vague reply",0,0,0,0,noise,20,"{""💀"":1}",event.social-anchor:12; noise.vague-short:-12
msg_01171,Econ 302 Project,Group project/class chat,Jake,2026-04-20T02:30:00.000Z,,are we still doing the same place?,maybe,question,context_needed,Ambiguous message that may be useful in context,10,10,0,10,noise,25,{},question.intent:10
msg_01172,Econ 302 Project,Group project/class chat,Riley,2026-04-20T02:33:00.000Z,,rush hour traffic sucks,noise,noise,noise,"Noise, joke, hype, or vague reply",12,12,3,15,noise,28,"{""🔥"":1,""💀"":1,""😂"":1}",event.social-anchor:12
msg_01173,Econ 302 Project,Group project/class chat,Nick,2026-04-20T02:37:00.000Z,,bring drinks if you have any,maybe,logistics,soft_supplies,Ambiguous message that may be useful in context,25,25,0,25,logistics,46,{},logistics.supplies:25
msg_01174,Econ 302 Project,Group project/class chat,Harper,2026-04-20T02:39:00.000Z,,that was crazy,noise,noise,noise,"Noise, joke, hype, or vague reply",0,0,0,0,noise,20,"{""💀"":1}",noise.hype-only:-24; noise.vague-short:-12
msg_01175,Econ 302 Project,Group project/class chat,Ethan,2026-04-20T02:43:00.000Z,,what time is tailgate again,maybe,question,event_question,Ambiguous message that may be useful in context,30,30,0,30,question,64,{},event.social-anchor:12; question.intent:10; question.event-context:8
msg_01176,Econ 302 Project,Group project/class chat,Olivia,2026-04-20T02:45:00.000Z,,presentation moved to Thursday,important,announcement,date_change,Generated important Group project/class chat message,51,51,8,59,announcement,81,"{""👀"":1}",announcement.change:30; time.weekday:7; announcement.date-context:14
msg_01177,Econ 302 Project,Group project/class chat,Drew,2026-04-20T02:48:00.000Z,,presentation moved to Thursday,important,announcement,date_change,Generated important Group project/class chat message,51,51,12,63,announcement,81,"{""✅"":1}",announcement.change:30; time.weekday:7; announcement.date-context:14
msg_01178,Econ 302 Project,Group project/class chat,Drew,2026-04-20T02:52:00.000Z,,might go downtown later,maybe,noise,vague_plan,Ambiguous message that may be useful in context,12,12,8,20,noise,30,"{""✅"":1}",event.social-anchor:12
msg_01179,Econ 302 Project,Group project/class chat,Maya,2026-04-20T02:56:00.000Z,,can someone finish the slides by Sunday,important,request,deliverable,Generated important Group project/class chat message,49,49,18,67,deadline,70,"{""👀"":1,""📌"":1,""❓"":1}",deadline.explicit:32; time.weekday:7; question.intent:10
msg_01180,Econ 302 Project,Group project/class chat,Mia,2026-04-20T02:58:00.000Z,,problem set is due tn,important,deadline,assignment,Generated important Group project/class chat message,32,32,8,40,deadline,49,"{""👀"":1}",deadline.explicit:32
msg_01181,Econ 302 Project,Group project/class chat,Harper,2026-04-20T03:00:00.000Z,msg_01119,no shot,noise,noise,noise,"Noise, joke, hype, or vague reply",0,0,8,8,noise,24,"{""🔥"":3,""💀"":2,""😂"":2}",noise.hype-only:-24; noise.vague-short:-12
msg_01182,Econ 302 Project,Group project/class chat,Marcus,2026-04-20T03:03:00.000Z,,I can drive after 10,maybe,logistics,availability,Ambiguous message that may be useful in context,42,42,0,42,logistics,60,"{""😂"":1}",logistics.transport:20; commitment.availability:22
msg_01183,Econ 302 Project,Group project/class chat,Riley,2026-04-20T03:08:00.000Z,,he fell off,noise,noise,noise,"Noise, joke, hype, or vague reply",0,0,0,0,noise,20,{},noise.hype-only:-24; noise.vague-short:-12
msg_01184,Econ 302 Project,Group project/class chat,Sam,2026-04-20T03:09:00.000Z,,are we still doing the same place?,maybe,question,context_needed,Ambiguous message that may be useful in context,10,10,8,18,noise,29,"{""👀"":1,""✅"":1}",question.intent:10
msg_01185,Econ 302 Project,Group project/class chat,Mia,2026-04-20T03:14:00.000Z,msg_01140,where are we meeting?,maybe,plan,meeting_question,Ambiguous message that may be useful in context,50,50,8,58,plan,79,"{""👀"":1}",event.social-anchor:12; plan.leaving-meeting:20; question.intent:10; question.event-context:8
msg_01186,Econ 302 Project,Group project/class chat,Nick,2026-04-20T03:16:00.000Z,,where are we meeting?,maybe,plan,meeting_question,Ambiguous message that may be useful in context,50,50,0,50,plan,79,"{""😂"":1}",event.social-anchor:12; plan.leaving-meeting:20; question.intent:10; question.event-context:8
msg_01187,Econ 302 Project,Group project/class chat,Marcus,2026-04-20T03:20:00.000Z,,can someone finish the slides by Sunday,important,request,deliverable,Generated important Group project/class chat message,49,49,16,65,deadline,70,"{""👀"":1,""❓"":1}",deadline.explicit:32; time.weekday:7; question.intent:10
msg_01188,Econ 302 Project,Group project/class chat,Harper,2026-04-20T03:22:00.000Z,,what time are y'all leaving?,maybe,plan,departure_question,Ambiguous message that may be useful in context,30,30,0,30,plan,56,"{""😂"":1}",plan.leaving-meeting:20; question.intent:10
msg_01189,Econ 302 Project,Group project/class chat,Sam,2026-04-20T03:24:00.000Z,,party animal,noise,noise,noise,"Noise, joke, hype, or vague reply",0,0,0,0,noise,20,"{""😂"":2}",event.social-anchor:12; noise.vague-short:-12
msg_01190,Econ 302 Project,Group project/class chat,Riley,2026-04-20T03:28:00.000Z,msg_01156,problem set is due tonight,important,deadline,assignment,Generated important Group project/class chat message,58,58,0,58,deadline,83,{},deadline.explicit:32; time.relative:8; deadline.date-context:18
msg_01191,Econ 302 Project,Group project/class chat,Zoe,2026-04-20T03:31:00.000Z,,problem set is due tonight,important,deadline,assignment,Generated important Group project/class chat message,58,58,18,76,deadline,83,"{""✅"":1,""👀"":1}",deadline.explicit:32; time.relative:8; deadline.date-context:18
msg_01192,Econ 302 Project,Group project/class chat,Olivia,2026-04-20T03:35:00.000Z,,absolute cinema,noise,noise,noise,"Noise, joke, hype, or vague reply",0,0,0,0,noise,20,{},noise.hype-only:-24; noise.vague-short:-12
msg_01193,Econ 302 Project,Group project/class chat,Grace,2026-04-20T03:38:00.000Z,msg_01093,why is bro like this?,noise,noise,noise,"Noise, joke, hype, or vague reply",10,10,0,10,noise,25,{},question.intent:10
msg_01194,Econ 302 Project,Group project/class chat,Maya,2026-04-20T03:41:00.000Z,msg_01106,meet in the library at 7,important,event,meeting_time,Generated important Group project/class chat message,12,12,8,20,noise,30,"{""👀"":1}",time.explicit:12
msg_01195,Econ 302 Project,Group project/class chat,Mia,2026-04-20T03:43:00.000Z,,party animal,noise,noise,noise,"Noise, joke, hype, or vague reply",0,0,0,0,noise,20,"{""💀"":3,""😂"":3}",event.social-anchor:12; noise.vague-short:-12
msg_01196,Econ 302 Project,Group project/class chat,Riley,2026-04-20T03:46:00.000Z,,where are we meeting?,maybe,plan,meeting_question,Ambiguous message that may be useful in context,50,50,0,50,plan,79,{},event.social-anchor:12; plan.leaving-meeting:20; question.intent:10; question.event-context:8
msg_01197,Econ 302 Project,Group project/class chat,Olivia,2026-04-20T03:49:00.000Z,,he fell off,noise,noise,noise,"Noise, joke, hype, or vague reply",0,0,0,0,noise,20,{},noise.hype-only:-24; noise.vague-short:-12
msg_01198,Econ 302 Project,Group project/class chat,Noah,2026-04-20T03:51:00.000Z,,who up,noise,noise,noise,"Noise, joke, hype, or vague reply",0,0,3,3,noise,22,"{""🔥"":1}",noise.hype-only:-24; noise.casual-question:-14; noise.vague-short:-12
msg_01199,Econ 302 Project,Group project/class chat,Grace,2026-04-20T03:56:00.000Z,,I can drive after 10,maybe,logistics,availability,Ambiguous message that may be useful in context,42,42,18,60,logistics,60,"{""👀"":1,""✅"":1}",logistics.transport:20; commitment.availability:22
msg_01200,Econ 302 Project,Group project/class chat,Riley,2026-04-20T03:57:00.000Z,msg_01126,fire,noise,noise,noise,"Noise, joke, hype, or vague reply",0,0,0,0,noise,20,"{""😂"":2,""💀"":2}",noise.one-word:-18; noise.casual-reply:-28; noise.vague-short:-12
msg_01201,Econ 302 Project,Group project/class chat,Olivia,2026-04-20T04:02:00.000Z,,rush hour traffic sucks,noise,noise,noise,"Noise, joke, hype, or vague reply",12,12,0,12,noise,26,{},event.social-anchor:12
msg_01202,Econ 302 Project,Group project/class chat,Bella,2026-04-20T04:04:00.000Z,,😭😭😭,noise,noise,noise,"Noise, joke, hype, or vague reply",0,0,0,0,noise,20,{},noise.one-word:-18; noise.emoji-only:-35; noise.vague-short:-12
msg_01203,Econ 302 Project,Group project/class chat,Harper,2026-04-20T04:08:00.000Z,,lmao,noise,noise,noise,"Noise, joke, hype, or vague reply",0,0,0,0,noise,20,{},noise.one-word:-18; noise.laughter:-35; noise.vague-short:-12
msg_01204,Econ 302 Project,Group project/class chat,Noah,2026-04-20T04:11:00.000Z,,does anyone have tickets left?,maybe,request,ticket_availability,Ambiguous message that may be useful in context,46,46,12,58,request,69,"{""✅"":1}",deadline.payment:18; request.ticket-availability:18; question.intent:10
msg_01205,Econ 302 Project,Group project/class chat,Bella,2026-04-20T04:13:00.000Z,,I could drive tomorrow,maybe,logistics,availability,Ambiguous message that may be useful in context,50,50,0,50,logistics,71,{},logistics.transport:20; commitment.availability:22; time.relative:8
msg_01206,Econ 302 Project,Group project/class chat,Sam,2026-04-20T04:15:00.000Z,,😭😭😭,noise,noise,noise,"Noise, joke, hype, or vague reply",0,0,0,0,noise,20,{},noise.one-word:-18; noise.emoji-only:-35; noise.vague-short:-12
msg_01207,Econ 302 Project,Group project/class chat,Maya,2026-04-20T04:20:00.000Z,,who up,noise,noise,noise,"Noise, joke, hype, or vague reply",0,0,0,0,noise,20,{},noise.hype-only:-24; noise.casual-question:-14; noise.vague-short:-12
msg_01208,Econ 302 Project,Group project/class chat,Marcus,2026-04-20T04:22:00.000Z,,presentation moved to Thursday,important,announcement,date_change,Generated important Group project/class chat message,51,51,8,59,announcement,81,"{""👀"":1}",announcement.change:30; time.weekday:7; announcement.date-context:14
msg_01209,Econ 302 Project,Group project/class chat,Cam,2026-04-20T04:25:00.000Z,,presentation moved to Thursday,important,announcement,date_change,Generated important Group project/class chat message,51,51,0,51,announcement,81,{},announcement.change:30; time.weekday:7; announcement.date-context:14
msg_01210,Econ 302 Project,Group project/class chat,Logan,2026-04-20T04:27:00.000Z,msg_01113,I can drive after 10,maybe,logistics,availability,Ambiguous message that may be useful in context,42,42,8,50,logistics,60,"{""❓"":1}",logistics.transport:20; commitment.availability:22
msg_01211,Econ 302 Project,Group project/class chat,Harper,2026-04-20T04:30:00.000Z,,submit the final doc by midnight,important,deadline,deliverable,Generated important Group project/class chat message,56,56,0,56,deadline,100,{},deadline.payment:18; time.explicit:12; deadline.date-context:18; structure.concrete-details:8
msg_01212,Econ 302 Project,Group project/class chat,Olivia,2026-04-20T04:33:00.000Z,msg_01129,fire,noise,noise,noise,"Noise, joke, hype, or vague reply",0,0,0,0,noise,20,{},noise.one-word:-18; noise.casual-reply:-28; noise.vague-short:-12
msg_01213,Econ 302 Project,Group project/class chat,Sam,2026-04-20T04:36:00.000Z,,what time is tailgate again,maybe,question,event_question,Ambiguous message that may be useful in context,30,30,8,38,question,64,"{""❓"":1,""😂"":1}",event.social-anchor:12; question.intent:10; question.event-context:8
msg_01214,Econ 302 Project,Group project/class chat,Jake,2026-04-20T04:39:00.000Z,,who all is going Friday?,maybe,plan,attendance_question,Ambiguous message that may be useful in context,37,37,8,45,plan,66,"{""❓"":1}",plan.whos-going:20; time.weekday:7; question.intent:10
msg_01215,Econ 302 Project,Group project/class chat,Sam,2026-04-20T04:43:00.000Z,,W,noise,noise,noise,"Noise, joke, hype, or vague reply",0,0,3,3,noise,22,"{""💀"":2,""😂"":2,""🔥"":1}",noise.one-word:-18; noise.casual-reply:-28; noise.vague-short:-12
msg_01216,Econ 302 Project,Group project/class chat,Riley,2026-04-20T04:45:00.000Z,msg_01191,can someone finish the slides by Sunday,important,request,deliverable,Generated important Group project/class chat message,49,49,18,67,deadline,70,"{""✅"":1,""👀"":1}",deadline.explicit:32; time.weekday:7; question.intent:10
msg_01217,Econ 302 Project,Group project/class chat,Nick,2026-04-20T04:49:00.000Z,,I can bring cups,maybe,logistics,supply_commitment,Ambiguous message that may be useful in context,35,35,0,35,logistics,58,{},logistics.supplies:25; commitment.availability:22; noise.vague-short:-12
msg_01218,Econ 302 Project,Group project/class chat,Riley,2026-04-20T04:53:00.000Z,,presentation moved to Thursday,important,announcement,date_change,Generated important Group project/class chat message,51,51,18,69,announcement,81,"{""✅"":1,""👀"":1}",announcement.change:30; time.weekday:7; announcement.date-context:14
msg_01219,Econ 302 Project,Group project/class chat,Drew,2026-04-20T04:56:00.000Z,,formal apology incoming,noise,noise,noise,"Noise, joke, hype, or vague reply",12,12,0,12,noise,26,{},event.social-anchor:12
msg_01220,Econ 302 Project,Group project/class chat,Bella,2026-04-20T04:59:00.000Z,,meet in the library at 7,important,event,meeting_time,Generated important Group project/class chat message,12,12,8,20,noise,30,"{""✅"":1}",time.explicit:12
msg_01221,Econ 302 Project,Group project/class chat,Drew,2026-04-20T05:02:00.000Z,,can someone finish the slides by Sunday,important,request,deliverable,Generated important Group project/class chat message,49,49,18,67,deadline,70,"{""✅"":1,""👀"":1}",deadline.explicit:32; time.weekday:7; question.intent:10
msg_01222,Econ 302 Project,Group project/class chat,Jake,2026-04-20T05:04:00.000Z,,go go go go,noise,noise,noise,"Noise, joke, hype, or vague reply",0,0,0,0,noise,20,{},noise.repeated:-16; noise.vague-short:-12
msg_01223,Econ 302 Project,Group project/class chat,Marcus,2026-04-20T05:07:00.000Z,,what time is tailgate again,maybe,question,event_question,Ambiguous message that may be useful in context,30,30,0,30,question,64,{},event.social-anchor:12; question.intent:10; question.event-context:8
msg_01224,Econ 302 Project,Group project/class chat,Harper,2026-04-20T05:11:00.000Z,,presentation moved to Thursday,important,announcement,date_change,Generated important Group project/class chat message,51,51,8,59,announcement,81,"{""👀"":1}",announcement.change:30; time.weekday:7; announcement.date-context:14
msg_01225,Econ 302 Project,Group project/class chat,Jake,2026-04-20T05:13:00.000Z,,anyone able to grab snacks?,maybe,request,soft_request,Ambiguous message that may be useful in context,73,73,20,93,request,86,"{""👀"":1,""✅"":1}",request.can-someone:24; logistics.supplies:25; question.intent:10; request.bring-supplies:14
msg_01226,Econ 302 Project,Group project/class chat,Olivia,2026-04-20T05:16:00.000Z,,meet in the library at 7,important,event,meeting_time,Generated important Group project/class chat message,12,12,8,20,noise,30,"{""📌"":1}",time.explicit:12
msg_01227,Econ 302 Project,Group project/class chat,Noah,2026-04-20T05:20:00.000Z,,can someone tell Tyler to chill,noise,noise,noise,"Noise, joke, hype, or vague reply",10,10,3,13,noise,27,"{""🔥"":1}",question.intent:10
msg_01228,Econ 302 Project,Group project/class chat,Cam,2026-04-20T05:23:00.000Z,,lmao,noise,noise,noise,"Noise, joke, hype, or vague reply",0,0,0,0,noise,20,{},noise.one-word:-18; noise.laughter:-35; noise.vague-short:-12
msg_01229,Econ 302 Project,Group project/class chat,Harper,2026-04-20T05:26:00.000Z,msg_01122,can someone finish the slides by Sunday,important,request,deliverable,Generated important Group project/class chat message,49,49,12,61,deadline,70,"{""✅"":1}",deadline.explicit:32; time.weekday:7; question.intent:10
msg_01230,Econ 302 Project,Group project/class chat,Zoe,2026-04-20T05:29:00.000Z,,can someone finish the slides by Sunday,important,request,deliverable,Generated important Group project/class chat message,49,49,12,61,deadline,70,"{""✅"":1}",deadline.explicit:32; time.weekday:7; question.intent:10
msg_01231,Econ 302 Project,Group project/class chat,Nick,2026-04-20T05:32:00.000Z,,nah,noise,noise,noise,"Noise, joke, hype, or vague reply",0,0,0,0,noise,20,{},noise.one-word:-18; noise.casual-reply:-28; noise.vague-short:-12
msg_01232,Econ 302 Project,Group project/class chat,Cam,2026-04-20T05:34:00.000Z,,need bro to retire,noise,noise,noise,"Noise, joke, hype, or vague reply",0,0,6,6,noise,23,"{""😂"":1,""🔥"":2,""💀"":1}",
msg_01233,Econ 302 Project,Group project/class chat,Harper,2026-04-20T05:38:00.000Z,,presentation moved to Thursday,important,announcement,date_change,Generated important Group project/class chat message,51,51,12,63,announcement,81,"{""✅"":1}",announcement.change:30; time.weekday:7; announcement.date-context:14
msg_01234,Econ 302 Project,Group project/class chat,Sam,2026-04-20T05:40:00.000Z,msg_01132,I could drive tomorrow,maybe,logistics,availability,Ambiguous message that may be useful in context,50,50,0,50,logistics,71,"{""😂"":1}",logistics.transport:20; commitment.availability:22; time.relative:8
msg_01235,Econ 302 Project,Group project/class chat,Olivia,2026-04-20T05:43:00.000Z,msg_01088,bro said formal like he owns the place,noise,noise,noise,"Noise, joke, hype, or vague reply",12,12,0,12,noise,26,{},event.social-anchor:12
msg_01236,Econ 302 Project,Group project/class chat,Riley,2026-04-20T05:46:00.000Z,,party animal,noise,noise,noise,"Noise, joke, hype, or vague reply",0,0,8,8,noise,24,"{""🔥"":4,""💀"":2,""😂"":2}",event.social-anchor:12; noise.vague-short:-12
msg_01237,Econ 302 Project,Group project/class chat,Sam,2026-04-20T05:48:00.000Z,,go go go go,noise,noise,noise,"Noise, joke, hype, or vague reply",0,0,0,0,noise,20,{},noise.repeated:-16; noise.vague-short:-12
msg_01238,Econ 302 Project,Group project/class chat,Mia,2026-04-20T05:52:00.000Z,,lol,noise,noise,noise,"Noise, joke, hype, or vague reply",0,0,3,3,noise,22,"{""😂"":3,""💀"":3,""🔥"":1}",noise.one-word:-18; noise.laughter:-35; noise.vague-short:-12
msg_01239,Econ 302 Project,Group project/class chat,Zoe,2026-04-20T05:55:00.000Z,,I could drive tomorrow,maybe,logistics,availability,Ambiguous message that may be useful in context,50,50,0,50,logistics,71,{},logistics.transport:20; commitment.availability:22; time.relative:8
msg_01240,Econ 302 Project,Group project/class chat,Drew,2026-04-20T05:58:00.000Z,,I could drive tomorrow,maybe,logistics,availability,Ambiguous message that may be useful in context,50,50,0,50,logistics,71,"{""😂"":1}",logistics.transport:20; commitment.availability:22; time.relative:8
msg_01241,Econ 302 Project,Group project/class chat,Jake,2026-04-20T06:01:00.000Z,msg_01095,fire,noise,noise,noise,"Noise, joke, hype, or vague reply",0,0,0,0,noise,20,{},noise.one-word:-18; noise.casual-reply:-28; noise.vague-short:-12
msg_01242,Econ 302 Project,Group project/class chat,Bella,2026-04-20T06:03:00.000Z,,anyone able to grab snacks?,maybe,request,soft_request,Ambiguous message that may be useful in context,73,73,0,73,request,86,{},request.can-someone:24; logistics.supplies:25; question.intent:10; request.bring-supplies:14
msg_01243,Econ 302 Project,Group project/class chat,Cam,2026-04-20T06:08:00.000Z,,that was crazy,noise,noise,noise,"Noise, joke, hype, or vague reply",0,0,0,0,noise,20,{},noise.hype-only:-24; noise.vague-short:-12
msg_01244,Econ 302 Project,Group project/class chat,Mia,2026-04-20T06:10:00.000Z,,what time is tailgate again,maybe,question,event_question,Ambiguous message that may be useful in context,30,30,0,30,question,64,{},event.social-anchor:12; question.intent:10; question.event-context:8
msg_01245,Econ 302 Project,Group project/class chat,Sam,2026-04-20T06:14:00.000Z,,anyone going out tonight?,maybe,plan,loose_plan,Ambiguous message that may be useful in context,38,38,8,46,plan,67,"{""👀"":1}",plan.whos-going:20; time.relative:8; question.intent:10
msg_01246,Econ 302 Project,Group project/class chat,Marcus,2026-04-20T06:16:00.000Z,msg_01086,real,noise,noise,noise,"Noise, joke, hype, or vague reply",0,0,3,3,noise,22,"{""😂"":2,""💀"":2,""🔥"":1}",noise.one-word:-18; noise.casual-reply:-28; noise.vague-short:-12
msg_01247,Econ 302 Project,Group project/class chat,Cam,2026-04-20T06:19:00.000Z,,presentation moved to Thursday,important,announcement,date_change,Generated important Group project/class chat message,51,51,12,63,announcement,81,"{""✅"":1}",announcement.change:30; time.weekday:7; announcement.date-context:14
msg_01248,Econ 302 Project,Group project/class chat,Logan,2026-04-20T06:22:00.000Z,,submit the final doc by midnight,important,deadline,deliverable,Generated important Group project/class chat message,56,56,0,56,deadline,100,{},deadline.payment:18; time.explicit:12; deadline.date-context:18; structure.concrete-details:8
msg_01249,Econ 302 Project,Group project/class chat,Grace,2026-04-20T06:24:00.000Z,,what time are y'all leaving?,maybe,plan,departure_question,Ambiguous message that may be useful in context,30,30,8,38,plan,56,"{""❓"":1}",plan.leaving-meeting:20; question.intent:10
msg_01250,Econ 302 Project,Group project/class chat,Zoe,2026-04-20T06:29:00.000Z,,meeting my downfall rn,noise,noise,noise,"Noise, joke, hype, or vague reply",12,12,0,12,noise,26,{},event.social-anchor:12
msg_01251,Econ 302 Project,Group project/class chat,Grace,2026-04-20T06:30:00.000Z,,problem set is due tonight,important,deadline,assignment,Generated important Group project/class chat message,58,58,0,58,deadline,83,{},deadline.explicit:32; time.relative:8; deadline.date-context:18
msg_01252,Econ 302 Project,Group project/class chat,Noah,2026-04-20T06:35:00.000Z,,lmao,noise,noise,noise,"Noise, joke, hype, or vague reply",0,0,3,3,noise,22,"{""🔥"":1}",noise.one-word:-18; noise.laughter:-35; noise.vague-short:-12
msg_01253,Econ 302 Project,Group project/class chat,Cam,2026-04-20T06:37:00.000Z,msg_01166,who has the speaker?,maybe,question,item_question,Ambiguous message that may be useful in context,10,10,8,18,noise,29,"{""👀"":1}",question.intent:10
msg_01254,Econ 302 Project,Group project/class chat,Riley,2026-04-20T06:40:00.000Z,,problem set is due tonight,important,deadline,assignment,Generated important Group project/class chat message,58,58,8,66,deadline,83,"{""👀"":1}",deadline.explicit:32; time.relative:8; deadline.date-context:18
msg_01255,Econ 302 Project,Group project/class chat,Ethan,2026-04-20T06:43:00.000Z,,I could drive tomorrow,maybe,logistics,availability,Ambiguous message that may be useful in context,50,50,0,50,logistics,71,{},logistics.transport:20; commitment.availability:22; time.relative:8
msg_01256,Econ 302 Project,Group project/class chat,Maya,2026-04-20T06:46:00.000Z,,submit the final doc by midnight,important,deadline,deliverable,Generated important Group project/class chat message,56,56,8,64,deadline,100,"{""👀"":1}",deadline.payment:18; time.explicit:12; deadline.date-context:18; structure.concrete-details:8
msg_01257,Econ 302 Project,Group project/class chat,Jake,2026-04-20T06:48:00.000Z,msg_01129,might go downtown later,maybe,noise,vague_plan,Ambiguous message that may be useful in context,12,12,8,20,noise,30,"{""❓"":1,""✅"":1,""😂"":1}",event.social-anchor:12
msg_01258,Econ 302 Project,Group project/class chat,Grace,2026-04-20T06:53:00.000Z,,submit the final doc by midnight,important,deadline,deliverable,Generated important Group project/class chat message,56,56,18,74,deadline,100,"{""✅"":1,""📌"":1}",deadline.payment:18; time.explicit:12; deadline.date-context:18; structure.concrete-details:8
msg_01259,Econ 302 Project,Group project/class chat,Bella,2026-04-20T06:54:00.000Z,,presentation moved to Thursday,important,announcement,date_change,Generated important Group project/class chat message,51,51,12,63,announcement,81,"{""✅"":1}",announcement.change:30; time.weekday:7; announcement.date-context:14
msg_01260,Econ 302 Project,Group project/class chat,Marcus,2026-04-20T06:57:00.000Z,msg_01151,problem set is due tonight,important,deadline,assignment,Generated important Group project/class chat message,58,58,8,66,deadline,83,"{""👀"":1}",deadline.explicit:32; time.relative:8; deadline.date-context:18
msg_01261,Lot 14 Tailgate,Tailgate/party planning chat,Sam,2026-04-20T07:01:00.000Z,,setup moved to 10am,important,announcement,time_change,Generated important Tailgate/party planning chat message,56,56,18,74,announcement,83,"{""✅"":1,""👀"":1}",announcement.change:30; time.explicit:12; announcement.date-context:14
msg_01262,Lot 14 Tailgate,Tailgate/party planning chat,Logan,2026-04-20T07:04:00.000Z,,need two drivers for the cooler run,important,logistics,ride_request,Generated important Tailgate/party planning chat message,73,73,12,85,logistics,88,"{""✅"":1}",request.concrete-need:28; logistics.transport:20; logistics.supplies:25
msg_01263,Lot 14 Tailgate,Tailgate/party planning chat,Zoe,2026-04-20T07:07:00.000Z,,what time is tailgate again,maybe,question,event_question,Ambiguous message that may be useful in context,30,30,0,30,question,64,{},event.social-anchor:12; question.intent:10; question.event-context:8
msg_01264,Lot 14 Tailgate,Tailgate/party planning chat,Mia,2026-04-20T07:09:00.000Z,,party animal,noise,noise,noise,"Noise, joke, hype, or vague reply",0,0,0,0,noise,20,{},event.social-anchor:12; noise.vague-short:-12
msg_01265,Lot 14 Tailgate,Tailgate/party planning chat,Jake,2026-04-20T07:14:00.000Z,,need two drivers for the cooler run,important,logistics,ride_request,Generated important Tailgate/party planning chat message,73,73,8,81,logistics,88,"{""👀"":1}",request.concrete-need:28; logistics.transport:20; logistics.supplies:25
msg_01266,Lot 14 Tailgate,Tailgate/party planning chat,Ethan,2026-04-20T07:16:00.000Z,,tomorrow gonna be wild,noise,noise,noise,"Noise, joke, hype, or vague reply",8,8,0,8,noise,24,{},time.relative:8
msg_01267,Lot 14 Tailgate,Tailgate/party planning chat,Grace,2026-04-20T07:19:00.000Z,,need two drivers for the cooler run,important,logistics,ride_request,Generated important Tailgate/party planning chat message,73,73,8,81,logistics,88,"{""👀"":1}",request.concrete-need:28; logistics.transport:20; logistics.supplies:25
msg_01268,Lot 14 Tailgate,Tailgate/party planning chat,Nate,2026-04-20T07:21:00.000Z,,what time is tailgate again,maybe,question,event_question,Ambiguous message that may be useful in context,30,30,0,30,question,64,{},event.social-anchor:12; question.intent:10; question.event-context:8
msg_01269,Lot 14 Tailgate,Tailgate/party planning chat,Grace,2026-04-20T07:26:00.000Z,,might go downtown later,maybe,noise,vague_plan,Ambiguous message that may be useful in context,12,12,8,20,noise,30,"{""👀"":1,""😂"":1}",event.social-anchor:12
msg_01270,Lot 14 Tailgate,Tailgate/party planning chat,Nick,2026-04-20T07:27:00.000Z,,who has the speaker?,maybe,question,item_question,Ambiguous message that may be useful in context,10,10,0,10,noise,25,{},question.intent:10
msg_01271,Lot 14 Tailgate,Tailgate/party planning chat,Drew,2026-04-20T07:30:00.000Z,,I can drive after 10,maybe,logistics,availability,Ambiguous message that may be useful in context,42,42,0,42,logistics,60,{},logistics.transport:20; commitment.availability:22
msg_01272,Lot 14 Tailgate,Tailgate/party planning chat,Grace,2026-04-20T07:34:00.000Z,,pregame at the house?,maybe,question,event_question,Ambiguous message that may be useful in context,30,30,8,38,question,64,"{""❓"":1}",event.social-anchor:12; question.intent:10; question.event-context:8
msg_01273,Lot 14 Tailgate,Tailgate/party planning chat,Bella,2026-04-20T07:38:00.000Z,,bring drinks if you have any,maybe,logistics,soft_supplies,Ambiguous message that may be useful in context,25,25,0,25,logistics,46,{},logistics.supplies:25
msg_01274,Lot 14 Tailgate,Tailgate/party planning chat,Marcus,2026-04-20T07:41:00.000Z,msg_01271,bro,noise,noise,noise,"Noise, joke, hype, or vague reply",0,0,3,3,noise,22,"{""🔥"":1,""💀"":3,""😂"":2}",noise.one-word:-18; noise.casual-reply:-28; noise.vague-short:-12
msg_01275,Lot 14 Tailgate,Tailgate/party planning chat,Nick,2026-04-20T07:43:00.000Z,,parking passes are due by Friday,important,deadline,parking_deadline,Generated important Tailgate/party planning chat message,57,57,0,57,deadline,83,{},deadline.explicit:32; time.weekday:7; deadline.date-context:18
msg_01276,Lot 14 Tailgate,Tailgate/party planning chat,Nate,2026-04-20T07:47:00.000Z,msg_01273,parking passes are due by Friday,important,deadline,parking_deadline,Generated important Tailgate/party planning chat message,57,57,18,75,deadline,83,"{""📌"":1}",deadline.explicit:32; time.weekday:7; deadline.date-context:18
msg_01277,Lot 14 Tailgate,Tailgate/party planning chat,Cam,2026-04-20T07:49:00.000Z,,can someone bring cups and ice,important,request,supplies,Generated important Tailgate/party planning chat message,73,73,16,89,request,86,"{""👀"":1,""❓"":1}",request.can-someone:24; logistics.supplies:25; question.intent:10; request.bring-supplies:14
msg_01278,Lot 14 Tailgate,Tailgate/party planning chat,Logan,2026-04-20T07:53:00.000Z,,rush hour traffic sucks,noise,noise,noise,"Noise, joke, hype, or vague reply",12,12,0,12,noise,26,{},event.social-anchor:12
msg_01279,Lot 14 Tailgate,Tailgate/party planning chat,Sam,2026-04-20T07:56:00.000Z,,🔥🔥🔥,noise,noise,noise,"Noise, joke, hype, or vague reply",0,0,0,0,noise,20,{},noise.one-word:-18; noise.emoji-only:-35; noise.vague-short:-12
msg_01280,Lot 14 Tailgate,Tailgate/party planning chat,Cam,2026-04-20T07:57:00.000Z,,might go downtown later,maybe,noise,vague_plan,Ambiguous message that may be useful in context,12,12,8,20,noise,30,"{""👀"":1,""😂"":1}",event.social-anchor:12
msg_01281,Lot 14 Tailgate,Tailgate/party planning chat,Riley,2026-04-20T08:00:00.000Z,,pregame at the house?,maybe,question,event_question,Ambiguous message that may be useful in context,30,30,8,38,question,64,"{""👀"":1}",event.social-anchor:12; question.intent:10; question.event-context:8
msg_01282,Lot 14 Tailgate,Tailgate/party planning chat,Zoe,2026-04-20T08:04:00.000Z,,I can drive after 10,maybe,logistics,availability,Ambiguous message that may be useful in context,42,42,0,42,logistics,60,{},logistics.transport:20; commitment.availability:22
msg_01283,Lot 14 Tailgate,Tailgate/party planning chat,Nate,2026-04-20T08:07:00.000Z,,what time is tailgate again,maybe,question,event_question,Ambiguous message that may be useful in context,30,30,0,30,question,64,{},event.social-anchor:12; question.intent:10; question.event-context:8
msg_01284,Lot 14 Tailgate,Tailgate/party planning chat,Luke,2026-04-20T08:11:00.000Z,,????????,noise,noise,noise,"Noise, joke, hype, or vague reply",0,0,0,0,noise,20,{},question.intent:10; noise.one-word:-18; noise.repeated:-16; noise.vague-short:-12
msg_01285,Lot 14 Tailgate,Tailgate/party planning chat,Nate,2026-04-20T08:13:00.000Z,,lmao,noise,noise,noise,"Noise, joke, hype, or vague reply",0,0,0,0,noise,20,{},noise.one-word:-18; noise.laughter:-35; noise.vague-short:-12
msg_01286,Lot 14 Tailgate,Tailgate/party planning chat,Ethan,2026-04-20T08:16:00.000Z,,what time is tailgate again,maybe,question,event_question,Ambiguous message that may be useful in context,30,30,0,30,question,64,{},event.social-anchor:12; question.intent:10; question.event-context:8
msg_01287,Lot 14 Tailgate,Tailgate/party planning chat,Drew,2026-04-20T08:20:00.000Z,msg_01269,setup moved to 10am,important,announcement,time_change,Generated important Tailgate/party planning chat message,56,56,18,74,announcement,83,"{""📌"":1}",announcement.change:30; time.explicit:12; announcement.date-context:14
msg_01288,Lot 14 Tailgate,Tailgate/party planning chat,Olivia,2026-04-20T08:22:00.000Z,,absolute cinema,noise,noise,noise,"Noise, joke, hype, or vague reply",0,0,3,3,noise,22,"{""😂"":4,""🔥"":1}",noise.hype-only:-24; noise.vague-short:-12
msg_01289,Lot 14 Tailgate,Tailgate/party planning chat,Jake,2026-04-20T08:24:00.000Z,,what time is tailgate again,maybe,question,event_question,Ambiguous message that may be useful in context,30,30,0,30,question,64,{},event.social-anchor:12; question.intent:10; question.event-context:8
msg_01290,Lot 14 Tailgate,Tailgate/party planning chat,Ethan,2026-04-20T08:28:00.000Z,,I can bring cups,maybe,logistics,supply_commitment,Ambiguous message that may be useful in context,35,35,0,35,logistics,58,{},logistics.supplies:25; commitment.availability:22; noise.vague-short:-12
msg_01291,Lot 14 Tailgate,Tailgate/party planning chat,Nate,2026-04-20T08:31:00.000Z,,fire fit,noise,noise,noise,"Noise, joke, hype, or vague reply",0,0,0,0,noise,20,{},noise.vague-short:-12
msg_01292,Lot 14 Tailgate,Tailgate/party planning chat,Harper,2026-04-20T08:34:00.000Z,,formal apology incoming,noise,noise,noise,"Noise, joke, hype, or vague reply",12,12,0,12,noise,26,{},event.social-anchor:12
msg_01293,Lot 14 Tailgate,Tailgate/party planning chat,Harper,2026-04-20T08:38:00.000Z,,bring drinks if you have any,maybe,logistics,soft_supplies,Ambiguous message that may be useful in context,25,25,8,33,logistics,46,"{""👀"":1}",logistics.supplies:25
msg_01294,Lot 14 Tailgate,Tailgate/party planning chat,Jake,2026-04-20T08:39:00.000Z,msg_01282,anyone able to grab snacks?,maybe,request,soft_request,Ambiguous message that may be useful in context,73,73,8,81,request,86,"{""❓"":1}",request.can-someone:24; logistics.supplies:25; question.intent:10; request.bring-supplies:14
msg_01295,Lot 14 Tailgate,Tailgate/party planning chat,Marcus,2026-04-20T08:43:00.000Z,,lmao,noise,noise,noise,"Noise, joke, hype, or vague reply",0,0,0,0,noise,20,{},noise.one-word:-18; noise.laughter:-35; noise.vague-short:-12
msg_01296,Lot 14 Tailgate,Tailgate/party planning chat,Noah,2026-04-20T08:47:00.000Z,,lol,noise,noise,noise,"Noise, joke, hype, or vague reply",0,0,0,0,noise,20,"{""💀"":2,""😂"":1}",noise.one-word:-18; noise.laughter:-35; noise.vague-short:-12
msg_01297,Lot 14 Tailgate,Tailgate/party planning chat,Cam,2026-04-20T08:49:00.000Z,msg_01264,can someone bring cups and ice,important,request,supplies,Generated important Tailgate/party planning chat message,73,73,20,93,request,86,"{""✅"":1,""❓"":1}",request.can-someone:24; logistics.supplies:25; question.intent:10; request.bring-supplies:14
msg_01298,Lot 14 Tailgate,Tailgate/party planning chat,Nick,2026-04-20T08:51:00.000Z,,fire fit,noise,noise,noise,"Noise, joke, hype, or vague reply",0,0,0,0,noise,20,{},noise.vague-short:-12
msg_01299,Lot 14 Tailgate,Tailgate/party planning chat,Harper,2026-04-20T08:56:00.000Z,,????????,noise,noise,noise,"Noise, joke, hype, or vague reply",0,0,0,0,noise,20,{},question.intent:10; noise.one-word:-18; noise.repeated:-16; noise.vague-short:-12
msg_01300,Lot 14 Tailgate,Tailgate/party planning chat,Drew,2026-04-20T08:58:00.000Z,msg_01290,yo,noise,noise,noise,"Noise, joke, hype, or vague reply",0,0,0,0,noise,20,{},noise.one-word:-18; noise.casual-reply:-28; noise.vague-short:-12
msg_01301,Lot 14 Tailgate,Tailgate/party planning chat,Ethan,2026-04-20T09:00:00.000Z,,yo,noise,noise,noise,"Noise, joke, hype, or vague reply",0,0,6,6,noise,23,"{""💀"":3,""😂"":3,""🔥"":2}",noise.one-word:-18; noise.casual-reply:-28; noise.vague-short:-12
msg_01302,Lot 14 Tailgate,Tailgate/party planning chat,Zoe,2026-04-20T09:03:00.000Z,,real,noise,noise,noise,"Noise, joke, hype, or vague reply",0,0,0,0,noise,20,"{""💀"":1}",noise.one-word:-18; noise.casual-reply:-28; noise.vague-short:-12
msg_01303,Lot 14 Tailgate,Tailgate/party planning chat,Nate,2026-04-20T09:08:00.000Z,,W,noise,noise,noise,"Noise, joke, hype, or vague reply",0,0,3,3,noise,22,"{""💀"":1,""🔥"":1}",noise.one-word:-18; noise.casual-reply:-28; noise.vague-short:-12
msg_01304,Lot 14 Tailgate,Tailgate/party planning chat,Drew,2026-04-20T09:09:00.000Z,,W,noise,noise,noise,"Noise, joke, hype, or vague reply",0,0,0,0,noise,20,{},noise.one-word:-18; noise.casual-reply:-28; noise.vague-short:-12
msg_01305,Lot 14 Tailgate,Tailgate/party planning chat,Noah,2026-04-20T09:13:00.000Z,,pregame at the house?,maybe,question,event_question,Ambiguous message that may be useful in context,30,30,0,30,question,64,{},event.social-anchor:12; question.intent:10; question.event-context:8
msg_01306,Lot 14 Tailgate,Tailgate/party planning chat,Luke,2026-04-20T09:15:00.000Z,,what time is tailgate again,maybe,question,event_question,Ambiguous message that may be useful in context,30,30,8,38,question,64,"{""👀"":1}",event.social-anchor:12; question.intent:10; question.event-context:8
msg_01307,Lot 14 Tailgate,Tailgate/party planning chat,Sam,2026-04-20T09:19:00.000Z,,I could drive tomorrow,maybe,logistics,availability,Ambiguous message that may be useful in context,50,50,0,50,logistics,71,{},logistics.transport:20; commitment.availability:22; time.relative:8
msg_01308,Lot 14 Tailgate,Tailgate/party planning chat,Logan,2026-04-20T09:21:00.000Z,,tailgate starts at noon in Lot 14,important,event,tailgate_time,Generated important Tailgate/party planning chat message,76,76,8,84,event,100,"{""👀"":1}",event.social-anchor:12; event.starts-time:28; time.explicit:12; event.concrete-time:16; structure.concrete-details:8
msg_01309,Lot 14 Tailgate,Tailgate/party planning chat,Luke,2026-04-20T09:24:00.000Z,,absolute cinema,noise,noise,noise,"Noise, joke, hype, or vague reply",0,0,0,0,noise,20,{},noise.hype-only:-24; noise.vague-short:-12
msg_01310,Lot 14 Tailgate,Tailgate/party planning chat,Cam,2026-04-20T09:27:00.000Z,,9 is crazy,noise,noise,noise,"Noise, joke, hype, or vague reply",0,0,0,0,noise,20,{},noise.vague-short:-12
msg_01311,Lot 14 Tailgate,Tailgate/party planning chat,Jake,2026-04-20T09:32:00.000Z,,anyone able to grab snacks?,maybe,request,soft_request,Ambiguous message that may be useful in context,73,73,16,89,request,86,"{""❓"":1,""👀"":1,""😂"":1}",request.can-someone:24; logistics.supplies:25; question.intent:10; request.bring-supplies:14
msg_01312,Lot 14 Tailgate,Tailgate/party planning chat,Logan,2026-04-20T09:33:00.000Z,,are we still doing the same place?,maybe,question,context_needed,Ambiguous message that may be useful in context,10,10,8,18,noise,29,"{""❓"":1}",question.intent:10
msg_01313,Lot 14 Tailgate,Tailgate/party planning chat,Drew,2026-04-20T09:36:00.000Z,,fire fit,noise,noise,noise,"Noise, joke, hype, or vague reply",0,0,0,0,noise,20,{},noise.vague-short:-12
msg_01314,Lot 14 Tailgate,Tailgate/party planning chat,Harper,2026-04-20T09:39:00.000Z,,tailgate starts at noon in Lot 14,important,event,tailgate_time,Generated important Tailgate/party planning chat message,76,76,12,88,event,100,"{""✅"":1}",event.social-anchor:12; event.starts-time:28; time.explicit:12; event.concrete-time:16; structure.concrete-details:8
msg_01315,Lot 14 Tailgate,Tailgate/party planning chat,Ethan,2026-04-20T09:44:00.000Z,,bring drinks if you have any,maybe,logistics,soft_supplies,Ambiguous message that may be useful in context,25,25,0,25,logistics,46,{},logistics.supplies:25
msg_01316,Lot 14 Tailgate,Tailgate/party planning chat,Grace,2026-04-20T09:46:00.000Z,,where we at,noise,noise,noise,"Noise, joke, hype, or vague reply",0,0,6,6,noise,23,"{""💀"":2,""😂"":1,""🔥"":2}",question.intent:10; noise.vague-short:-12
msg_01317,Lot 14 Tailgate,Tailgate/party planning chat,Grace,2026-04-20T09:48:00.000Z,,tailgate starts at noon in Lot 14,important,event,tailgate_time,Generated important Tailgate/party planning chat message,76,76,0,76,event,100,{},event.social-anchor:12; event.starts-time:28; time.explicit:12; event.concrete-time:16; structure.concrete-details:8
msg_01318,Lot 14 Tailgate,Tailgate/party planning chat,Marcus,2026-04-20T09:53:00.000Z,,does anyone have tickets left?,maybe,request,ticket_availability,Ambiguous message that may be useful in context,46,46,0,46,request,69,{},deadline.payment:18; request.ticket-availability:18; question.intent:10
msg_01319,Lot 14 Tailgate,Tailgate/party planning chat,Harper,2026-04-20T09:56:00.000Z,,😭😭😭,noise,noise,noise,"Noise, joke, hype, or vague reply",0,0,0,0,noise,20,"{""😂"":1}",noise.one-word:-18; noise.emoji-only:-35; noise.vague-short:-12
msg_01320,Lot 14 Tailgate,Tailgate/party planning chat,Drew,2026-04-20T09:59:00.000Z,,who let him cook?,noise,noise,noise,"Noise, joke, hype, or vague reply",0,0,0,0,noise,20,{},question.intent:10; noise.vague-short:-12
msg_01321,Lot 14 Tailgate,Tailgate/party planning chat,Olivia,2026-04-20T10:01:00.000Z,,fire fit,noise,noise,noise,"Noise, joke, hype, or vague reply",0,0,0,0,noise,20,{},noise.vague-short:-12
msg_01322,Lot 14 Tailgate,Tailgate/party planning chat,Nate,2026-04-20T10:04:00.000Z,,😭😭😭,noise,noise,noise,"Noise, joke, hype, or vague reply",0,0,8,8,noise,24,"{""🔥"":3,""😂"":1}",noise.one-word:-18; noise.emoji-only:-35; noise.vague-short:-12
msg_01323,Lot 14 Tailgate,Tailgate/party planning chat,Noah,2026-04-20T10:07:00.000Z,,tailgate starts at noon in Lot 14,important,event,tailgate_time,Generated important Tailgate/party planning chat message,76,76,20,96,event,100,"{""✅"":1,""👀"":1}",event.social-anchor:12; event.starts-time:28; time.explicit:12; event.concrete-time:16; structure.concrete-details:8
msg_01324,Lot 14 Tailgate,Tailgate/party planning chat,Logan,2026-04-20T10:09:00.000Z,,setup moved to 10am,important,announcement,time_change,Generated important Tailgate/party planning chat message,56,56,8,64,announcement,83,"{""👀"":1}",announcement.change:30; time.explicit:12; announcement.date-context:14
msg_01325,Lot 14 Tailgate,Tailgate/party planning chat,Luke,2026-04-20T10:13:00.000Z,,skull,noise,noise,noise,"Noise, joke, hype, or vague reply",0,0,0,0,noise,20,{},noise.one-word:-18; noise.casual-reply:-28; noise.vague-short:-12
msg_01326,Lot 14 Tailgate,Tailgate/party planning chat,Ethan,2026-04-20T10:17:00.000Z,,who has the speaker?,maybe,question,item_question,Ambiguous message that may be useful in context,10,10,0,10,noise,25,"{""😂"":1}",question.intent:10
msg_01327,Lot 14 Tailgate,Tailgate/party planning chat,Nick,2026-04-20T10:19:00.000Z,msg_01278,I can bring cups,maybe,logistics,supply_commitment,Ambiguous message that may be useful in context,35,35,18,53,logistics,58,"{""❓"":1,""✅"":1}",logistics.supplies:25; commitment.availability:22; noise.vague-short:-12
msg_01328,Lot 14 Tailgate,Tailgate/party planning chat,Grace,2026-04-20T10:22:00.000Z,,parking passes are due by Friday,important,deadline,parking_deadline,Generated important Tailgate/party planning chat message,57,57,8,65,deadline,83,"{""👀"":1}",deadline.explicit:32; time.weekday:7; deadline.date-context:18
msg_01329,Lot 14 Tailgate,Tailgate/party planning chat,Harper,2026-04-20T10:25:00.000Z,,tailgate starts at noon in Lot 14,important,event,tailgate_time,Generated important Tailgate/party planning chat message,76,76,0,76,event,100,{},event.social-anchor:12; event.starts-time:28; time.explicit:12; event.concrete-time:16; structure.concrete-details:8
msg_01330,Lot 14 Tailgate,Tailgate/party planning chat,Cam,2026-04-20T10:29:00.000Z,,who has the speaker?,maybe,question,item_question,Ambiguous message that may be useful in context,10,10,0,10,noise,25,{},question.intent:10
msg_01331,Lot 14 Tailgate,Tailgate/party planning chat,Zoe,2026-04-20T10:31:00.000Z,,can someone bring cups and ice,important,request,supplies,Generated important Tailgate/party planning chat message,73,73,8,81,request,86,"{""❓"":1}",request.can-someone:24; logistics.supplies:25; question.intent:10; request.bring-supplies:14
msg_01332,Lot 14 Tailgate,Tailgate/party planning chat,Noah,2026-04-20T10:33:00.000Z,msg_01282,no shot,noise,noise,noise,"Noise, joke, hype, or vague reply",0,0,0,0,noise,20,{},noise.hype-only:-24; noise.vague-short:-12
msg_01333,Lot 14 Tailgate,Tailgate/party planning chat,Nick,2026-04-20T10:36:00.000Z,,parking passes are due by Friday,important,deadline,parking_deadline,Generated important Tailgate/party planning chat message,57,57,8,65,deadline,83,"{""👀"":1}",deadline.explicit:32; time.weekday:7; deadline.date-context:18
msg_01334,Lot 14 Tailgate,Tailgate/party planning chat,Olivia,2026-04-20T10:39:00.000Z,,who all is going Friday?,maybe,plan,attendance_question,Ambiguous message that may be useful in context,37,37,0,37,plan,66,{},plan.whos-going:20; time.weekday:7; question.intent:10
msg_01335,Lot 14 Tailgate,Tailgate/party planning chat,Sam,2026-04-20T10:43:00.000Z,,why is bro like this?,noise,noise,noise,"Noise, joke, hype, or vague reply",10,10,0,10,noise,25,{},question.intent:10
msg_01336,Lot 14 Tailgate,Tailgate/party planning chat,Mia,2026-04-20T10:45:00.000Z,,why is bro like this?,noise,noise,noise,"Noise, joke, hype, or vague reply",10,10,0,10,noise,25,"{""😂"":1}",question.intent:10
msg_01337,Lot 14 Tailgate,Tailgate/party planning chat,Nate,2026-04-20T10:49:00.000Z,,bro,noise,noise,noise,"Noise, joke, hype, or vague reply",0,0,0,0,noise,20,{},noise.one-word:-18; noise.casual-reply:-28; noise.vague-short:-12
msg_01338,Lot 14 Tailgate,Tailgate/party planning chat,Ethan,2026-04-20T10:51:00.000Z,,tailgate starts at noon in Lot 14,important,event,tailgate_time,Generated important Tailgate/party planning chat message,76,76,20,96,event,100,"{""✅"":1,""👀"":1}",event.social-anchor:12; event.starts-time:28; time.explicit:12; event.concrete-time:16; structure.concrete-details:8
msg_01339,Lot 14 Tailgate,Tailgate/party planning chat,Riley,2026-04-20T10:55:00.000Z,,setup moved to 10am,important,announcement,time_change,Generated important Tailgate/party planning chat message,56,56,0,56,announcement,83,{},announcement.change:30; time.explicit:12; announcement.date-context:14
msg_01340,Lot 14 Tailgate,Tailgate/party planning chat,Zoe,2026-04-20T10:57:00.000Z,,bro said formal like he owns the place,noise,noise,noise,"Noise, joke, hype, or vague reply",12,12,0,12,noise,26,{},event.social-anchor:12
msg_01341,Lot 14 Tailgate,Tailgate/party planning chat,Noah,2026-04-20T11:02:00.000Z,,I could drive tomorrow,maybe,logistics,availability,Ambiguous message that may be useful in context,50,50,0,50,logistics,71,{},logistics.transport:20; commitment.availability:22; time.relative:8
msg_01342,Lot 14 Tailgate,Tailgate/party planning chat,Noah,2026-04-20T11:03:00.000Z,,can someone bring cups and ice,important,request,supplies,Generated important Tailgate/party planning chat message,73,73,16,89,request,86,"{""👀"":1,""❓"":1}",request.can-someone:24; logistics.supplies:25; question.intent:10; request.bring-supplies:14
msg_01343,Lot 14 Tailgate,Tailgate/party planning chat,Nate,2026-04-20T11:06:00.000Z,,fire,noise,noise,noise,"Noise, joke, hype, or vague reply",0,0,0,0,noise,20,{},noise.one-word:-18; noise.casual-reply:-28; noise.vague-short:-12
msg_01344,Lot 14 Tailgate,Tailgate/party planning chat,Logan,2026-04-20T11:10:00.000Z,,need bro to retire,noise,noise,noise,"Noise, joke, hype, or vague reply",0,0,0,0,noise,20,{},
msg_01345,Lot 14 Tailgate,Tailgate/party planning chat,Zoe,2026-04-20T11:12:00.000Z,,anyone able to grab snacks?,maybe,request,soft_request,Ambiguous message that may be useful in context,73,73,8,81,request,86,"{""👀"":1}",request.can-someone:24; logistics.supplies:25; question.intent:10; request.bring-supplies:14
msg_01346,Lot 14 Tailgate,Tailgate/party planning chat,Cam,2026-04-20T11:16:00.000Z,,🔥🔥🔥,noise,noise,noise,"Noise, joke, hype, or vague reply",0,0,0,0,noise,20,"{""😂"":6,""💀"":1}",noise.one-word:-18; noise.emoji-only:-35; noise.vague-short:-12
msg_01347,Lot 14 Tailgate,Tailgate/party planning chat,Cam,2026-04-20T11:20:00.000Z,,setup moved to 10am,important,announcement,time_change,Generated important Tailgate/party planning chat message,56,56,0,56,announcement,83,{},announcement.change:30; time.explicit:12; announcement.date-context:14
msg_01348,Lot 14 Tailgate,Tailgate/party planning chat,Luke,2026-04-20T11:23:00.000Z,,pregame at the house?,maybe,question,event_question,Ambiguous message that may be useful in context,30,30,8,38,question,64,"{""❓"":1}",event.social-anchor:12; question.intent:10; question.event-context:8
msg_01349,Lot 14 Tailgate,Tailgate/party planning chat,Ethan,2026-04-20T11:26:00.000Z,,what time is tailgate again,maybe,question,event_question,Ambiguous message that may be useful in context,30,30,8,38,question,64,"{""❓"":1}",event.social-anchor:12; question.intent:10; question.event-context:8
msg_01350,Lot 14 Tailgate,Tailgate/party planning chat,Grace,2026-04-20T11:28:00.000Z,,who has the speaker?,maybe,question,item_question,Ambiguous message that may be useful in context,10,10,0,10,noise,25,{},question.intent:10
msg_01351,Lot 14 Tailgate,Tailgate/party planning chat,Riley,2026-04-20T11:31:00.000Z,,tailgate starts at noon in Lot 14,important,event,tailgate_time,Generated important Tailgate/party planning chat message,76,76,30,100,event,100,"{""✅"":1,""📌"":1}",event.social-anchor:12; event.starts-time:28; time.explicit:12; event.concrete-time:16; structure.concrete-details:8
msg_01352,Lot 14 Tailgate,Tailgate/party planning chat,Ethan,2026-04-20T11:34:00.000Z,msg_01300,who all is going Friday?,maybe,plan,attendance_question,Ambiguous message that may be useful in context,37,37,0,37,plan,66,{},plan.whos-going:20; time.weekday:7; question.intent:10
msg_01353,Lot 14 Tailgate,Tailgate/party planning chat,Sam,2026-04-20T11:38:00.000Z,,????????,noise,noise,noise,"Noise, joke, hype, or vague reply",0,0,0,0,noise,20,{},question.intent:10; noise.one-word:-18; noise.repeated:-16; noise.vague-short:-12
msg_01354,Lot 14 Tailgate,Tailgate/party planning chat,Olivia,2026-04-20T11:40:00.000Z,,real,noise,noise,noise,"Noise, joke, hype, or vague reply",0,0,0,0,noise,20,{},noise.one-word:-18; noise.casual-reply:-28; noise.vague-short:-12
msg_01355,Lot 14 Tailgate,Tailgate/party planning chat,Mia,2026-04-20T11:42:00.000Z,msg_01302,formal apology incoming,noise,noise,noise,"Noise, joke, hype, or vague reply",12,12,0,12,noise,26,{},event.social-anchor:12
msg_01356,Lot 14 Tailgate,Tailgate/party planning chat,Sam,2026-04-20T11:47:00.000Z,,parking passes are due by Friday,important,deadline,parking_deadline,Generated important Tailgate/party planning chat message,57,57,18,75,deadline,83,"{""📌"":1}",deadline.explicit:32; time.weekday:7; deadline.date-context:18
msg_01357,Lot 14 Tailgate,Tailgate/party planning chat,Cam,2026-04-20T11:50:00.000Z,,meeting my downfall rn,noise,noise,noise,"Noise, joke, hype, or vague reply",12,12,0,12,noise,26,{},event.social-anchor:12
msg_01358,Lot 14 Tailgate,Tailgate/party planning chat,Luke,2026-04-20T11:51:00.000Z,,are we still doing the same place?,maybe,question,context_needed,Ambiguous message that may be useful in context,10,10,0,10,noise,25,{},question.intent:10
msg_01359,Lot 14 Tailgate,Tailgate/party planning chat,Jake,2026-04-20T11:54:00.000Z,,might go downtown later,maybe,noise,vague_plan,Ambiguous message that may be useful in context,12,12,8,20,noise,30,"{""❓"":1,""✅"":1}",event.social-anchor:12
msg_01360,Lot 14 Tailgate,Tailgate/party planning chat,Riley,2026-04-20T11:57:00.000Z,,setup moved to 10am,important,announcement,time_change,Generated important Tailgate/party planning chat message,56,56,18,74,announcement,83,"{""📌"":1}",announcement.change:30; time.explicit:12; announcement.date-context:14
msg_01361,Lot 14 Tailgate,Tailgate/party planning chat,Jake,2026-04-20T12:00:00.000Z,,parking passes are due by Friday,important,deadline,parking_deadline,Generated important Tailgate/party planning chat message,57,57,8,65,deadline,83,"{""👀"":1}",deadline.explicit:32; time.weekday:7; deadline.date-context:18
msg_01362,Lot 14 Tailgate,Tailgate/party planning chat,Drew,2026-04-20T12:04:00.000Z,,who all is going Friday?,maybe,plan,attendance_question,Ambiguous message that may be useful in context,37,37,12,49,plan,66,"{""✅"":1,""😂"":1}",plan.whos-going:20; time.weekday:7; question.intent:10
msg_01363,Lot 14 Tailgate,Tailgate/party planning chat,Grace,2026-04-20T12:08:00.000Z,,who has the speaker?,maybe,question,item_question,Ambiguous message that may be useful in context,10,10,0,10,noise,25,{},question.intent:10
msg_01364,Lot 14 Tailgate,Tailgate/party planning chat,Olivia,2026-04-20T12:09:00.000Z,,parking passes are due by Friday,important,deadline,parking_deadline,Generated important Tailgate/party planning chat message,57,57,0,57,deadline,83,{},deadline.explicit:32; time.weekday:7; deadline.date-context:18
msg_01365,Lot 14 Tailgate,Tailgate/party planning chat,Riley,2026-04-20T12:14:00.000Z,,I could drive tomorrow,maybe,logistics,availability,Ambiguous message that may be useful in context,50,50,16,66,logistics,71,"{""❓"":1,""👀"":1}",logistics.transport:20; commitment.availability:22; time.relative:8
msg_01366,Lot 14 Tailgate,Tailgate/party planning chat,Luke,2026-04-20T12:17:00.000Z,,meeting my downfall rn,noise,noise,noise,"Noise, joke, hype, or vague reply",12,12,0,12,noise,26,{},event.social-anchor:12
msg_01367,Lot 14 Tailgate,Tailgate/party planning chat,Harper,2026-04-20T12:20:00.000Z,,lmao,noise,noise,noise,"Noise, joke, hype, or vague reply",0,0,0,0,noise,20,{},noise.one-word:-18; noise.laughter:-35; noise.vague-short:-12
msg_01368,Lot 14 Tailgate,Tailgate/party planning chat,Zoe,2026-04-20T12:21:00.000Z,,where we at,noise,noise,noise,"Noise, joke, hype, or vague reply",0,0,0,0,noise,20,{},question.intent:10; noise.vague-short:-12
msg_01369,Lot 14 Tailgate,Tailgate/party planning chat,Grace,2026-04-20T12:24:00.000Z,,bring drinks if you have any,maybe,logistics,soft_supplies,Ambiguous message that may be useful in context,25,25,0,25,logistics,46,{},logistics.supplies:25
msg_01370,Lot 14 Tailgate,Tailgate/party planning chat,Harper,2026-04-20T12:28:00.000Z,,go go go go,noise,noise,noise,"Noise, joke, hype, or vague reply",0,0,0,0,noise,20,{},noise.repeated:-16; noise.vague-short:-12
msg_01371,Lot 14 Tailgate,Tailgate/party planning chat,Grace,2026-04-20T12:32:00.000Z,,lmao,noise,noise,noise,"Noise, joke, hype, or vague reply",0,0,0,0,noise,20,{},noise.one-word:-18; noise.laughter:-35; noise.vague-short:-12
msg_01372,Lot 14 Tailgate,Tailgate/party planning chat,Mia,2026-04-20T12:35:00.000Z,,parking passes are due by Friday,important,deadline,parking_deadline,Generated important Tailgate/party planning chat message,57,57,8,65,deadline,83,"{""👀"":1}",deadline.explicit:32; time.weekday:7; deadline.date-context:18
msg_01373,Lot 14 Tailgate,Tailgate/party planning chat,Nick,2026-04-20T12:37:00.000Z,,deadline for being washed is tonight,noise,noise,noise,"Noise, joke, hype, or vague reply",58,58,6,64,deadline,83,"{""🔥"":2,""💀"":3,""😂"":2}",deadline.explicit:32; time.relative:8; deadline.date-context:18
msg_01374,Lot 14 Tailgate,Tailgate/party planning chat,Logan,2026-04-20T12:40:00.000Z,msg_01324,tailgate starts at noon in Lot 14,important,event,tailgate_time,Generated important Tailgate/party planning chat message,76,76,30,100,event,100,"{""✅"":1,""📌"":1}",event.social-anchor:12; event.starts-time:28; time.explicit:12; event.concrete-time:16; structure.concrete-details:8
msg_01375,Lot 14 Tailgate,Tailgate/party planning chat,Noah,2026-04-20T12:42:00.000Z,msg_01352,tailgate starts at noon in Lot 14,important,event,tailgate_time,Generated important Tailgate/party planning chat message,76,76,30,100,event,100,"{""👀"":1,""📌"":1}",event.social-anchor:12; event.starts-time:28; time.explicit:12; event.concrete-time:16; structure.concrete-details:8
msg_01376,Lot 14 Tailgate,Tailgate/party planning chat,Jake,2026-04-20T12:45:00.000Z,,I can bring cups,maybe,logistics,supply_commitment,Ambiguous message that may be useful in context,35,35,0,35,logistics,58,"{""😂"":1}",logistics.supplies:25; commitment.availability:22; noise.vague-short:-12
msg_01377,Lot 14 Tailgate,Tailgate/party planning chat,Marcus,2026-04-20T12:49:00.000Z,,who up,noise,noise,noise,"Noise, joke, hype, or vague reply",0,0,0,0,noise,20,{},noise.hype-only:-24; noise.casual-question:-14; noise.vague-short:-12
msg_01378,Lot 14 Tailgate,Tailgate/party planning chat,Cam,2026-04-20T12:53:00.000Z,,nah,noise,noise,noise,"Noise, joke, hype, or vague reply",0,0,0,0,noise,20,{},noise.one-word:-18; noise.casual-reply:-28; noise.vague-short:-12
msg_01379,Lot 14 Tailgate,Tailgate/party planning chat,Logan,2026-04-20T12:56:00.000Z,,real,noise,noise,noise,"Noise, joke, hype, or vague reply",0,0,0,0,noise,20,{},noise.one-word:-18; noise.casual-reply:-28; noise.vague-short:-12
msg_01380,Lot 14 Tailgate,Tailgate/party planning chat,Riley,2026-04-20T12:57:00.000Z,msg_01334,I can drive after 10,maybe,logistics,availability,Ambiguous message that may be useful in context,42,42,8,50,logistics,60,"{""❓"":1}",logistics.transport:20; commitment.availability:22
msg_01381,Lot 14 Tailgate,Tailgate/party planning chat,Luke,2026-04-20T13:02:00.000Z,,I could drive tomorrow,maybe,logistics,availability,Ambiguous message that may be useful in context,50,50,0,50,logistics,71,{},logistics.transport:20; commitment.availability:22; time.relative:8
msg_01382,Lot 14 Tailgate,Tailgate/party planning chat,Ethan,2026-04-20T13:03:00.000Z,,deadline for being washed is tonight,noise,noise,noise,"Noise, joke, hype, or vague reply",58,58,0,58,deadline,83,{},deadline.explicit:32; time.relative:8; deadline.date-context:18
msg_01383,Lot 14 Tailgate,Tailgate/party planning chat,Nate,2026-04-20T13:07:00.000Z,,pregame at the house?,maybe,question,event_question,Ambiguous message that may be useful in context,30,30,12,42,question,64,"{""✅"":1}",event.social-anchor:12; question.intent:10; question.event-context:8
msg_01384,Lot 14 Tailgate,Tailgate/party planning chat,Luke,2026-04-20T13:11:00.000Z,,can someone bring cups and ice,important,request,supplies,Generated important Tailgate/party planning chat message,73,73,8,81,request,86,"{""❓"":1}",request.can-someone:24; logistics.supplies:25; question.intent:10; request.bring-supplies:14
msg_01385,Lot 14 Tailgate,Tailgate/party planning chat,Drew,2026-04-20T13:13:00.000Z,,tailgate starts at noon in Lot 14,important,event,tailgate_time,Generated important Tailgate/party planning chat message,76,76,12,88,event,100,"{""✅"":1}",event.social-anchor:12; event.starts-time:28; time.explicit:12; event.concrete-time:16; structure.concrete-details:8
msg_01386,Lot 14 Tailgate,Tailgate/party planning chat,Olivia,2026-04-20T13:17:00.000Z,,need two drivers for the cooler run,important,logistics,ride_request,Generated important Tailgate/party planning chat message,73,73,20,93,logistics,88,"{""✅"":1,""👀"":1}",request.concrete-need:28; logistics.transport:20; logistics.supplies:25
msg_01387,Lot 14 Tailgate,Tailgate/party planning chat,Bella,2026-04-20T13:18:00.000Z,,parking passes are due by Friday,important,deadline,parking_deadline,Generated important Tailgate/party planning chat message,57,57,8,65,deadline,83,"{""👀"":1}",deadline.explicit:32; time.weekday:7; deadline.date-context:18
msg_01388,Lot 14 Tailgate,Tailgate/party planning chat,Logan,2026-04-20T13:22:00.000Z,,meeting my downfall rn,noise,noise,noise,"Noise, joke, hype, or vague reply",12,12,0,12,noise,26,{},event.social-anchor:12
msg_01389,Lot 14 Tailgate,Tailgate/party planning chat,Nate,2026-04-20T13:26:00.000Z,,anyone going out tonight?,maybe,plan,loose_plan,Ambiguous message that may be useful in context,38,38,0,38,plan,67,{},plan.whos-going:20; time.relative:8; question.intent:10
msg_01390,Lot 14 Tailgate,Tailgate/party planning chat,Olivia,2026-04-20T13:29:00.000Z,,what time are y'all leaving?,maybe,plan,departure_question,Ambiguous message that may be useful in context,30,30,0,30,plan,56,{},plan.leaving-meeting:20; question.intent:10
msg_01391,Lot 14 Tailgate,Tailgate/party planning chat,Jake,2026-04-20T13:32:00.000Z,,tailgate starts at noon in Lot 14,important,event,tailgate_time,Generated important Tailgate/party planning chat message,76,76,0,76,event,100,{},event.social-anchor:12; event.starts-time:28; time.explicit:12; event.concrete-time:16; structure.concrete-details:8
msg_01392,Lot 14 Tailgate,Tailgate/party planning chat,Cam,2026-04-20T13:34:00.000Z,,anyone able to grab snacks?,maybe,request,soft_request,Ambiguous message that may be useful in context,73,73,8,81,request,86,"{""👀"":1}",request.can-someone:24; logistics.supplies:25; question.intent:10; request.bring-supplies:14
msg_01393,Lot 14 Tailgate,Tailgate/party planning chat,Nick,2026-04-20T13:38:00.000Z,,I could drive tomorrow,maybe,logistics,availability,Ambiguous message that may be useful in context,50,50,0,50,logistics,71,"{""😂"":1}",logistics.transport:20; commitment.availability:22; time.relative:8
msg_01394,Lot 14 Tailgate,Tailgate/party planning chat,Bella,2026-04-20T13:41:00.000Z,,tailgate starts at noon in Lot 14,important,event,tailgate_time,Generated important Tailgate/party planning chat message,76,76,20,96,event,100,"{""✅"":1,""👀"":1}",event.social-anchor:12; event.starts-time:28; time.explicit:12; event.concrete-time:16; structure.concrete-details:8
msg_01395,Lot 14 Tailgate,Tailgate/party planning chat,Mia,2026-04-20T13:43:00.000Z,,deadline for being washed is tonight,noise,noise,noise,"Noise, joke, hype, or vague reply",58,58,0,58,deadline,83,{},deadline.explicit:32; time.relative:8; deadline.date-context:18
msg_01396,Lot 14 Tailgate,Tailgate/party planning chat,Riley,2026-04-20T13:47:00.000Z,,Friday was insane,noise,noise,noise,"Noise, joke, hype, or vague reply",7,7,6,13,noise,27,"{""🔥"":2,""😂"":2,""💀"":3}",time.weekday:7
msg_01397,Lot 14 Tailgate,Tailgate/party planning chat,Nate,2026-04-20T13:48:00.000Z,,skull,noise,noise,noise,"Noise, joke, hype, or vague reply",0,0,0,0,noise,20,{},noise.one-word:-18; noise.casual-reply:-28; noise.vague-short:-12
msg_01398,Lot 14 Tailgate,Tailgate/party planning chat,Noah,2026-04-20T13:52:00.000Z,,setup moved to 10am,important,announcement,time_change,Generated important Tailgate/party planning chat message,56,56,0,56,announcement,83,{},announcement.change:30; time.explicit:12; announcement.date-context:14
msg_01399,Lot 14 Tailgate,Tailgate/party planning chat,Riley,2026-04-20T13:56:00.000Z,,deadline for being washed is tonight,noise,noise,noise,"Noise, joke, hype, or vague reply",58,58,0,58,deadline,83,{},deadline.explicit:32; time.relative:8; deadline.date-context:18
msg_01400,Lot 14 Tailgate,Tailgate/party planning chat,Riley,2026-04-20T13:57:00.000Z,,Friday was insane,noise,noise,noise,"Noise, joke, hype, or vague reply",7,7,0,7,noise,24,{},time.weekday:7
msg_01401,Lot 14 Tailgate,Tailgate/party planning chat,Noah,2026-04-20T14:01:00.000Z,,parking passes are due by Friday,important,deadline,parking_deadline,Generated important Tailgate/party planning chat message,57,57,0,57,deadline,83,{},deadline.explicit:32; time.weekday:7; deadline.date-context:18
msg_01402,Lot 14 Tailgate,Tailgate/party planning chat,Logan,2026-04-20T14:05:00.000Z,,skull,noise,noise,noise,"Noise, joke, hype, or vague reply",0,0,8,8,noise,24,"{""🔥"":4,""😂"":3,""💀"":1}",noise.one-word:-18; noise.casual-reply:-28; noise.vague-short:-12
msg_01403,Lot 14 Tailgate,Tailgate/party planning chat,Harper,2026-04-20T14:08:00.000Z,,setup moved to 10am,important,announcement,time_change,Generated important Tailgate/party planning chat message,56,56,8,64,announcement,83,"{""👀"":1}",announcement.change:30; time.explicit:12; announcement.date-context:14
msg_01404,Lot 14 Tailgate,Tailgate/party planning chat,Drew,2026-04-20T14:11:00.000Z,,can someone bring cups and ice,important,request,supplies,Generated important Tailgate/party planning chat message,73,73,8,81,request,86,"{""❓"":1}",request.can-someone:24; logistics.supplies:25; question.intent:10; request.bring-supplies:14
msg_01405,Lot 14 Tailgate,Tailgate/party planning chat,Drew,2026-04-20T14:14:00.000Z,,setup moved to 10am,important,announcement,time_change,Generated important Tailgate/party planning chat message,56,56,18,74,announcement,83,"{""✅"":1,""👀"":1}",announcement.change:30; time.explicit:12; announcement.date-context:14
msg_01406,Lot 14 Tailgate,Tailgate/party planning chat,Logan,2026-04-20T14:17:00.000Z,,😭😭😭,noise,noise,noise,"Noise, joke, hype, or vague reply",0,0,0,0,noise,20,{},noise.one-word:-18; noise.emoji-only:-35; noise.vague-short:-12
msg_01407,Lot 14 Tailgate,Tailgate/party planning chat,Marcus,2026-04-20T14:18:00.000Z,,fire,noise,noise,noise,"Noise, joke, hype, or vague reply",0,0,8,8,noise,24,"{""🔥"":4,""😂"":1,""💀"":3}",noise.one-word:-18; noise.casual-reply:-28; noise.vague-short:-12
msg_01408,Lot 14 Tailgate,Tailgate/party planning chat,Marcus,2026-04-20T14:22:00.000Z,,meeting my downfall rn,noise,noise,noise,"Noise, joke, hype, or vague reply",12,12,0,12,noise,26,"{""😂"":1}",event.social-anchor:12
msg_01409,Lot 14 Tailgate,Tailgate/party planning chat,Drew,2026-04-20T14:26:00.000Z,,who all is going Friday?,maybe,plan,attendance_question,Ambiguous message that may be useful in context,37,37,8,45,plan,66,"{""❓"":1}",plan.whos-going:20; time.weekday:7; question.intent:10
msg_01410,Lot 14 Tailgate,Tailgate/party planning chat,Cam,2026-04-20T14:27:00.000Z,,need two drivers for the cooler run,important,logistics,ride_request,Generated important Tailgate/party planning chat message,73,73,30,100,logistics,88,"{""✅"":1,""👀"":1,""📌"":1}",request.concrete-need:28; logistics.transport:20; logistics.supplies:25
msg_01411,Lot 14 Tailgate,Tailgate/party planning chat,Sam,2026-04-20T14:30:00.000Z,msg_01280,what time are y'all leaving?,maybe,plan,departure_question,Ambiguous message that may be useful in context,30,30,0,30,plan,56,{},plan.leaving-meeting:20; question.intent:10
msg_01412,Lot 14 Tailgate,Tailgate/party planning chat,Drew,2026-04-20T14:35:00.000Z,,party animal,noise,noise,noise,"Noise, joke, hype, or vague reply",0,0,0,0,noise,20,{},event.social-anchor:12; noise.vague-short:-12
msg_01413,Lot 14 Tailgate,Tailgate/party planning chat,Nick,2026-04-20T14:38:00.000Z,,setup moved to 10am,important,announcement,time_change,Generated important Tailgate/party planning chat message,56,56,18,74,announcement,83,"{""📌"":1}",announcement.change:30; time.explicit:12; announcement.date-context:14
msg_01414,Lot 14 Tailgate,Tailgate/party planning chat,Sam,2026-04-20T14:40:00.000Z,,go go go go,noise,noise,noise,"Noise, joke, hype, or vague reply",0,0,0,0,noise,20,{},noise.repeated:-16; noise.vague-short:-12
msg_01415,Lot 14 Tailgate,Tailgate/party planning chat,Cam,2026-04-20T14:43:00.000Z,,fire fit,noise,noise,noise,"Noise, joke, hype, or vague reply",0,0,0,0,noise,20,{},noise.vague-short:-12
msg_01416,Lot 14 Tailgate,Tailgate/party planning chat,Harper,2026-04-20T14:47:00.000Z,,that was crazy,noise,noise,noise,"Noise, joke, hype, or vague reply",0,0,0,0,noise,20,"{""💀"":2}",noise.hype-only:-24; noise.vague-short:-12
msg_01417,Lot 14 Tailgate,Tailgate/party planning chat,Bella,2026-04-20T14:49:00.000Z,,tailgate starts at noon in Lot 14,important,event,tailgate_time,Generated important Tailgate/party planning chat message,76,76,0,76,event,100,{},event.social-anchor:12; event.starts-time:28; time.explicit:12; event.concrete-time:16; structure.concrete-details:8
msg_01418,Lot 14 Tailgate,Tailgate/party planning chat,Ethan,2026-04-20T14:51:00.000Z,msg_01355,parking passes are due by Friday,important,deadline,parking_deadline,Generated important Tailgate/party planning chat message,57,57,18,75,deadline,83,"{""📌"":1}",deadline.explicit:32; time.weekday:7; deadline.date-context:18
msg_01419,Lot 14 Tailgate,Tailgate/party planning chat,Nate,2026-04-20T14:56:00.000Z,msg_01358,who has the speaker?,maybe,question,item_question,Ambiguous message that may be useful in context,10,10,0,10,noise,25,{},question.intent:10
msg_01420,Lot 14 Tailgate,Tailgate/party planning chat,Drew,2026-04-20T14:58:00.000Z,,Friday was insane,noise,noise,noise,"Noise, joke, hype, or vague reply",7,7,6,13,noise,27,"{""🔥"":2,""😂"":2,""💀"":1}",time.weekday:7
msg_01421,Lot 14 Tailgate,Tailgate/party planning chat,Luke,2026-04-20T15:01:00.000Z,,need two drivers for the cooler run,important,logistics,ride_request,Generated important Tailgate/party planning chat message,73,73,12,85,logistics,88,"{""✅"":1}",request.concrete-need:28; logistics.transport:20; logistics.supplies:25
msg_01422,Lot 14 Tailgate,Tailgate/party planning chat,Bella,2026-04-20T15:03:00.000Z,,what time is tailgate again,maybe,question,event_question,Ambiguous message that may be useful in context,30,30,8,38,question,64,"{""❓"":1}",event.social-anchor:12; question.intent:10; question.event-context:8
msg_01423,Lot 14 Tailgate,Tailgate/party planning chat,Grace,2026-04-20T15:08:00.000Z,msg_01265,tomorrow gonna be wild,noise,noise,noise,"Noise, joke, hype, or vague reply",8,8,0,8,noise,24,{},time.relative:8
msg_01424,Lot 14 Tailgate,Tailgate/party planning chat,Olivia,2026-04-20T15:11:00.000Z,,tailgate starts at noon in Lot 14,important,event,tailgate_time,Generated important Tailgate/party planning chat message,76,76,20,96,event,100,"{""✅"":1,""👀"":1}",event.social-anchor:12; event.starts-time:28; time.explicit:12; event.concrete-time:16; structure.concrete-details:8
msg_01425,Lot 14 Tailgate,Tailgate/party planning chat,Bella,2026-04-20T15:14:00.000Z,,tailgate starts at noon in Lot 14,important,event,tailgate_time,Generated important Tailgate/party planning chat message,76,76,12,88,event,100,"{""✅"":1}",event.social-anchor:12; event.starts-time:28; time.explicit:12; event.concrete-time:16; structure.concrete-details:8
msg_01426,Lot 14 Tailgate,Tailgate/party planning chat,Bella,2026-04-20T15:17:00.000Z,,can someone bring cups and ice,important,request,supplies,Generated important Tailgate/party planning chat message,73,73,8,81,request,86,"{""👀"":1}",request.can-someone:24; logistics.supplies:25; question.intent:10; request.bring-supplies:14
msg_01427,Lot 14 Tailgate,Tailgate/party planning chat,Jake,2026-04-20T15:19:00.000Z,msg_01338,skull,noise,noise,noise,"Noise, joke, hype, or vague reply",0,0,6,6,noise,23,"{""💀"":4,""😂"":2,""🔥"":2}",noise.one-word:-18; noise.casual-reply:-28; noise.vague-short:-12
msg_01428,Lot 14 Tailgate,Tailgate/party planning chat,Jake,2026-04-20T15:21:00.000Z,,parking passes are due by Friday,important,deadline,parking_deadline,Generated important Tailgate/party planning chat message,57,57,18,75,deadline,83,"{""👀"":1,""📌"":1}",deadline.explicit:32; time.weekday:7; deadline.date-context:18
msg_01429,Lot 14 Tailgate,Tailgate/party planning chat,Harper,2026-04-20T15:25:00.000Z,msg_01345,can someone bring cups and ice,important,request,supplies,Generated important Tailgate/party planning chat message,73,73,8,81,request,86,"{""👀"":1}",request.can-someone:24; logistics.supplies:25; question.intent:10; request.bring-supplies:14
msg_01430,Lot 14 Tailgate,Tailgate/party planning chat,Sam,2026-04-20T15:28:00.000Z,msg_01332,might go downtown later,maybe,noise,vague_plan,Ambiguous message that may be useful in context,12,12,0,12,noise,26,{},event.social-anchor:12
msg_01431,Lot 14 Tailgate,Tailgate/party planning chat,Logan,2026-04-20T15:32:00.000Z,,go go go go,noise,noise,noise,"Noise, joke, hype, or vague reply",0,0,6,6,noise,23,"{""🔥"":2,""😂"":2}",noise.repeated:-16; noise.vague-short:-12
msg_01432,Lot 14 Tailgate,Tailgate/party planning chat,Zoe,2026-04-20T15:34:00.000Z,,yo,noise,noise,noise,"Noise, joke, hype, or vague reply",0,0,0,0,noise,20,{},noise.one-word:-18; noise.casual-reply:-28; noise.vague-short:-12
msg_01433,Lot 14 Tailgate,Tailgate/party planning chat,Grace,2026-04-20T15:36:00.000Z,,can someone bring cups and ice,important,request,supplies,Generated important Tailgate/party planning chat message,73,73,8,81,request,86,"{""👀"":1}",request.can-someone:24; logistics.supplies:25; question.intent:10; request.bring-supplies:14
msg_01434,Lot 14 Tailgate,Tailgate/party planning chat,Logan,2026-04-20T15:39:00.000Z,,can someone bring cups and ice,important,request,supplies,Generated important Tailgate/party planning chat message,73,73,30,100,request,86,"{""✅"":1,""📌"":1}",request.can-someone:24; logistics.supplies:25; question.intent:10; request.bring-supplies:14
msg_01435,Lot 14 Tailgate,Tailgate/party planning chat,Olivia,2026-04-20T15:44:00.000Z,,setup moved to 10am,important,announcement,time_change,Generated important Tailgate/party planning chat message,56,56,18,74,announcement,83,"{""✅"":1,""📌"":1}",announcement.change:30; time.explicit:12; announcement.date-context:14
msg_01436,Lot 14 Tailgate,Tailgate/party planning chat,Jake,2026-04-20T15:47:00.000Z,,pregame at the house?,maybe,question,event_question,Ambiguous message that may be useful in context,30,30,8,38,question,64,"{""❓"":1}",event.social-anchor:12; question.intent:10; question.event-context:8
msg_01437,Lot 14 Tailgate,Tailgate/party planning chat,Logan,2026-04-20T15:49:00.000Z,,setup moved to 10am,important,announcement,time_change,Generated important Tailgate/party planning chat message,56,56,18,74,announcement,83,"{""📌"":1}",announcement.change:30; time.explicit:12; announcement.date-context:14
msg_01438,Lot 14 Tailgate,Tailgate/party planning chat,Cam,2026-04-20T15:51:00.000Z,,might go downtown later,maybe,noise,vague_plan,Ambiguous message that may be useful in context,12,12,8,20,noise,30,"{""❓"":1}",event.social-anchor:12
msg_01439,Lot 14 Tailgate,Tailgate/party planning chat,Nate,2026-04-20T15:56:00.000Z,,lmao,noise,noise,noise,"Noise, joke, hype, or vague reply",0,0,0,0,noise,20,{},noise.one-word:-18; noise.laughter:-35; noise.vague-short:-12
msg_01440,Lot 14 Tailgate,Tailgate/party planning chat,Harper,2026-04-20T15:59:00.000Z,,bring drinks if you have any,maybe,logistics,soft_supplies,Ambiguous message that may be useful in context,25,25,12,37,logistics,46,"{""✅"":1}",logistics.supplies:25
msg_01441,Apartment 4B,Apartment/roommate chat,Sam,2026-04-20T16:00:00.000Z,,I can bring cups,maybe,logistics,supply_commitment,Ambiguous message that may be useful in context,35,35,0,35,logistics,58,{},logistics.supplies:25; commitment.availability:22; noise.vague-short:-12
msg_01442,Apartment 4B,Apartment/roommate chat,Jake,2026-04-20T16:05:00.000Z,,cleaning inspection moved to Thursday,important,announcement,inspection,Generated important Apartment/roommate chat message,51,51,8,59,announcement,81,"{""👀"":1}",announcement.change:30; time.weekday:7; announcement.date-context:14
msg_01443,Apartment 4B,Apartment/roommate chat,Olivia,2026-04-20T16:07:00.000Z,,need bro to retire,noise,noise,noise,"Noise, joke, hype, or vague reply",0,0,0,0,noise,20,{},
msg_01444,Apartment 4B,Apartment/roommate chat,Marcus,2026-04-20T16:10:00.000Z,,????????,noise,noise,noise,"Noise, joke, hype, or vague reply",0,0,0,0,noise,20,{},question.intent:10; noise.one-word:-18; noise.repeated:-16; noise.vague-short:-12
msg_01445,Apartment 4B,Apartment/roommate chat,Noah,2026-04-20T16:12:00.000Z,,cleaning inspection moved to Thursday,important,announcement,inspection,Generated important Apartment/roommate chat message,51,51,8,59,announcement,81,"{""👀"":1}",announcement.change:30; time.weekday:7; announcement.date-context:14
msg_01446,Apartment 4B,Apartment/roommate chat,Olivia,2026-04-20T16:15:00.000Z,msg_01441,why is bro like this?,noise,noise,noise,"Noise, joke, hype, or vague reply",10,10,0,10,noise,25,{},question.intent:10
msg_01447,Apartment 4B,Apartment/roommate chat,Sam,2026-04-20T16:18:00.000Z,,cleaning inspection moved to Thursday,important,announcement,inspection,Generated important Apartment/roommate chat message,51,51,0,51,announcement,81,{},announcement.change:30; time.weekday:7; announcement.date-context:14
msg_01448,Apartment 4B,Apartment/roommate chat,Cam,2026-04-20T16:23:00.000Z,msg_01447,rent is due tmr,important,deadline,rent,Generated important Apartment/roommate chat message,20,20,8,28,deadline,45,"{""✅"":1}",deadline.explicit:32; noise.vague-short:-12
msg_01449,Apartment 4B,Apartment/roommate chat,Sam,2026-04-20T16:26:00.000Z,msg_01445,lol,noise,noise,noise,"Noise, joke, hype, or vague reply",0,0,0,0,noise,20,{},noise.one-word:-18; noise.laughter:-35; noise.vague-short:-12
msg_01450,Apartment 4B,Apartment/roommate chat,Grace,2026-04-20T16:29:00.000Z,,who all is going Friday?,maybe,plan,attendance_question,Ambiguous message that may be useful in context,37,37,0,37,plan,66,{},plan.whos-going:20; time.weekday:7; question.intent:10
msg_01451,Apartment 4B,Apartment/roommate chat,Olivia,2026-04-20T16:32:00.000Z,,tomorrow gonna be wild,noise,noise,noise,"Noise, joke, hype, or vague reply",8,8,0,8,noise,24,{},time.relative:8
msg_01452,Apartment 4B,Apartment/roommate chat,Ethan,2026-04-20T16:33:00.000Z,,who has the speaker?,maybe,question,item_question,Ambiguous message that may be useful in context,10,10,0,10,noise,25,{},question.intent:10
msg_01453,Apartment 4B,Apartment/roommate chat,Sam,2026-04-20T16:38:00.000Z,,meeting my downfall rn,noise,noise,noise,"Noise, joke, hype, or vague reply",12,12,0,12,noise,26,{},event.social-anchor:12
msg_01454,Apartment 4B,Apartment/roommate chat,Ethan,2026-04-20T16:41:00.000Z,,I could drive tomorrow,maybe,logistics,availability,Ambiguous message that may be useful in context,50,50,8,58,logistics,71,"{""❓"":1}",logistics.transport:20; commitment.availability:22; time.relative:8
msg_01455,Apartment 4B,Apartment/roommate chat,Drew,2026-04-20T16:42:00.000Z,,rent is due tomorrow,important,deadline,rent,Generated important Apartment/roommate chat message,58,58,18,76,deadline,83,"{""✅"":1,""👀"":1}",deadline.explicit:32; time.relative:8; deadline.date-context:18
msg_01456,Apartment 4B,Apartment/roommate chat,Jake,2026-04-20T16:47:00.000Z,,bring drinks if you have any,maybe,logistics,soft_supplies,Ambiguous message that may be useful in context,25,25,0,25,logistics,46,{},logistics.supplies:25
msg_01457,Apartment 4B,Apartment/roommate chat,Olivia,2026-04-20T16:50:00.000Z,,😭😭😭,noise,noise,noise,"Noise, joke, hype, or vague reply",0,0,3,3,noise,22,"{""😂"":4,""🔥"":1}",noise.one-word:-18; noise.emoji-only:-35; noise.vague-short:-12
msg_01458,Apartment 4B,Apartment/roommate chat,Marcus,2026-04-20T16:53:00.000Z,msg_01456,lol,noise,noise,noise,"Noise, joke, hype, or vague reply",0,0,3,3,noise,22,"{""💀"":1,""🔥"":1}",noise.one-word:-18; noise.laughter:-35; noise.vague-short:-12
msg_01459,Apartment 4B,Apartment/roommate chat,Harper,2026-04-20T16:54:00.000Z,,does anyone have tickets left?,maybe,request,ticket_availability,Ambiguous message that may be useful in context,46,46,0,46,request,69,{},deadline.payment:18; request.ticket-availability:18; question.intent:10
msg_01460,Apartment 4B,Apartment/roommate chat,Noah,2026-04-20T16:58:00.000Z,,rent is due tmr,important,deadline,rent,Generated important Apartment/roommate chat message,20,20,8,28,deadline,45,"{""✅"":1,""👀"":1}",deadline.explicit:32; noise.vague-short:-12
msg_01461,Apartment 4B,Apartment/roommate chat,Noah,2026-04-20T17:01:00.000Z,,bring drinks if you have any,maybe,logistics,soft_supplies,Ambiguous message that may be useful in context,25,25,0,25,logistics,46,{},logistics.supplies:25
msg_01462,Apartment 4B,Apartment/roommate chat,Cam,2026-04-20T17:05:00.000Z,,bro said formal like he owns the place,noise,noise,noise,"Noise, joke, hype, or vague reply",12,12,0,12,noise,26,{},event.social-anchor:12
msg_01463,Apartment 4B,Apartment/roommate chat,Marcus,2026-04-20T17:08:00.000Z,msg_01444,maintenance is coming at 9am,important,event,maintenance,Generated important Apartment/roommate chat message,12,12,8,20,noise,30,"{""📌"":1}",time.explicit:12
msg_01464,Apartment 4B,Apartment/roommate chat,Bella,2026-04-20T17:11:00.000Z,,formal apology incoming,noise,noise,noise,"Noise, joke, hype, or vague reply",12,12,0,12,noise,26,{},event.social-anchor:12
msg_01465,Apartment 4B,Apartment/roommate chat,Noah,2026-04-20T17:14:00.000Z,msg_01457,bro said formal like he owns the place,noise,noise,noise,"Noise, joke, hype, or vague reply",12,12,0,12,noise,26,{},event.social-anchor:12
msg_01466,Apartment 4B,Apartment/roommate chat,Bella,2026-04-20T17:16:00.000Z,msg_01455,wifi bill due Friday,important,deadline,bill,Generated important Apartment/roommate chat message,57,57,8,65,deadline,83,"{""👀"":1}",deadline.explicit:32; time.weekday:7; deadline.date-context:18
msg_01467,Apartment 4B,Apartment/roommate chat,Mia,2026-04-20T17:20:00.000Z,msg_01462,anyone going out tonight?,maybe,plan,loose_plan,Ambiguous message that may be useful in context,38,38,16,54,plan,67,"{""❓"":1,""👀"":1}",plan.whos-going:20; time.relative:8; question.intent:10
msg_01468,Apartment 4B,Apartment/roommate chat,Jake,2026-04-20T17:22:00.000Z,,can someone grab trash bags,important,request,supplies,Generated important Apartment/roommate chat message,34,34,18,52,request,57,"{""✅"":1,""📌"":1}",request.can-someone:24; question.intent:10
msg_01469,Apartment 4B,Apartment/roommate chat,Noah,2026-04-20T17:24:00.000Z,,can someone tell Tyler to chill,noise,noise,noise,"Noise, joke, hype, or vague reply",10,10,0,10,noise,25,{},question.intent:10
msg_01470,Apartment 4B,Apartment/roommate chat,Bella,2026-04-20T17:28:00.000Z,,anyone going out tonight?,maybe,plan,loose_plan,Ambiguous message that may be useful in context,38,38,8,46,plan,67,"{""❓"":1}",plan.whos-going:20; time.relative:8; question.intent:10
msg_01471,Apartment 4B,Apartment/roommate chat,Logan,2026-04-20T17:31:00.000Z,,what time is tailgate again,maybe,question,event_question,Ambiguous message that may be useful in context,30,30,18,48,question,64,"{""❓"":1,""✅"":1}",event.social-anchor:12; question.intent:10; question.event-context:8
msg_01472,Apartment 4B,Apartment/roommate chat,Jake,2026-04-20T17:34:00.000Z,msg_01467,maintenance is coming at 9am,important,event,maintenance,Generated important Apartment/roommate chat message,12,12,8,20,noise,30,"{""👀"":1}",time.explicit:12
msg_01473,Apartment 4B,Apartment/roommate chat,Riley,2026-04-20T17:37:00.000Z,,can someone tell Tyler to chill,noise,noise,noise,"Noise, joke, hype, or vague reply",10,10,0,10,noise,25,{},question.intent:10
msg_01474,Apartment 4B,Apartment/roommate chat,Logan,2026-04-20T17:41:00.000Z,,maintenance is coming at 9am,important,event,maintenance,Generated important Apartment/roommate chat message,12,12,8,20,noise,30,"{""👀"":1}",time.explicit:12
msg_01475,Apartment 4B,Apartment/roommate chat,Jake,2026-04-20T17:43:00.000Z,,who up,noise,noise,noise,"Noise, joke, hype, or vague reply",0,0,0,0,noise,20,{},noise.hype-only:-24; noise.casual-question:-14; noise.vague-short:-12
msg_01476,Apartment 4B,Apartment/roommate chat,Cam,2026-04-20T17:47:00.000Z,,maintenance is coming at 9am,important,event,maintenance,Generated important Apartment/roommate chat message,12,12,8,20,noise,30,"{""✅"":1}",time.explicit:12
msg_01477,Apartment 4B,Apartment/roommate chat,Cam,2026-04-20T17:48:00.000Z,,cleaning inspection moved to Thursday,important,announcement,inspection,Generated important Apartment/roommate chat message,51,51,8,59,announcement,81,"{""👀"":1}",announcement.change:30; time.weekday:7; announcement.date-context:14
msg_01478,Apartment 4B,Apartment/roommate chat,Marcus,2026-04-20T17:53:00.000Z,,wifi bill due Friday,important,deadline,bill,Generated important Apartment/roommate chat message,57,57,12,69,deadline,83,"{""✅"":1}",deadline.explicit:32; time.weekday:7; deadline.date-context:18
msg_01479,Apartment 4B,Apartment/roommate chat,Cam,2026-04-20T17:56:00.000Z,,I can drive after 10,maybe,logistics,availability,Ambiguous message that may be useful in context,42,42,8,50,logistics,60,"{""👀"":1}",logistics.transport:20; commitment.availability:22
msg_01480,Apartment 4B,Apartment/roommate chat,Sam,2026-04-20T17:59:00.000Z,msg_01474,bro,noise,noise,noise,"Noise, joke, hype, or vague reply",0,0,0,0,noise,20,{},noise.one-word:-18; noise.casual-reply:-28; noise.vague-short:-12
msg_01481,Apartment 4B,Apartment/roommate chat,Ethan,2026-04-20T18:01:00.000Z,,I can bring cups,maybe,logistics,supply_commitment,Ambiguous message that may be useful in context,35,35,8,43,logistics,58,"{""❓"":1}",logistics.supplies:25; commitment.availability:22; noise.vague-short:-12
msg_01482,Apartment 4B,Apartment/roommate chat,Zoe,2026-04-20T18:04:00.000Z,,rent is due tomorrow,important,deadline,rent,Generated important Apartment/roommate chat message,58,58,8,66,deadline,83,"{""👀"":1}",deadline.explicit:32; time.relative:8; deadline.date-context:18
msg_01483,Apartment 4B,Apartment/roommate chat,Bella,2026-04-20T18:08:00.000Z,,9 is crazy,noise,noise,noise,"Noise, joke, hype, or vague reply",0,0,0,0,noise,20,{},noise.vague-short:-12
msg_01484,Apartment 4B,Apartment/roommate chat,Logan,2026-04-20T18:09:00.000Z,,who all is going Friday?,maybe,plan,attendance_question,Ambiguous message that may be useful in context,37,37,0,37,plan,66,{},plan.whos-going:20; time.weekday:7; question.intent:10
msg_01485,Apartment 4B,Apartment/roommate chat,Mia,2026-04-20T18:14:00.000Z,,rent is due tomorrow,important,deadline,rent,Generated important Apartment/roommate chat message,58,58,18,76,deadline,83,"{""✅"":1,""📌"":1}",deadline.explicit:32; time.relative:8; deadline.date-context:18
msg_01486,Apartment 4B,Apartment/roommate chat,Marcus,2026-04-20T18:15:00.000Z,,no shot,noise,noise,noise,"Noise, joke, hype, or vague reply",0,0,0,0,noise,20,{},noise.hype-only:-24; noise.vague-short:-12
msg_01487,Apartment 4B,Apartment/roommate chat,Marcus,2026-04-20T18:20:00.000Z,,nah,noise,noise,noise,"Noise, joke, hype, or vague reply",0,0,0,0,noise,20,{},noise.one-word:-18; noise.casual-reply:-28; noise.vague-short:-12
msg_01488,Apartment 4B,Apartment/roommate chat,Ethan,2026-04-20T18:23:00.000Z,,who all is going Friday?,maybe,plan,attendance_question,Ambiguous message that may be useful in context,37,37,8,45,plan,66,"{""👀"":1}",plan.whos-going:20; time.weekday:7; question.intent:10
msg_01489,Apartment 4B,Apartment/roommate chat,Cam,2026-04-20T18:24:00.000Z,,can someone tell Tyler to chill,noise,noise,noise,"Noise, joke, hype, or vague reply",10,10,0,10,noise,25,{},question.intent:10
msg_01490,Apartment 4B,Apartment/roommate chat,Noah,2026-04-20T18:27:00.000Z,,does anyone have tickets left?,maybe,request,ticket_availability,Ambiguous message that may be useful in context,46,46,0,46,request,69,{},deadline.payment:18; request.ticket-availability:18; question.intent:10
msg_01491,Apartment 4B,Apartment/roommate chat,Mia,2026-04-20T18:31:00.000Z,,maintenance is coming at 9am,important,event,maintenance,Generated important Apartment/roommate chat message,12,12,0,12,noise,26,{},time.explicit:12
msg_01492,Apartment 4B,Apartment/roommate chat,Sam,2026-04-20T18:33:00.000Z,msg_01462,lol,noise,noise,noise,"Noise, joke, hype, or vague reply",0,0,0,0,noise,20,{},noise.one-word:-18; noise.laughter:-35; noise.vague-short:-12
msg_01493,Apartment 4B,Apartment/roommate chat,Grace,2026-04-20T18:38:00.000Z,,cleaning inspection moved to Thursday,important,announcement,inspection,Generated important Apartment/roommate chat message,51,51,18,69,announcement,81,"{""📌"":1}",announcement.change:30; time.weekday:7; announcement.date-context:14
msg_01494,Apartment 4B,Apartment/roommate chat,Olivia,2026-04-20T18:39:00.000Z,,who has the speaker?,maybe,question,item_question,Ambiguous message that may be useful in context,10,10,8,18,noise,29,"{""👀"":1,""😂"":1}",question.intent:10
msg_01495,Apartment 4B,Apartment/roommate chat,Zoe,2026-04-20T18:43:00.000Z,msg_01481,rush hour traffic sucks,noise,noise,noise,"Noise, joke, hype, or vague reply",12,12,0,12,noise,26,{},event.social-anchor:12
msg_01496,Apartment 4B,Apartment/roommate chat,Marcus,2026-04-20T18:46:00.000Z,,wifi bill due Friday,important,deadline,bill,Generated important Apartment/roommate chat message,57,57,18,75,deadline,83,"{""📌"":1}",deadline.explicit:32; time.weekday:7; deadline.date-context:18
msg_01497,Apartment 4B,Apartment/roommate chat,Bella,2026-04-20T18:50:00.000Z,,can someone grab trash bags,important,request,supplies,Generated important Apartment/roommate chat message,34,34,18,52,request,57,"{""👀"":1,""📌"":1}",request.can-someone:24; question.intent:10
msg_01498,Apartment 4B,Apartment/roommate chat,Sam,2026-04-20T18:51:00.000Z,,lmao,noise,noise,noise,"Noise, joke, hype, or vague reply",0,0,0,0,noise,20,{},noise.one-word:-18; noise.laughter:-35; noise.vague-short:-12
msg_01499,Apartment 4B,Apartment/roommate chat,Jake,2026-04-20T18:54:00.000Z,,fire fit,noise,noise,noise,"Noise, joke, hype, or vague reply",0,0,0,0,noise,20,{},noise.vague-short:-12
msg_01500,Apartment 4B,Apartment/roommate chat,Marcus,2026-04-20T18:57:00.000Z,,pregame at the house?,maybe,question,event_question,Ambiguous message that may be useful in context,30,30,0,30,question,64,{},event.social-anchor:12; question.intent:10; question.event-context:8
msg_01501,Apartment 4B,Apartment/roommate chat,Olivia,2026-04-20T19:00:00.000Z,,anyone going out tonight?,maybe,plan,loose_plan,Ambiguous message that may be useful in context,38,38,0,38,plan,67,{},plan.whos-going:20; time.relative:8; question.intent:10
msg_01502,Apartment 4B,Apartment/roommate chat,Zoe,2026-04-20T19:03:00.000Z,,meeting my downfall rn,noise,noise,noise,"Noise, joke, hype, or vague reply",12,12,0,12,noise,26,"{""💀"":1}",event.social-anchor:12
msg_01503,Apartment 4B,Apartment/roommate chat,Ethan,2026-04-20T19:08:00.000Z,,lmao,noise,noise,noise,"Noise, joke, hype, or vague reply",0,0,8,8,noise,24,"{""🔥"":3,""😂"":2}",noise.one-word:-18; noise.laughter:-35; noise.vague-short:-12
msg_01504,Apartment 4B,Apartment/roommate chat,Ethan,2026-04-20T19:09:00.000Z,msg_01450,maintenance is coming at 9am,important,event,maintenance,Generated important Apartment/roommate chat message,12,12,8,20,noise,30,"{""📌"":1}",time.explicit:12
msg_01505,Apartment 4B,Apartment/roommate chat,Grace,2026-04-20T19:12:00.000Z,,😭😭😭,noise,noise,noise,"Noise, joke, hype, or vague reply",0,0,0,0,noise,20,{},noise.one-word:-18; noise.emoji-only:-35; noise.vague-short:-12
msg_01506,Apartment 4B,Apartment/roommate chat,Riley,2026-04-20T19:15:00.000Z,,where are we meeting?,maybe,plan,meeting_question,Ambiguous message that may be useful in context,50,50,0,50,plan,79,{},event.social-anchor:12; plan.leaving-meeting:20; question.intent:10; question.event-context:8
msg_01507,Apartment 4B,Apartment/roommate chat,Marcus,2026-04-20T19:18:00.000Z,,party animal,noise,noise,noise,"Noise, joke, hype, or vague reply",0,0,6,6,noise,23,"{""🔥"":2}",event.social-anchor:12; noise.vague-short:-12
msg_01508,Apartment 4B,Apartment/roommate chat,Drew,2026-04-20T19:22:00.000Z,msg_01491,who up,noise,noise,noise,"Noise, joke, hype, or vague reply",0,0,0,0,noise,20,{},noise.hype-only:-24; noise.casual-question:-14; noise.vague-short:-12
msg_01509,Apartment 4B,Apartment/roommate chat,Sam,2026-04-20T19:24:00.000Z,msg_01455,might go downtown later,maybe,noise,vague_plan,Ambiguous message that may be useful in context,12,12,8,20,noise,30,"{""✅"":1}",event.social-anchor:12
msg_01510,Apartment 4B,Apartment/roommate chat,Mia,2026-04-20T19:27:00.000Z,msg_01478,rush hour traffic sucks,noise,noise,noise,"Noise, joke, hype, or vague reply",12,12,0,12,noise,26,{},event.social-anchor:12
msg_01511,Apartment 4B,Apartment/roommate chat,Ethan,2026-04-20T19:30:00.000Z,,you had to be there,noise,noise,noise,"Noise, joke, hype, or vague reply",0,0,0,0,noise,20,{},noise.hype-only:-24
msg_01512,Apartment 4B,Apartment/roommate chat,Drew,2026-04-20T19:33:00.000Z,,lmao,noise,noise,noise,"Noise, joke, hype, or vague reply",0,0,0,0,noise,20,{},noise.one-word:-18; noise.laughter:-35; noise.vague-short:-12
msg_01513,Apartment 4B,Apartment/roommate chat,Noah,2026-04-20T19:37:00.000Z,msg_01498,maintenance is coming at 9am,important,event,maintenance,Generated important Apartment/roommate chat message,12,12,8,20,noise,30,"{""✅"":1,""👀"":1}",time.explicit:12
msg_01514,Apartment 4B,Apartment/roommate chat,Bella,2026-04-20T19:40:00.000Z,,cleaning inspection moved to Thursday,important,announcement,inspection,Generated important Apartment/roommate chat message,51,51,18,69,announcement,81,"{""✅"":1,""📌"":1}",announcement.change:30; time.weekday:7; announcement.date-context:14
msg_01515,Apartment 4B,Apartment/roommate chat,Grace,2026-04-20T19:44:00.000Z,msg_01468,9 is crazy,noise,noise,noise,"Noise, joke, hype, or vague reply",0,0,0,0,noise,20,{},noise.vague-short:-12
msg_01516,Apartment 4B,Apartment/roommate chat,Ethan,2026-04-20T19:47:00.000Z,,can someone grab trash bags,important,request,supplies,Generated important Apartment/roommate chat message,34,34,8,42,request,57,"{""❓"":1}",request.can-someone:24; question.intent:10
msg_01517,Apartment 4B,Apartment/roommate chat,Cam,2026-04-20T19:50:00.000Z,,yo,noise,noise,noise,"Noise, joke, hype, or vague reply",0,0,0,0,noise,20,{},noise.one-word:-18; noise.casual-reply:-28; noise.vague-short:-12
msg_01518,Apartment 4B,Apartment/roommate chat,Logan,2026-04-20T19:53:00.000Z,,rent is due tomorrow,important,deadline,rent,Generated important Apartment/roommate chat message,58,58,18,76,deadline,83,"{""✅"":1,""📌"":1}",deadline.explicit:32; time.relative:8; deadline.date-context:18
msg_01519,Apartment 4B,Apartment/roommate chat,Zoe,2026-04-20T19:54:00.000Z,,who has the speaker?,maybe,question,item_question,Ambiguous message that may be useful in context,10,10,8,18,noise,29,"{""❓"":1,""😂"":1}",question.intent:10
msg_01520,Apartment 4B,Apartment/roommate chat,Harper,2026-04-20T19:58:00.000Z,,maintenance is coming at 9am,important,event,maintenance,Generated important Apartment/roommate chat message,12,12,8,20,noise,30,"{""✅"":1}",time.explicit:12
msg_01521,Apartment 4B,Apartment/roommate chat,Mia,2026-04-20T20:02:00.000Z,,🔥🔥🔥,noise,noise,noise,"Noise, joke, hype, or vague reply",0,0,0,0,noise,20,{},noise.one-word:-18; noise.emoji-only:-35; noise.vague-short:-12
msg_01522,Apartment 4B,Apartment/roommate chat,Cam,2026-04-20T20:04:00.000Z,,🔥🔥🔥,noise,noise,noise,"Noise, joke, hype, or vague reply",0,0,6,6,noise,23,"{""🔥"":2,""💀"":1,""😂"":5}",noise.one-word:-18; noise.emoji-only:-35; noise.vague-short:-12
msg_01523,Apartment 4B,Apartment/roommate chat,Ethan,2026-04-20T20:08:00.000Z,,might go downtown later,maybe,noise,vague_plan,Ambiguous message that may be useful in context,12,12,8,20,noise,30,"{""❓"":1,""✅"":1}",event.social-anchor:12
msg_01524,Apartment 4B,Apartment/roommate chat,Ethan,2026-04-20T20:09:00.000Z,,anyone going out tonight?,maybe,plan,loose_plan,Ambiguous message that may be useful in context,38,38,16,54,plan,67,"{""❓"":1,""👀"":1}",plan.whos-going:20; time.relative:8; question.intent:10
msg_01525,Apartment 4B,Apartment/roommate chat,Cam,2026-04-20T20:14:00.000Z,,yo,noise,noise,noise,"Noise, joke, hype, or vague reply",0,0,0,0,noise,20,{},noise.one-word:-18; noise.casual-reply:-28; noise.vague-short:-12
msg_01526,Apartment 4B,Apartment/roommate chat,Grace,2026-04-20T20:16:00.000Z,msg_01474,fire fit,noise,noise,noise,"Noise, joke, hype, or vague reply",0,0,0,0,noise,20,{},noise.vague-short:-12
msg_01527,Apartment 4B,Apartment/roommate chat,Logan,2026-04-20T20:19:00.000Z,,need bro to retire,noise,noise,noise,"Noise, joke, hype, or vague reply",0,0,0,0,noise,20,"{""😂"":1,""💀"":2}",
msg_01528,Apartment 4B,Apartment/roommate chat,Ethan,2026-04-20T20:22:00.000Z,,need bro to retire,noise,noise,noise,"Noise, joke, hype, or vague reply",0,0,0,0,noise,20,"{""💀"":1}",
msg_01529,Apartment 4B,Apartment/roommate chat,Marcus,2026-04-20T20:25:00.000Z,msg_01500,fire fit,noise,noise,noise,"Noise, joke, hype, or vague reply",0,0,0,0,noise,20,{},noise.vague-short:-12
msg_01530,Apartment 4B,Apartment/roommate chat,Logan,2026-04-20T20:27:00.000Z,,party animal,noise,noise,noise,"Noise, joke, hype, or vague reply",0,0,0,0,noise,20,{},event.social-anchor:12; noise.vague-short:-12
msg_01531,Apartment 4B,Apartment/roommate chat,Cam,2026-04-20T20:30:00.000Z,,maintenance is coming at 9am,important,event,maintenance,Generated important Apartment/roommate chat message,12,12,8,20,noise,30,"{""👀"":1,""📌"":1}",time.explicit:12
msg_01532,Apartment 4B,Apartment/roommate chat,Sam,2026-04-20T20:33:00.000Z,,real,noise,noise,noise,"Noise, joke, hype, or vague reply",0,0,3,3,noise,22,"{""🔥"":1,""💀"":1,""😂"":1}",noise.one-word:-18; noise.casual-reply:-28; noise.vague-short:-12
msg_01533,Apartment 4B,Apartment/roommate chat,Marcus,2026-04-20T20:37:00.000Z,,I could drive tomorrow,maybe,logistics,availability,Ambiguous message that may be useful in context,50,50,0,50,logistics,71,"{""😂"":1}",logistics.transport:20; commitment.availability:22; time.relative:8
msg_01534,Apartment 4B,Apartment/roommate chat,Olivia,2026-04-20T20:40:00.000Z,,can someone grab trash bags,important,request,supplies,Generated important Apartment/roommate chat message,34,34,8,42,request,57,"{""👀"":1}",request.can-someone:24; question.intent:10
msg_01535,Apartment 4B,Apartment/roommate chat,Mia,2026-04-20T20:44:00.000Z,,I can bring cups,maybe,logistics,supply_commitment,Ambiguous message that may be useful in context,35,35,0,35,logistics,58,{},logistics.supplies:25; commitment.availability:22; noise.vague-short:-12
msg_01536,Apartment 4B,Apartment/roommate chat,Logan,2026-04-20T20:45:00.000Z,,anyone able to grab snacks?,maybe,request,soft_request,Ambiguous message that may be useful in context,73,73,0,73,request,86,{},request.can-someone:24; logistics.supplies:25; question.intent:10; request.bring-supplies:14
msg_01537,Apartment 4B,Apartment/roommate chat,Marcus,2026-04-20T20:48:00.000Z,,does anyone have tickets left?,maybe,request,ticket_availability,Ambiguous message that may be useful in context,46,46,0,46,request,69,"{""😂"":1}",deadline.payment:18; request.ticket-availability:18; question.intent:10
msg_01538,Apartment 4B,Apartment/roommate chat,Drew,2026-04-20T20:52:00.000Z,,can someone grab trash bags,important,request,supplies,Generated important Apartment/roommate chat message,34,34,18,52,request,57,"{""📌"":1}",request.can-someone:24; question.intent:10
msg_01539,Apartment 4B,Apartment/roommate chat,Marcus,2026-04-20T20:56:00.000Z,,cleaning inspection moved to Thursday,important,announcement,inspection,Generated important Apartment/roommate chat message,51,51,8,59,announcement,81,"{""👀"":1}",announcement.change:30; time.weekday:7; announcement.date-context:14
msg_01540,Apartment 4B,Apartment/roommate chat,Jake,2026-04-20T20:58:00.000Z,,Friday was insane,noise,noise,noise,"Noise, joke, hype, or vague reply",7,7,0,7,noise,24,{},time.weekday:7
msg_01541,Apartment 4B,Apartment/roommate chat,Olivia,2026-04-20T21:00:00.000Z,,I can drive after 10,maybe,logistics,availability,Ambiguous message that may be useful in context,42,42,0,42,logistics,60,{},logistics.transport:20; commitment.availability:22
msg_01542,Apartment 4B,Apartment/roommate chat,Jake,2026-04-20T21:05:00.000Z,,I can drive after 10,maybe,logistics,availability,Ambiguous message that may be useful in context,42,42,16,58,logistics,60,"{""❓"":1,""👀"":1}",logistics.transport:20; commitment.availability:22
msg_01543,Apartment 4B,Apartment/roommate chat,Cam,2026-04-20T21:08:00.000Z,,bro said formal like he owns the place,noise,noise,noise,"Noise, joke, hype, or vague reply",12,12,0,12,noise,26,{},event.social-anchor:12
msg_01544,Apartment 4B,Apartment/roommate chat,Logan,2026-04-20T21:09:00.000Z,,that was crazy,noise,noise,noise,"Noise, joke, hype, or vague reply",0,0,8,8,noise,24,"{""🔥"":4,""😂"":3,""💀"":1}",noise.hype-only:-24; noise.vague-short:-12
msg_01545,Apartment 4B,Apartment/roommate chat,Logan,2026-04-20T21:13:00.000Z,,rent is due tomorrow,important,deadline,rent,Generated important Apartment/roommate chat message,58,58,12,70,deadline,83,"{""✅"":1}",deadline.explicit:32; time.relative:8; deadline.date-context:18
msg_01546,Apartment 4B,Apartment/roommate chat,Ethan,2026-04-20T21:17:00.000Z,,rent is due tmr,important,deadline,rent,Generated important Apartment/roommate chat message,20,20,8,28,deadline,45,"{""👀"":1,""📌"":1}",deadline.explicit:32; noise.vague-short:-12
msg_01547,Apartment 4B,Apartment/roommate chat,Zoe,2026-04-20T21:18:00.000Z,,cleaning inspection moved to Thursday,important,announcement,inspection,Generated important Apartment/roommate chat message,51,51,18,69,announcement,81,"{""✅"":1,""👀"":1}",announcement.change:30; time.weekday:7; announcement.date-context:14
msg_01548,Apartment 4B,Apartment/roommate chat,Zoe,2026-04-20T21:21:00.000Z,,bring drinks if you have any,maybe,logistics,soft_supplies,Ambiguous message that may be useful in context,25,25,18,43,logistics,46,"{""❓"":1,""👀"":1,""✅"":1}",logistics.supplies:25
msg_01549,Apartment 4B,Apartment/roommate chat,Jake,2026-04-20T21:25:00.000Z,,wifi bill due Friday,important,deadline,bill,Generated important Apartment/roommate chat message,57,57,18,75,deadline,83,"{""✅"":1,""👀"":1}",deadline.explicit:32; time.weekday:7; deadline.date-context:18
msg_01550,Apartment 4B,Apartment/roommate chat,Riley,2026-04-20T21:27:00.000Z,,might go downtown later,maybe,noise,vague_plan,Ambiguous message that may be useful in context,12,12,0,12,noise,26,{},event.social-anchor:12
msg_01551,Apartment 4B,Apartment/roommate chat,Drew,2026-04-20T21:31:00.000Z,,fire,noise,noise,noise,"Noise, joke, hype, or vague reply",0,0,3,3,noise,22,"{""🔥"":1,""😂"":1,""💀"":1}",noise.one-word:-18; noise.casual-reply:-28; noise.vague-short:-12
msg_01552,Apartment 4B,Apartment/roommate chat,Marcus,2026-04-20T21:34:00.000Z,,does anyone have tickets left?,maybe,request,ticket_availability,Ambiguous message that may be useful in context,46,46,0,46,request,69,{},deadline.payment:18; request.ticket-availability:18; question.intent:10
msg_01553,Apartment 4B,Apartment/roommate chat,Olivia,2026-04-20T21:36:00.000Z,,anyone able to grab snacks?,maybe,request,soft_request,Ambiguous message that may be useful in context,73,73,8,81,request,86,"{""❓"":1}",request.can-someone:24; logistics.supplies:25; question.intent:10; request.bring-supplies:14
msg_01554,Apartment 4B,Apartment/roommate chat,Grace,2026-04-20T21:39:00.000Z,,wifi bill due Friday,important,deadline,bill,Generated important Apartment/roommate chat message,57,57,12,69,deadline,83,"{""✅"":1}",deadline.explicit:32; time.weekday:7; deadline.date-context:18
msg_01555,Apartment 4B,Apartment/roommate chat,Zoe,2026-04-20T21:44:00.000Z,,who has the speaker?,maybe,question,item_question,Ambiguous message that may be useful in context,10,10,0,10,noise,25,{},question.intent:10
msg_01556,Apartment 4B,Apartment/roommate chat,Mia,2026-04-20T21:47:00.000Z,,you had to be there,noise,noise,noise,"Noise, joke, hype, or vague reply",0,0,0,0,noise,20,{},noise.hype-only:-24
msg_01557,Apartment 4B,Apartment/roommate chat,Zoe,2026-04-20T21:50:00.000Z,,lmao,noise,noise,noise,"Noise, joke, hype, or vague reply",0,0,0,0,noise,20,"{""😂"":3,""💀"":3}",noise.one-word:-18; noise.laughter:-35; noise.vague-short:-12
msg_01558,Apartment 4B,Apartment/roommate chat,Olivia,2026-04-20T21:53:00.000Z,,that was crazy,noise,noise,noise,"Noise, joke, hype, or vague reply",0,0,0,0,noise,20,{},noise.hype-only:-24; noise.vague-short:-12
msg_01559,Apartment 4B,Apartment/roommate chat,Ethan,2026-04-20T21:54:00.000Z,,need bro to retire,noise,noise,noise,"Noise, joke, hype, or vague reply",0,0,3,3,noise,22,"{""😂"":1,""🔥"":1}",
msg_01560,Apartment 4B,Apartment/roommate chat,Marcus,2026-04-20T21:57:00.000Z,,can someone grab trash bags,important,request,supplies,Generated important Apartment/roommate chat message,34,34,18,52,request,57,"{""📌"":1}",request.can-someone:24; question.intent:10
msg_01561,Apartment 4B,Apartment/roommate chat,Harper,2026-04-20T22:00:00.000Z,,can someone grab trash bags,important,request,supplies,Generated important Apartment/roommate chat message,34,34,18,52,request,57,"{""👀"":1,""📌"":1,""❓"":1}",request.can-someone:24; question.intent:10
msg_01562,Apartment 4B,Apartment/roommate chat,Mia,2026-04-20T22:03:00.000Z,,pregame at the house?,maybe,question,event_question,Ambiguous message that may be useful in context,30,30,12,42,question,64,"{""✅"":1,""😂"":1}",event.social-anchor:12; question.intent:10; question.event-context:8
msg_01563,Apartment 4B,Apartment/roommate chat,Logan,2026-04-20T22:06:00.000Z,,can someone grab trash bags,important,request,supplies,Generated important Apartment/roommate chat message,34,34,18,52,request,57,"{""✅"":1,""👀"":1}",request.can-someone:24; question.intent:10
msg_01564,Apartment 4B,Apartment/roommate chat,Olivia,2026-04-20T22:11:00.000Z,,I can drive after 10,maybe,logistics,availability,Ambiguous message that may be useful in context,42,42,8,50,logistics,60,"{""👀"":1,""😂"":1}",logistics.transport:20; commitment.availability:22
msg_01565,Apartment 4B,Apartment/roommate chat,Cam,2026-04-20T22:14:00.000Z,,can someone tell Tyler to chill,noise,noise,noise,"Noise, joke, hype, or vague reply",10,10,0,10,noise,25,{},question.intent:10
msg_01566,Apartment 4B,Apartment/roommate chat,Riley,2026-04-20T22:15:00.000Z,,can someone grab trash bags,important,request,supplies,Generated important Apartment/roommate chat message,34,34,16,50,request,57,"{""👀"":1,""❓"":1}",request.can-someone:24; question.intent:10
msg_01567,Apartment 4B,Apartment/roommate chat,Grace,2026-04-20T22:18:00.000Z,,meeting my downfall rn,noise,noise,noise,"Noise, joke, hype, or vague reply",12,12,3,15,noise,28,"{""🔥"":1}",event.social-anchor:12
msg_01568,Apartment 4B,Apartment/roommate chat,Grace,2026-04-20T22:21:00.000Z,msg_01538,anyone able to grab snacks?,maybe,request,soft_request,Ambiguous message that may be useful in context,73,73,0,73,request,86,{},request.can-someone:24; logistics.supplies:25; question.intent:10; request.bring-supplies:14
msg_01569,Apartment 4B,Apartment/roommate chat,Jake,2026-04-20T22:24:00.000Z,msg_01561,anyone going out tonight?,maybe,plan,loose_plan,Ambiguous message that may be useful in context,38,38,8,46,plan,67,"{""👀"":1}",plan.whos-going:20; time.relative:8; question.intent:10
msg_01570,Apartment 4B,Apartment/roommate chat,Sam,2026-04-20T22:28:00.000Z,,lol,noise,noise,noise,"Noise, joke, hype, or vague reply",0,0,3,3,noise,22,"{""🔥"":1}",noise.one-word:-18; noise.laughter:-35; noise.vague-short:-12
msg_01571,Apartment 4B,Apartment/roommate chat,Grace,2026-04-20T22:30:00.000Z,,that was crazy,noise,noise,noise,"Noise, joke, hype, or vague reply",0,0,0,0,noise,20,{},noise.hype-only:-24; noise.vague-short:-12
msg_01572,Apartment 4B,Apartment/roommate chat,Zoe,2026-04-20T22:35:00.000Z,,where we at,noise,noise,noise,"Noise, joke, hype, or vague reply",0,0,8,8,noise,24,"{""🔥"":3,""💀"":2,""😂"":2}",question.intent:10; noise.vague-short:-12
msg_01573,Apartment 4B,Apartment/roommate chat,Sam,2026-04-20T22:38:00.000Z,msg_01545,anyone going out tonight?,maybe,plan,loose_plan,Ambiguous message that may be useful in context,38,38,0,38,plan,67,{},plan.whos-going:20; time.relative:8; question.intent:10
msg_01574,Apartment 4B,Apartment/roommate chat,Marcus,2026-04-20T22:39:00.000Z,,anyone going out tonight?,maybe,plan,loose_plan,Ambiguous message that may be useful in context,38,38,12,50,plan,67,"{""✅"":1}",plan.whos-going:20; time.relative:8; question.intent:10
msg_01575,Apartment 4B,Apartment/roommate chat,Mia,2026-04-20T22:44:00.000Z,,what time is tailgate again,maybe,question,event_question,Ambiguous message that may be useful in context,30,30,0,30,question,64,{},event.social-anchor:12; question.intent:10; question.event-context:8
msg_01576,Apartment 4B,Apartment/roommate chat,Olivia,2026-04-20T22:47:00.000Z,,who all is going Friday?,maybe,plan,attendance_question,Ambiguous message that may be useful in context,37,37,0,37,plan,66,{},plan.whos-going:20; time.weekday:7; question.intent:10
msg_01577,Apartment 4B,Apartment/roommate chat,Noah,2026-04-20T22:49:00.000Z,,wifi bill due Friday,important,deadline,bill,Generated important Apartment/roommate chat message,57,57,18,75,deadline,83,"{""📌"":1}",deadline.explicit:32; time.weekday:7; deadline.date-context:18
msg_01578,Apartment 4B,Apartment/roommate chat,Mia,2026-04-20T22:52:00.000Z,,where are we meeting?,maybe,plan,meeting_question,Ambiguous message that may be useful in context,50,50,8,58,plan,79,"{""❓"":1}",event.social-anchor:12; plan.leaving-meeting:20; question.intent:10; question.event-context:8
msg_01579,Apartment 4B,Apartment/roommate chat,Riley,2026-04-20T22:55:00.000Z,msg_01563,bro,noise,noise,noise,"Noise, joke, hype, or vague reply",0,0,0,0,noise,20,"{""💀"":1}",noise.one-word:-18; noise.casual-reply:-28; noise.vague-short:-12
msg_01580,Apartment 4B,Apartment/roommate chat,Grace,2026-04-20T22:59:00.000Z,,wifi bill due Friday,important,deadline,bill,Generated important Apartment/roommate chat message,57,57,0,57,deadline,83,{},deadline.explicit:32; time.weekday:7; deadline.date-context:18
msg_01581,Apartment 4B,Apartment/roommate chat,Drew,2026-04-20T23:00:00.000Z,,rent is due tmr,important,deadline,rent,Generated important Apartment/roommate chat message,20,20,8,28,deadline,45,"{""👀"":1}",deadline.explicit:32; noise.vague-short:-12
msg_01582,Apartment 4B,Apartment/roommate chat,Noah,2026-04-20T23:03:00.000Z,,anyone going out tonight?,maybe,plan,loose_plan,Ambiguous message that may be useful in context,38,38,0,38,plan,67,{},plan.whos-going:20; time.relative:8; question.intent:10
msg_01583,Apartment 4B,Apartment/roommate chat,Ethan,2026-04-20T23:07:00.000Z,,cleaning inspection moved to Thursday,important,announcement,inspection,Generated important Apartment/roommate chat message,51,51,18,69,announcement,81,"{""📌"":1}",announcement.change:30; time.weekday:7; announcement.date-context:14
msg_01584,Apartment 4B,Apartment/roommate chat,Bella,2026-04-20T23:10:00.000Z,,real,noise,noise,noise,"Noise, joke, hype, or vague reply",0,0,0,0,noise,20,{},noise.one-word:-18; noise.casual-reply:-28; noise.vague-short:-12
msg_01585,Apartment 4B,Apartment/roommate chat,Drew,2026-04-20T23:13:00.000Z,,he fell off,noise,noise,noise,"Noise, joke, hype, or vague reply",0,0,0,0,noise,20,"{""💀"":1}",noise.hype-only:-24; noise.vague-short:-12
msg_01586,Apartment 4B,Apartment/roommate chat,Logan,2026-04-20T23:15:00.000Z,,can someone grab trash bags,important,request,supplies,Generated important Apartment/roommate chat message,34,34,8,42,request,57,"{""❓"":1}",request.can-someone:24; question.intent:10
msg_01587,Apartment 4B,Apartment/roommate chat,Grace,2026-04-20T23:19:00.000Z,msg_01586,where we at,noise,noise,noise,"Noise, joke, hype, or vague reply",0,0,3,3,noise,22,"{""🔥"":1}",question.intent:10; noise.vague-short:-12
msg_01588,Apartment 4B,Apartment/roommate chat,Riley,2026-04-20T23:22:00.000Z,,can someone grab trash bags,important,request,supplies,Generated important Apartment/roommate chat message,34,34,18,52,request,57,"{""✅"":1,""👀"":1,""❓"":1}",request.can-someone:24; question.intent:10
msg_01589,Apartment 4B,Apartment/roommate chat,Drew,2026-04-20T23:26:00.000Z,,cleaning inspection moved to Thursday,important,announcement,inspection,Generated important Apartment/roommate chat message,51,51,18,69,announcement,81,"{""✅"":1,""👀"":1}",announcement.change:30; time.weekday:7; announcement.date-context:14
msg_01590,Apartment 4B,Apartment/roommate chat,Grace,2026-04-20T23:29:00.000Z,msg_01547,who has the speaker?,maybe,question,item_question,Ambiguous message that may be useful in context,10,10,0,10,noise,25,{},question.intent:10
msg_01591,Apartment 4B,Apartment/roommate chat,Bella,2026-04-20T23:31:00.000Z,,I could drive tomorrow,maybe,logistics,availability,Ambiguous message that may be useful in context,50,50,0,50,logistics,71,{},logistics.transport:20; commitment.availability:22; time.relative:8
msg_01592,Apartment 4B,Apartment/roommate chat,Mia,2026-04-20T23:34:00.000Z,,why is bro like this?,noise,noise,noise,"Noise, joke, hype, or vague reply",10,10,0,10,noise,25,{},question.intent:10
msg_01593,Apartment 4B,Apartment/roommate chat,Bella,2026-04-20T23:38:00.000Z,msg_01544,can someone grab trash bags,important,request,supplies,Generated important Apartment/roommate chat message,34,34,18,52,request,57,"{""👀"":1,""📌"":1}",request.can-someone:24; question.intent:10
msg_01594,Apartment 4B,Apartment/roommate chat,Cam,2026-04-20T23:41:00.000Z,,need bro to retire,noise,noise,noise,"Noise, joke, hype, or vague reply",0,0,0,0,noise,20,{},
msg_01595,Apartment 4B,Apartment/roommate chat,Logan,2026-04-20T23:43:00.000Z,,can someone grab trash bags,important,request,supplies,Generated important Apartment/roommate chat message,34,34,12,46,request,57,"{""✅"":1}",request.can-someone:24; question.intent:10
msg_01596,Apartment 4B,Apartment/roommate chat,Drew,2026-04-20T23:47:00.000Z,,cleaning inspection moved to Thursday,important,announcement,inspection,Generated important Apartment/roommate chat message,51,51,8,59,announcement,81,"{""👀"":1}",announcement.change:30; time.weekday:7; announcement.date-context:14
msg_01597,Apartment 4B,Apartment/roommate chat,Harper,2026-04-20T23:50:00.000Z,,who all is going Friday?,maybe,plan,attendance_question,Ambiguous message that may be useful in context,37,37,0,37,plan,66,{},plan.whos-going:20; time.weekday:7; question.intent:10
msg_01598,Apartment 4B,Apartment/roommate chat,Mia,2026-04-20T23:51:00.000Z,msg_01553,wifi bill due Friday,important,deadline,bill,Generated important Apartment/roommate chat message,57,57,18,75,deadline,83,"{""✅"":1,""👀"":1}",deadline.explicit:32; time.weekday:7; deadline.date-context:18
msg_01599,Apartment 4B,Apartment/roommate chat,Mia,2026-04-20T23:55:00.000Z,msg_01536,wifi bill due Friday,important,deadline,bill,Generated important Apartment/roommate chat message,57,57,18,75,deadline,83,"{""👀"":1,""📌"":1}",deadline.explicit:32; time.weekday:7; deadline.date-context:18
msg_01600,Apartment 4B,Apartment/roommate chat,Grace,2026-04-20T23:59:00.000Z,,who up,noise,noise,noise,"Noise, joke, hype, or vague reply",0,0,3,3,noise,22,"{""🔥"":1}",noise.hype-only:-24; noise.casual-question:-14; noise.vague-short:-12
msg_01601,Apartment 4B,Apartment/roommate chat,Bella,2026-04-21T00:01:00.000Z,,cleaning inspection moved to Thursday,important,announcement,inspection,Generated important Apartment/roommate chat message,51,51,0,51,announcement,81,{},announcement.change:30; time.weekday:7; announcement.date-context:14
msg_01602,Apartment 4B,Apartment/roommate chat,Olivia,2026-04-21T00:05:00.000Z,,nah,noise,noise,noise,"Noise, joke, hype, or vague reply",0,0,0,0,noise,20,{},noise.one-word:-18; noise.casual-reply:-28; noise.vague-short:-12
msg_01603,Apartment 4B,Apartment/roommate chat,Drew,2026-04-21T00:08:00.000Z,,who all is going Friday?,maybe,plan,attendance_question,Ambiguous message that may be useful in context,37,37,8,45,plan,66,"{""❓"":1,""😂"":1}",plan.whos-going:20; time.weekday:7; question.intent:10
msg_01604,Apartment 4B,Apartment/roommate chat,Cam,2026-04-21T00:10:00.000Z,,can someone grab trash bags,important,request,supplies,Generated important Apartment/roommate chat message,34,34,8,42,request,57,"{""👀"":1}",request.can-someone:24; question.intent:10
msg_01605,Apartment 4B,Apartment/roommate chat,Bella,2026-04-21T00:14:00.000Z,,bring drinks if you have any,maybe,logistics,soft_supplies,Ambiguous message that may be useful in context,25,25,8,33,logistics,46,"{""👀"":1}",logistics.supplies:25
msg_01606,Apartment 4B,Apartment/roommate chat,Marcus,2026-04-21T00:16:00.000Z,,he fell off,noise,noise,noise,"Noise, joke, hype, or vague reply",0,0,0,0,noise,20,{},noise.hype-only:-24; noise.vague-short:-12
msg_01607,Apartment 4B,Apartment/roommate chat,Zoe,2026-04-21T00:19:00.000Z,msg_01580,where we at,noise,noise,noise,"Noise, joke, hype, or vague reply",0,0,0,0,noise,20,{},question.intent:10; noise.vague-short:-12
msg_01608,Apartment 4B,Apartment/roommate chat,Bella,2026-04-21T00:21:00.000Z,msg_01558,pregame at the house?,maybe,question,event_question,Ambiguous message that may be useful in context,30,30,12,42,question,64,"{""✅"":1}",event.social-anchor:12; question.intent:10; question.event-context:8
msg_01609,Apartment 4B,Apartment/roommate chat,Mia,2026-04-21T00:26:00.000Z,,I can bring cups,maybe,logistics,supply_commitment,Ambiguous message that may be useful in context,35,35,0,35,logistics,58,{},logistics.supplies:25; commitment.availability:22; noise.vague-short:-12
msg_01610,Apartment 4B,Apartment/roommate chat,Sam,2026-04-21T00:29:00.000Z,,I can bring cups,maybe,logistics,supply_commitment,Ambiguous message that may be useful in context,35,35,8,43,logistics,58,"{""❓"":1}",logistics.supplies:25; commitment.availability:22; noise.vague-short:-12
msg_01611,Apartment 4B,Apartment/roommate chat,Logan,2026-04-21T00:31:00.000Z,,what time is tailgate again,maybe,question,event_question,Ambiguous message that may be useful in context,30,30,0,30,question,64,{},event.social-anchor:12; question.intent:10; question.event-context:8
msg_01612,Apartment 4B,Apartment/roommate chat,Noah,2026-04-21T00:35:00.000Z,,Friday was insane,noise,noise,noise,"Noise, joke, hype, or vague reply",7,7,0,7,noise,24,{},time.weekday:7
msg_01613,Apartment 4B,Apartment/roommate chat,Bella,2026-04-21T00:38:00.000Z,,maintenance is coming at 9am,important,event,maintenance,Generated important Apartment/roommate chat message,12,12,8,20,noise,30,"{""👀"":1}",time.explicit:12
msg_01614,Apartment 4B,Apartment/roommate chat,Harper,2026-04-21T00:40:00.000Z,,pregame at the house?,maybe,question,event_question,Ambiguous message that may be useful in context,30,30,12,42,question,64,"{""✅"":1,""😂"":1}",event.social-anchor:12; question.intent:10; question.event-context:8
msg_01615,Apartment 4B,Apartment/roommate chat,Marcus,2026-04-21T00:42:00.000Z,msg_01548,cleaning inspection moved to Thursday,important,announcement,inspection,Generated important Apartment/roommate chat message,51,51,18,69,announcement,81,"{""📌"":1}",announcement.change:30; time.weekday:7; announcement.date-context:14
msg_01616,Apartment 4B,Apartment/roommate chat,Marcus,2026-04-21T00:46:00.000Z,,9 is crazy,noise,noise,noise,"Noise, joke, hype, or vague reply",0,0,0,0,noise,20,{},noise.vague-short:-12
msg_01617,Apartment 4B,Apartment/roommate chat,Bella,2026-04-21T00:49:00.000Z,,need bro to retire,noise,noise,noise,"Noise, joke, hype, or vague reply",0,0,0,0,noise,20,{},
msg_01618,Apartment 4B,Apartment/roommate chat,Bella,2026-04-21T00:51:00.000Z,,who up,noise,noise,noise,"Noise, joke, hype, or vague reply",0,0,0,0,noise,20,{},noise.hype-only:-24; noise.casual-question:-14; noise.vague-short:-12
msg_01619,Apartment 4B,Apartment/roommate chat,Mia,2026-04-21T00:55:00.000Z,,pregame at the house?,maybe,question,event_question,Ambiguous message that may be useful in context,30,30,0,30,question,64,{},event.social-anchor:12; question.intent:10; question.event-context:8
msg_01620,Apartment 4B,Apartment/roommate chat,Zoe,2026-04-21T00:59:00.000Z,msg_01455,Friday was insane,noise,noise,noise,"Noise, joke, hype, or vague reply",7,7,0,7,noise,24,{},time.weekday:7
msg_01621,The Big One,Large chaotic general social chat,Luke,2026-04-21T01:00:00.000Z,,need bro to retire,noise,noise,noise,"Noise, joke, hype, or vague reply",0,0,0,0,noise,20,{},
msg_01622,The Big One,Large chaotic general social chat,Sam,2026-04-21T01:03:00.000Z,,lol,noise,noise,noise,"Noise, joke, hype, or vague reply",0,0,0,0,noise,20,{},noise.one-word:-18; noise.laughter:-35; noise.vague-short:-12
msg_01623,The Big One,Large chaotic general social chat,Drew,2026-04-21T01:07:00.000Z,,are we still doing the same place?,maybe,question,context_needed,Ambiguous message that may be useful in context,10,10,0,10,noise,25,{},question.intent:10
msg_01624,The Big One,Large chaotic general social chat,Marcus,2026-04-21T01:09:00.000Z,,are we still doing the same place?,maybe,question,context_needed,Ambiguous message that may be useful in context,10,10,0,10,noise,25,{},question.intent:10
msg_01625,The Big One,Large chaotic general social chat,Ethan,2026-04-21T01:12:00.000Z,,pregame at the house?,maybe,question,event_question,Ambiguous message that may be useful in context,30,30,0,30,question,64,{},event.social-anchor:12; question.intent:10; question.event-context:8
msg_01626,The Big One,Large chaotic general social chat,Grace,2026-04-21T01:15:00.000Z,msg_01623,meeting moved to room 204,important,announcement,room_change,Generated important Large chaotic general social chat message,42,42,12,54,announcement,60,"{""✅"":1}",event.social-anchor:12; announcement.change:30
msg_01627,The Big One,Large chaotic general social chat,Marcus,2026-04-21T01:18:00.000Z,msg_01623,can someone bring speakers,important,request,supplies,Generated important Large chaotic general social chat message,73,73,0,73,request,86,{},request.can-someone:24; logistics.supplies:25; question.intent:10; request.bring-supplies:14
msg_01628,The Big One,Large chaotic general social chat,Riley,2026-04-21T01:21:00.000Z,msg_01627,does anyone have tickets left?,maybe,request,ticket_availability,Ambiguous message that may be useful in context,46,46,0,46,request,69,"{""😂"":1}",deadline.payment:18; request.ticket-availability:18; question.intent:10
msg_01629,The Big One,Large chaotic general social chat,Jake,2026-04-21T01:25:00.000Z,,need bro to retire,noise,noise,noise,"Noise, joke, hype, or vague reply",0,0,0,0,noise,20,{},
msg_01630,The Big One,Large chaotic general social chat,Jake,2026-04-21T01:28:00.000Z,,party starts at 9 at the house,important,event,party_time,Generated important Large chaotic general social chat message,76,76,8,84,event,100,"{""👀"":1}",event.social-anchor:12; event.starts-time:28; time.explicit:12; event.concrete-time:16; structure.concrete-details:8
msg_01631,The Big One,Large chaotic general social chat,Ethan,2026-04-21T01:30:00.000Z,,what time is tailgate again,maybe,question,event_question,Ambiguous message that may be useful in context,30,30,8,38,question,64,"{""❓"":1}",event.social-anchor:12; question.intent:10; question.event-context:8
msg_01632,The Big One,Large chaotic general social chat,Cam,2026-04-21T01:35:00.000Z,,what time are y'all leaving?,maybe,plan,departure_question,Ambiguous message that may be useful in context,30,30,16,46,plan,56,"{""❓"":1,""👀"":1}",plan.leaving-meeting:20; question.intent:10
msg_01633,The Big One,Large chaotic general social chat,Grace,2026-04-21T01:37:00.000Z,,9 is crazy,noise,noise,noise,"Noise, joke, hype, or vague reply",0,0,6,6,noise,23,"{""🔥"":2}",noise.vague-short:-12
msg_01634,The Big One,Large chaotic general social chat,Zoe,2026-04-21T01:40:00.000Z,msg_01626,pregame at the house?,maybe,question,event_question,Ambiguous message that may be useful in context,30,30,16,46,question,64,"{""❓"":1,""👀"":1}",event.social-anchor:12; question.intent:10; question.event-context:8
msg_01635,The Big One,Large chaotic general social chat,Mia,2026-04-21T01:43:00.000Z,,need sober drivers tonight,important,logistics,ride_request,Generated important Large chaotic general social chat message,100,100,0,100,logistics,100,{},request.concrete-need:28; logistics.transport:20; logistics.sober-drivers:30; time.relative:8; request.urgent-tonight:12; structure.concrete-details:8
msg_01636,The Big One,Large chaotic general social chat,Cam,2026-04-21T01:47:00.000Z,,tickets are due by midnight,important,deadline,ticket_deadline,Generated important Large chaotic general social chat message,88,88,20,100,deadline,100,"{""✅"":1,""👀"":1}",deadline.explicit:32; deadline.payment:18; time.explicit:12; deadline.date-context:18; structure.concrete-details:8
msg_01637,The Big One,Large chaotic general social chat,Grace,2026-04-21T01:49:00.000Z,msg_01635,where are we meeting?,maybe,plan,meeting_question,Ambiguous message that may be useful in context,50,50,0,50,plan,79,{},event.social-anchor:12; plan.leaving-meeting:20; question.intent:10; question.event-context:8
msg_01638,The Big One,Large chaotic general social chat,Drew,2026-04-21T01:53:00.000Z,,need sober drivers tonight,important,logistics,ride_request,Generated important Large chaotic general social chat message,100,100,0,100,logistics,100,{},request.concrete-need:28; logistics.transport:20; logistics.sober-drivers:30; time.relative:8; request.urgent-tonight:12; structure.concrete-details:8
msg_01639,The Big One,Large chaotic general social chat,Cam,2026-04-21T01:56:00.000Z,,I can bring cups,maybe,logistics,supply_commitment,Ambiguous message that may be useful in context,35,35,0,35,logistics,58,{},logistics.supplies:25; commitment.availability:22; noise.vague-short:-12
msg_01640,The Big One,Large chaotic general social chat,Drew,2026-04-21T01:58:00.000Z,msg_01624,I could drive tomorrow,maybe,logistics,availability,Ambiguous message that may be useful in context,50,50,8,58,logistics,71,"{""👀"":1,""😂"":1}",logistics.transport:20; commitment.availability:22; time.relative:8
msg_01641,The Big One,Large chaotic general social chat,Sam,2026-04-21T02:02:00.000Z,,W,noise,noise,noise,"Noise, joke, hype, or vague reply",0,0,0,0,noise,20,{},noise.one-word:-18; noise.casual-reply:-28; noise.vague-short:-12
msg_01642,The Big One,Large chaotic general social chat,Marcus,2026-04-21T02:03:00.000Z,,tickets are due by midnight,important,deadline,ticket_deadline,Generated important Large chaotic general social chat message,88,88,8,96,deadline,100,"{""👀"":1}",deadline.explicit:32; deadline.payment:18; time.explicit:12; deadline.date-context:18; structure.concrete-details:8
msg_01643,The Big One,Large chaotic general social chat,Nate,2026-04-21T02:08:00.000Z,,why is bro like this?,noise,noise,noise,"Noise, joke, hype, or vague reply",10,10,0,10,noise,25,{},question.intent:10
msg_01644,The Big One,Large chaotic general social chat,Sam,2026-04-21T02:09:00.000Z,,lmao,noise,noise,noise,"Noise, joke, hype, or vague reply",0,0,3,3,noise,22,"{""💀"":3,""🔥"":1,""😂"":3}",noise.one-word:-18; noise.laughter:-35; noise.vague-short:-12
msg_01645,The Big One,Large chaotic general social chat,Ethan,2026-04-21T02:12:00.000Z,,does anyone have tickets left?,maybe,request,ticket_availability,Ambiguous message that may be useful in context,46,46,0,46,request,69,{},deadline.payment:18; request.ticket-availability:18; question.intent:10
msg_01646,The Big One,Large chaotic general social chat,Jake,2026-04-21T02:16:00.000Z,,nah,noise,noise,noise,"Noise, joke, hype, or vague reply",0,0,0,0,noise,20,{},noise.one-word:-18; noise.casual-reply:-28; noise.vague-short:-12
msg_01647,The Big One,Large chaotic general social chat,Zoe,2026-04-21T02:19:00.000Z,,meeting moved to room 204,important,announcement,room_change,Generated important Large chaotic general social chat message,42,42,12,54,announcement,60,"{""✅"":1}",event.social-anchor:12; announcement.change:30
msg_01648,The Big One,Large chaotic general social chat,Nate,2026-04-21T02:22:00.000Z,,W,noise,noise,noise,"Noise, joke, hype, or vague reply",0,0,6,6,noise,23,"{""💀"":4,""🔥"":2,""😂"":2}",noise.one-word:-18; noise.casual-reply:-28; noise.vague-short:-12
msg_01649,The Big One,Large chaotic general social chat,Luke,2026-04-21T02:26:00.000Z,,pregame at the house?,maybe,question,event_question,Ambiguous message that may be useful in context,30,30,0,30,question,64,{},event.social-anchor:12; question.intent:10; question.event-context:8
msg_01650,The Big One,Large chaotic general social chat,Jake,2026-04-21T02:27:00.000Z,,absolute cinema,noise,noise,noise,"Noise, joke, hype, or vague reply",0,0,0,0,noise,20,{},noise.hype-only:-24; noise.vague-short:-12
msg_01651,The Big One,Large chaotic general social chat,Drew,2026-04-21T02:31:00.000Z,,party starts at 9 at the house,important,event,party_time,Generated important Large chaotic general social chat message,76,76,8,84,event,100,"{""👀"":1}",event.social-anchor:12; event.starts-time:28; time.explicit:12; event.concrete-time:16; structure.concrete-details:8
msg_01652,The Big One,Large chaotic general social chat,Ethan,2026-04-21T02:33:00.000Z,,are we still doing the same place?,maybe,question,context_needed,Ambiguous message that may be useful in context,10,10,0,10,noise,25,{},question.intent:10
msg_01653,The Big One,Large chaotic general social chat,Zoe,2026-04-21T02:37:00.000Z,,tickets are due by midnight,important,deadline,ticket_deadline,Generated important Large chaotic general social chat message,88,88,0,88,deadline,100,{},deadline.explicit:32; deadline.payment:18; time.explicit:12; deadline.date-context:18; structure.concrete-details:8
msg_01654,The Big One,Large chaotic general social chat,Nate,2026-04-21T02:41:00.000Z,,what time is tailgate again,maybe,question,event_question,Ambiguous message that may be useful in context,30,30,0,30,question,64,"{""😂"":1}",event.social-anchor:12; question.intent:10; question.event-context:8
msg_01655,The Big One,Large chaotic general social chat,Grace,2026-04-21T02:43:00.000Z,,might go downtown later,maybe,noise,vague_plan,Ambiguous message that may be useful in context,12,12,0,12,noise,26,{},event.social-anchor:12
msg_01656,The Big One,Large chaotic general social chat,Logan,2026-04-21T02:45:00.000Z,,yo,noise,noise,noise,"Noise, joke, hype, or vague reply",0,0,0,0,noise,20,{},noise.one-word:-18; noise.casual-reply:-28; noise.vague-short:-12
msg_01657,The Big One,Large chaotic general social chat,Luke,2026-04-21T02:49:00.000Z,,can someone bring speakers,important,request,supplies,Generated important Large chaotic general social chat message,73,73,8,81,request,86,"{""👀"":1}",request.can-someone:24; logistics.supplies:25; question.intent:10; request.bring-supplies:14
msg_01658,The Big One,Large chaotic general social chat,Olivia,2026-04-21T02:53:00.000Z,msg_01636,anyone able to grab snacks?,maybe,request,soft_request,Ambiguous message that may be useful in context,73,73,8,81,request,86,"{""❓"":1}",request.can-someone:24; logistics.supplies:25; question.intent:10; request.bring-supplies:14
msg_01659,The Big One,Large chaotic general social chat,Marcus,2026-04-21T02:55:00.000Z,,party starts at 9 at the house,important,event,party_time,Generated important Large chaotic general social chat message,76,76,8,84,event,100,"{""👀"":1}",event.social-anchor:12; event.starts-time:28; time.explicit:12; event.concrete-time:16; structure.concrete-details:8
msg_01660,The Big One,Large chaotic general social chat,Marcus,2026-04-21T02:57:00.000Z,,bro said formal like he owns the place,noise,noise,noise,"Noise, joke, hype, or vague reply",12,12,0,12,noise,26,{},event.social-anchor:12
msg_01661,The Big One,Large chaotic general social chat,Luke,2026-04-21T03:02:00.000Z,,might go downtown later,maybe,noise,vague_plan,Ambiguous message that may be useful in context,12,12,0,12,noise,26,{},event.social-anchor:12
msg_01662,The Big One,Large chaotic general social chat,Nate,2026-04-21T03:03:00.000Z,,meeting my downfall rn,noise,noise,noise,"Noise, joke, hype, or vague reply",12,12,0,12,noise,26,{},event.social-anchor:12
msg_01663,The Big One,Large chaotic general social chat,Zoe,2026-04-21T03:07:00.000Z,msg_01628,what time are y'all leaving?,maybe,plan,departure_question,Ambiguous message that may be useful in context,30,30,0,30,plan,56,{},plan.leaving-meeting:20; question.intent:10
msg_01664,The Big One,Large chaotic general social chat,Ethan,2026-04-21T03:09:00.000Z,msg_01635,he fell off,noise,noise,noise,"Noise, joke, hype, or vague reply",0,0,0,0,noise,20,{},noise.hype-only:-24; noise.vague-short:-12
msg_01665,The Big One,Large chaotic general social chat,Marcus,2026-04-21T03:13:00.000Z,,party animal,noise,noise,noise,"Noise, joke, hype, or vague reply",0,0,0,0,noise,20,{},event.social-anchor:12; noise.vague-short:-12
msg_01666,The Big One,Large chaotic general social chat,Sam,2026-04-21T03:17:00.000Z,msg_01655,nah,noise,noise,noise,"Noise, joke, hype, or vague reply",0,0,0,0,noise,20,{},noise.one-word:-18; noise.casual-reply:-28; noise.vague-short:-12
msg_01667,The Big One,Large chaotic general social chat,Cam,2026-04-21T03:19:00.000Z,,deadline for being washed is tonight,noise,noise,noise,"Noise, joke, hype, or vague reply",58,58,0,58,deadline,83,{},deadline.explicit:32; time.relative:8; deadline.date-context:18
msg_01668,The Big One,Large chaotic general social chat,Grace,2026-04-21T03:21:00.000Z,,can someone bring speakers,important,request,supplies,Generated important Large chaotic general social chat message,73,73,20,93,request,86,"{""✅"":1,""👀"":1}",request.can-someone:24; logistics.supplies:25; question.intent:10; request.bring-supplies:14
msg_01669,The Big One,Large chaotic general social chat,Jake,2026-04-21T03:24:00.000Z,msg_01657,anyone able to grab snacks?,maybe,request,soft_request,Ambiguous message that may be useful in context,73,73,8,81,request,86,"{""👀"":1,""😂"":1}",request.can-someone:24; logistics.supplies:25; question.intent:10; request.bring-supplies:14
msg_01670,The Big One,Large chaotic general social chat,Marcus,2026-04-21T03:28:00.000Z,,deadline for being washed is tonight,noise,noise,noise,"Noise, joke, hype, or vague reply",58,58,0,58,deadline,83,{},deadline.explicit:32; time.relative:8; deadline.date-context:18
msg_01671,The Big One,Large chaotic general social chat,Marcus,2026-04-21T03:31:00.000Z,,where we at,noise,noise,noise,"Noise, joke, hype, or vague reply",0,0,0,0,noise,20,{},question.intent:10; noise.vague-short:-12
msg_01672,The Big One,Large chaotic general social chat,Drew,2026-04-21T03:33:00.000Z,,need sober drivers tonight,important,logistics,ride_request,Generated important Large chaotic general social chat message,100,100,8,100,logistics,100,"{""👀"":1}",request.concrete-need:28; logistics.transport:20; logistics.sober-drivers:30; time.relative:8; request.urgent-tonight:12; structure.concrete-details:8
msg_01673,The Big One,Large chaotic general social chat,Ethan,2026-04-21T03:36:00.000Z,,party starts at 9 at the house,important,event,party_time,Generated important Large chaotic general social chat message,76,76,0,76,event,100,{},event.social-anchor:12; event.starts-time:28; time.explicit:12; event.concrete-time:16; structure.concrete-details:8
msg_01674,The Big One,Large chaotic general social chat,Nate,2026-04-21T03:41:00.000Z,,does anyone have tickets left?,maybe,request,ticket_availability,Ambiguous message that may be useful in context,46,46,8,54,request,69,"{""❓"":1}",deadline.payment:18; request.ticket-availability:18; question.intent:10
msg_01675,The Big One,Large chaotic general social chat,Mia,2026-04-21T03:44:00.000Z,,anyone able to grab snacks?,maybe,request,soft_request,Ambiguous message that may be useful in context,73,73,8,81,request,86,"{""❓"":1}",request.can-someone:24; logistics.supplies:25; question.intent:10; request.bring-supplies:14
msg_01676,The Big One,Large chaotic general social chat,Logan,2026-04-21T03:47:00.000Z,,can someone bring speakers,important,request,supplies,Generated important Large chaotic general social chat message,73,73,8,81,request,86,"{""👀"":1}",request.can-someone:24; logistics.supplies:25; question.intent:10; request.bring-supplies:14
msg_01677,The Big One,Large chaotic general social chat,Olivia,2026-04-21T03:49:00.000Z,,anyone able to grab snacks?,maybe,request,soft_request,Ambiguous message that may be useful in context,73,73,0,73,request,86,"{""😂"":1}",request.can-someone:24; logistics.supplies:25; question.intent:10; request.bring-supplies:14
msg_01678,The Big One,Large chaotic general social chat,Cam,2026-04-21T03:52:00.000Z,,skull,noise,noise,noise,"Noise, joke, hype, or vague reply",0,0,0,0,noise,20,{},noise.one-word:-18; noise.casual-reply:-28; noise.vague-short:-12
msg_01679,The Big One,Large chaotic general social chat,Nate,2026-04-21T03:55:00.000Z,msg_01631,tomorrow gonna be wild,noise,noise,noise,"Noise, joke, hype, or vague reply",8,8,3,11,noise,26,"{""🔥"":1}",time.relative:8
msg_01680,The Big One,Large chaotic general social chat,Marcus,2026-04-21T03:59:00.000Z,,😭😭😭,noise,noise,noise,"Noise, joke, hype, or vague reply",0,0,0,0,noise,20,{},noise.one-word:-18; noise.emoji-only:-35; noise.vague-short:-12
msg_01681,The Big One,Large chaotic general social chat,Sam,2026-04-21T04:00:00.000Z,,he fell off,noise,noise,noise,"Noise, joke, hype, or vague reply",0,0,0,0,noise,20,"{""😂"":2,""💀"":2}",noise.hype-only:-24; noise.vague-short:-12
msg_01682,The Big One,Large chaotic general social chat,Drew,2026-04-21T04:05:00.000Z,,meeting moved to room 204,important,announcement,room_change,Generated important Large chaotic general social chat message,42,42,8,50,announcement,60,"{""👀"":1}",event.social-anchor:12; announcement.change:30
msg_01683,The Big One,Large chaotic general social chat,Luke,2026-04-21T04:07:00.000Z,,go go go go,noise,noise,noise,"Noise, joke, hype, or vague reply",0,0,0,0,noise,20,{},noise.repeated:-16; noise.vague-short:-12
msg_01684,The Big One,Large chaotic general social chat,Luke,2026-04-21T04:09:00.000Z,,you had to be there,noise,noise,noise,"Noise, joke, hype, or vague reply",0,0,0,0,noise,20,{},noise.hype-only:-24
msg_01685,The Big One,Large chaotic general social chat,Drew,2026-04-21T04:13:00.000Z,,yo,noise,noise,noise,"Noise, joke, hype, or vague reply",0,0,0,0,noise,20,{},noise.one-word:-18; noise.casual-reply:-28; noise.vague-short:-12
msg_01686,The Big One,Large chaotic general social chat,Mia,2026-04-21T04:16:00.000Z,,who has the speaker?,maybe,question,item_question,Ambiguous message that may be useful in context,10,10,0,10,noise,25,"{""😂"":1}",question.intent:10
msg_01687,The Big One,Large chaotic general social chat,Logan,2026-04-21T04:20:00.000Z,,need sober drivers tonight,important,logistics,ride_request,Generated important Large chaotic general social chat message,100,100,30,100,logistics,100,"{""✅"":1,""👀"":1,""📌"":1}",request.concrete-need:28; logistics.transport:20; logistics.sober-drivers:30; time.relative:8; request.urgent-tonight:12; structure.concrete-details:8
msg_01688,The Big One,Large chaotic general social chat,Drew,2026-04-21T04:21:00.000Z,,meeting my downfall rn,noise,noise,noise,"Noise, joke, hype, or vague reply",12,12,0,12,noise,26,{},event.social-anchor:12
msg_01689,The Big One,Large chaotic general social chat,Zoe,2026-04-21T04:25:00.000Z,,go go go go,noise,noise,noise,"Noise, joke, hype, or vague reply",0,0,0,0,noise,20,{},noise.repeated:-16; noise.vague-short:-12
msg_01690,The Big One,Large chaotic general social chat,Zoe,2026-04-21T04:27:00.000Z,,party animal,noise,noise,noise,"Noise, joke, hype, or vague reply",0,0,0,0,noise,20,{},event.social-anchor:12; noise.vague-short:-12
msg_01691,The Big One,Large chaotic general social chat,Ethan,2026-04-21T04:31:00.000Z,,meeting my downfall rn,noise,noise,noise,"Noise, joke, hype, or vague reply",12,12,0,12,noise,26,{},event.social-anchor:12
msg_01692,The Big One,Large chaotic general social chat,Sam,2026-04-21T04:33:00.000Z,,meeting moved to room 204,important,announcement,room_change,Generated important Large chaotic general social chat message,42,42,18,60,announcement,60,"{""✅"":1,""📌"":1}",event.social-anchor:12; announcement.change:30
msg_01693,The Big One,Large chaotic general social chat,Jake,2026-04-21T04:36:00.000Z,,meeting my downfall rn,noise,noise,noise,"Noise, joke, hype, or vague reply",12,12,3,15,noise,28,"{""😂"":2,""💀"":2,""🔥"":1}",event.social-anchor:12
msg_01694,The Big One,Large chaotic general social chat,Mia,2026-04-21T04:39:00.000Z,,bring drinks if you have any,maybe,logistics,soft_supplies,Ambiguous message that may be useful in context,25,25,8,33,logistics,46,"{""👀"":1}",logistics.supplies:25
msg_01695,The Big One,Large chaotic general social chat,Riley,2026-04-21T04:44:00.000Z,msg_01658,can someone bring speakers,important,request,supplies,Generated important Large chaotic general social chat message,73,73,12,85,request,86,"{""✅"":1}",request.can-someone:24; logistics.supplies:25; question.intent:10; request.bring-supplies:14
msg_01696,The Big One,Large chaotic general social chat,Nate,2026-04-21T04:45:00.000Z,,party starts at 9 at the house,important,event,party_time,Generated important Large chaotic general social chat message,76,76,20,96,event,100,"{""✅"":1,""👀"":1}",event.social-anchor:12; event.starts-time:28; time.explicit:12; event.concrete-time:16; structure.concrete-details:8
msg_01697,The Big One,Large chaotic general social chat,Grace,2026-04-21T04:48:00.000Z,,why is bro like this?,noise,noise,noise,"Noise, joke, hype, or vague reply",10,10,0,10,noise,25,{},question.intent:10
msg_01698,The Big One,Large chaotic general social chat,Sam,2026-04-21T04:51:00.000Z,,party starts at 9 at the house,important,event,party_time,Generated important Large chaotic general social chat message,76,76,8,84,event,100,"{""👀"":1}",event.social-anchor:12; event.starts-time:28; time.explicit:12; event.concrete-time:16; structure.concrete-details:8
msg_01699,The Big One,Large chaotic general social chat,Noah,2026-04-21T04:55:00.000Z,msg_01689,tickets are due by midnight,important,deadline,ticket_deadline,Generated important Large chaotic general social chat message,88,88,12,100,deadline,100,"{""✅"":1}",deadline.explicit:32; deadline.payment:18; time.explicit:12; deadline.date-context:18; structure.concrete-details:8
msg_01700,The Big One,Large chaotic general social chat,Mia,2026-04-21T04:59:00.000Z,,anyone going out tonight?,maybe,plan,loose_plan,Ambiguous message that may be useful in context,38,38,0,38,plan,67,{},plan.whos-going:20; time.relative:8; question.intent:10
msg_01701,The Big One,Large chaotic general social chat,Ethan,2026-04-21T05:01:00.000Z,,I could drive tomorrow,maybe,logistics,availability,Ambiguous message that may be useful in context,50,50,8,58,logistics,71,"{""👀"":1}",logistics.transport:20; commitment.availability:22; time.relative:8
msg_01702,The Big One,Large chaotic general social chat,Jake,2026-04-21T05:04:00.000Z,,tickets are due by midnight,important,deadline,ticket_deadline,Generated important Large chaotic general social chat message,88,88,12,100,deadline,100,"{""✅"":1}",deadline.explicit:32; deadline.payment:18; time.explicit:12; deadline.date-context:18; structure.concrete-details:8
msg_01703,The Big One,Large chaotic general social chat,Noah,2026-04-21T05:06:00.000Z,,can someone tell Tyler to chill,noise,noise,noise,"Noise, joke, hype, or vague reply",10,10,0,10,noise,25,{},question.intent:10
msg_01704,The Big One,Large chaotic general social chat,Noah,2026-04-21T05:10:00.000Z,,tomorrow gonna be wild,noise,noise,noise,"Noise, joke, hype, or vague reply",8,8,0,8,noise,24,{},time.relative:8
msg_01705,The Big One,Large chaotic general social chat,Sam,2026-04-21T05:14:00.000Z,,bro,noise,noise,noise,"Noise, joke, hype, or vague reply",0,0,0,0,noise,20,{},noise.one-word:-18; noise.casual-reply:-28; noise.vague-short:-12
msg_01706,The Big One,Large chaotic general social chat,Cam,2026-04-21T05:17:00.000Z,,party animal,noise,noise,noise,"Noise, joke, hype, or vague reply",0,0,0,0,noise,20,{},event.social-anchor:12; noise.vague-short:-12
msg_01707,The Big One,Large chaotic general social chat,Mia,2026-04-21T05:20:00.000Z,msg_01644,who all is going Friday?,maybe,plan,attendance_question,Ambiguous message that may be useful in context,37,37,0,37,plan,66,{},plan.whos-going:20; time.weekday:7; question.intent:10
msg_01708,The Big One,Large chaotic general social chat,Riley,2026-04-21T05:21:00.000Z,,party starts at 9 at the house,important,event,party_time,Generated important Large chaotic general social chat message,76,76,20,96,event,100,"{""✅"":1,""👀"":1}",event.social-anchor:12; event.starts-time:28; time.explicit:12; event.concrete-time:16; structure.concrete-details:8
msg_01709,The Big One,Large chaotic general social chat,Zoe,2026-04-21T05:24:00.000Z,,nah,noise,noise,noise,"Noise, joke, hype, or vague reply",0,0,0,0,noise,20,{},noise.one-word:-18; noise.casual-reply:-28; noise.vague-short:-12
msg_01710,The Big One,Large chaotic general social chat,Ethan,2026-04-21T05:28:00.000Z,,can someone bring speakers,important,request,supplies,Generated important Large chaotic general social chat message,73,73,8,81,request,86,"{""👀"":1}",request.can-someone:24; logistics.supplies:25; question.intent:10; request.bring-supplies:14
msg_01711,The Big One,Large chaotic general social chat,Mia,2026-04-21T05:30:00.000Z,,party starts at 9 at the house,important,event,party_time,Generated important Large chaotic general social chat message,76,76,30,100,event,100,"{""👀"":1,""📌"":1}",event.social-anchor:12; event.starts-time:28; time.explicit:12; event.concrete-time:16; structure.concrete-details:8
msg_01712,The Big One,Large chaotic general social chat,Ethan,2026-04-21T05:33:00.000Z,msg_01667,party starts at 9 at the house,important,event,party_time,Generated important Large chaotic general social chat message,76,76,0,76,event,100,{},event.social-anchor:12; event.starts-time:28; time.explicit:12; event.concrete-time:16; structure.concrete-details:8
msg_01713,The Big One,Large chaotic general social chat,Harper,2026-04-21T05:37:00.000Z,,skull,noise,noise,noise,"Noise, joke, hype, or vague reply",0,0,0,0,noise,20,{},noise.one-word:-18; noise.casual-reply:-28; noise.vague-short:-12
msg_01714,The Big One,Large chaotic general social chat,Olivia,2026-04-21T05:39:00.000Z,,can someone tell Tyler to chill,noise,noise,noise,"Noise, joke, hype, or vague reply",10,10,0,10,noise,25,"{""😂"":1}",question.intent:10
msg_01715,The Big One,Large chaotic general social chat,Luke,2026-04-21T05:44:00.000Z,msg_01682,fire fit,noise,noise,noise,"Noise, joke, hype, or vague reply",0,0,8,8,noise,24,"{""🔥"":3,""💀"":1,""😂"":4}",noise.vague-short:-12
msg_01716,The Big One,Large chaotic general social chat,Cam,2026-04-21T05:45:00.000Z,msg_01707,anyone going out tonight?,maybe,plan,loose_plan,Ambiguous message that may be useful in context,38,38,0,38,plan,67,{},plan.whos-going:20; time.relative:8; question.intent:10
msg_01717,The Big One,Large chaotic general social chat,Riley,2026-04-21T05:49:00.000Z,,party starts at 9 at the house,important,event,party_time,Generated important Large chaotic general social chat message,76,76,8,84,event,100,"{""👀"":1}",event.social-anchor:12; event.starts-time:28; time.explicit:12; event.concrete-time:16; structure.concrete-details:8
msg_01718,The Big One,Large chaotic general social chat,Noah,2026-04-21T05:52:00.000Z,msg_01693,😭😭😭,noise,noise,noise,"Noise, joke, hype, or vague reply",0,0,0,0,noise,20,{},noise.one-word:-18; noise.emoji-only:-35; noise.vague-short:-12
msg_01719,The Big One,Large chaotic general social chat,Sam,2026-04-21T05:56:00.000Z,,does anyone have tickets left?,maybe,request,ticket_availability,Ambiguous message that may be useful in context,46,46,0,46,request,69,"{""😂"":1}",deadline.payment:18; request.ticket-availability:18; question.intent:10
msg_01720,The Big One,Large chaotic general social chat,Olivia,2026-04-21T05:58:00.000Z,msg_01628,bro said formal like he owns the place,noise,noise,noise,"Noise, joke, hype, or vague reply",12,12,0,12,noise,26,{},event.social-anchor:12
msg_01721,The Big One,Large chaotic general social chat,Olivia,2026-04-21T06:02:00.000Z,,why is bro like this?,noise,noise,noise,"Noise, joke, hype, or vague reply",10,10,0,10,noise,25,{},question.intent:10
msg_01722,The Big One,Large chaotic general social chat,Ethan,2026-04-21T06:05:00.000Z,msg_01711,meeting moved to room 204,important,announcement,room_change,Generated important Large chaotic general social chat message,42,42,0,42,announcement,60,{},event.social-anchor:12; announcement.change:30
msg_01723,The Big One,Large chaotic general social chat,Cam,2026-04-21T06:08:00.000Z,,I can bring cups,maybe,logistics,supply_commitment,Ambiguous message that may be useful in context,35,35,0,35,logistics,58,{},logistics.supplies:25; commitment.availability:22; noise.vague-short:-12
msg_01724,The Big One,Large chaotic general social chat,Marcus,2026-04-21T06:11:00.000Z,,deadline for being washed is tonight,noise,noise,noise,"Noise, joke, hype, or vague reply",58,58,0,58,deadline,83,"{""💀"":3}",deadline.explicit:32; time.relative:8; deadline.date-context:18
msg_01725,The Big One,Large chaotic general social chat,Olivia,2026-04-21T06:13:00.000Z,,party animal,noise,noise,noise,"Noise, joke, hype, or vague reply",0,0,0,0,noise,20,"{""💀"":1}",event.social-anchor:12; noise.vague-short:-12
msg_01726,The Big One,Large chaotic general social chat,Cam,2026-04-21T06:15:00.000Z,,can someone bring speakers,important,request,supplies,Generated important Large chaotic general social chat message,73,73,20,93,request,86,"{""✅"":1,""👀"":1}",request.can-someone:24; logistics.supplies:25; question.intent:10; request.bring-supplies:14
msg_01727,The Big One,Large chaotic general social chat,Harper,2026-04-21T06:18:00.000Z,,can someone bring speakers,important,request,supplies,Generated important Large chaotic general social chat message,73,73,8,81,request,86,"{""👀"":1}",request.can-someone:24; logistics.supplies:25; question.intent:10; request.bring-supplies:14
msg_01728,The Big One,Large chaotic general social chat,Cam,2026-04-21T06:22:00.000Z,,pregame at the house?,maybe,question,event_question,Ambiguous message that may be useful in context,30,30,16,46,question,64,"{""❓"":1,""👀"":1}",event.social-anchor:12; question.intent:10; question.event-context:8
msg_01729,The Big One,Large chaotic general social chat,Drew,2026-04-21T06:25:00.000Z,,who up,noise,noise,noise,"Noise, joke, hype, or vague reply",0,0,0,0,noise,20,{},noise.hype-only:-24; noise.casual-question:-14; noise.vague-short:-12
msg_01730,The Big One,Large chaotic general social chat,Jake,2026-04-21T06:27:00.000Z,,meeting moved to room 204,important,announcement,room_change,Generated important Large chaotic general social chat message,42,42,12,54,announcement,60,"{""✅"":1}",event.social-anchor:12; announcement.change:30
msg_01731,The Big One,Large chaotic general social chat,Harper,2026-04-21T06:31:00.000Z,,skull,noise,noise,noise,"Noise, joke, hype, or vague reply",0,0,0,0,noise,20,{},noise.one-word:-18; noise.casual-reply:-28; noise.vague-short:-12
msg_01732,The Big One,Large chaotic general social chat,Marcus,2026-04-21T06:34:00.000Z,,you had to be there,noise,noise,noise,"Noise, joke, hype, or vague reply",0,0,0,0,noise,20,{},noise.hype-only:-24
msg_01733,The Big One,Large chaotic general social chat,Nate,2026-04-21T06:38:00.000Z,msg_01694,need sober drivers tonight,important,logistics,ride_request,Generated important Large chaotic general social chat message,100,100,0,100,logistics,100,{},request.concrete-need:28; logistics.transport:20; logistics.sober-drivers:30; time.relative:8; request.urgent-tonight:12; structure.concrete-details:8
msg_01734,The Big One,Large chaotic general social chat,Logan,2026-04-21T06:41:00.000Z,,mtg moved to room 204,important,announcement,room_change,Generated important Large chaotic general social chat message,30,30,12,42,announcement,48,"{""✅"":1}",announcement.change:30
msg_01735,The Big One,Large chaotic general social chat,Drew,2026-04-21T06:42:00.000Z,,who has the speaker?,maybe,question,item_question,Ambiguous message that may be useful in context,10,10,0,10,noise,25,{},question.intent:10
msg_01736,The Big One,Large chaotic general social chat,Luke,2026-04-21T06:45:00.000Z,,real,noise,noise,noise,"Noise, joke, hype, or vague reply",0,0,0,0,noise,20,{},noise.one-word:-18; noise.casual-reply:-28; noise.vague-short:-12
msg_01737,The Big One,Large chaotic general social chat,Luke,2026-04-21T06:48:00.000Z,msg_01627,lol,noise,noise,noise,"Noise, joke, hype, or vague reply",0,0,0,0,noise,20,"{""😂"":4,""💀"":3}",noise.one-word:-18; noise.laughter:-35; noise.vague-short:-12
msg_01738,The Big One,Large chaotic general social chat,Ethan,2026-04-21T06:52:00.000Z,,I could drive tomorrow,maybe,logistics,availability,Ambiguous message that may be useful in context,50,50,0,50,logistics,71,{},logistics.transport:20; commitment.availability:22; time.relative:8
msg_01739,The Big One,Large chaotic general social chat,Noah,2026-04-21T06:54:00.000Z,,tomorrow gonna be wild,noise,noise,noise,"Noise, joke, hype, or vague reply",8,8,0,8,noise,24,{},time.relative:8
msg_01740,The Big One,Large chaotic general social chat,Nate,2026-04-21T06:57:00.000Z,msg_01721,tickets are due by midnight,important,deadline,ticket_deadline,Generated important Large chaotic general social chat message,88,88,30,100,deadline,100,"{""✅"":1,""👀"":1,""📌"":1}",deadline.explicit:32; deadline.payment:18; time.explicit:12; deadline.date-context:18; structure.concrete-details:8
msg_01741,The Big One,Large chaotic general social chat,Riley,2026-04-21T07:02:00.000Z,msg_01649,lmao,noise,noise,noise,"Noise, joke, hype, or vague reply",0,0,0,0,noise,20,{},noise.one-word:-18; noise.laughter:-35; noise.vague-short:-12
msg_01742,The Big One,Large chaotic general social chat,Jake,2026-04-21T07:03:00.000Z,,bring drinks if you have any,maybe,logistics,soft_supplies,Ambiguous message that may be useful in context,25,25,0,25,logistics,46,{},logistics.supplies:25
msg_01743,The Big One,Large chaotic general social chat,Drew,2026-04-21T07:08:00.000Z,msg_01660,what time is tailgate again,maybe,question,event_question,Ambiguous message that may be useful in context,30,30,16,46,question,64,"{""❓"":1,""👀"":1,""😂"":1}",event.social-anchor:12; question.intent:10; question.event-context:8
msg_01744,The Big One,Large chaotic general social chat,Zoe,2026-04-21T07:10:00.000Z,,might go downtown later,maybe,noise,vague_plan,Ambiguous message that may be useful in context,12,12,0,12,noise,26,{},event.social-anchor:12
msg_01745,The Big One,Large chaotic general social chat,Nate,2026-04-21T07:14:00.000Z,msg_01705,tickets are due by midnight,important,deadline,ticket_deadline,Generated important Large chaotic general social chat message,88,88,8,96,deadline,100,"{""👀"":1}",deadline.explicit:32; deadline.payment:18; time.explicit:12; deadline.date-context:18; structure.concrete-details:8
msg_01746,The Big One,Large chaotic general social chat,Grace,2026-04-21T07:17:00.000Z,,bring drinks if you have any,maybe,logistics,soft_supplies,Ambiguous message that may be useful in context,25,25,8,33,logistics,46,"{""❓"":1}",logistics.supplies:25
msg_01747,The Big One,Large chaotic general social chat,Nate,2026-04-21T07:18:00.000Z,,he fell off,noise,noise,noise,"Noise, joke, hype, or vague reply",0,0,0,0,noise,20,{},noise.hype-only:-24; noise.vague-short:-12
msg_01748,The Big One,Large chaotic general social chat,Luke,2026-04-21T07:23:00.000Z,msg_01713,yo,noise,noise,noise,"Noise, joke, hype, or vague reply",0,0,0,0,noise,20,{},noise.one-word:-18; noise.casual-reply:-28; noise.vague-short:-12
msg_01749,The Big One,Large chaotic general social chat,Drew,2026-04-21T07:26:00.000Z,,anyone able to grab snacks?,maybe,request,soft_request,Ambiguous message that may be useful in context,73,73,0,73,request,86,{},request.can-someone:24; logistics.supplies:25; question.intent:10; request.bring-supplies:14
msg_01750,The Big One,Large chaotic general social chat,Logan,2026-04-21T07:29:00.000Z,msg_01746,😭😭😭,noise,noise,noise,"Noise, joke, hype, or vague reply",0,0,0,0,noise,20,{},noise.one-word:-18; noise.emoji-only:-35; noise.vague-short:-12
msg_01751,The Big One,Large chaotic general social chat,Luke,2026-04-21T07:32:00.000Z,,he fell off,noise,noise,noise,"Noise, joke, hype, or vague reply",0,0,0,0,noise,20,{},noise.hype-only:-24; noise.vague-short:-12
msg_01752,The Big One,Large chaotic general social chat,Noah,2026-04-21T07:34:00.000Z,,bring drinks if you have any,maybe,logistics,soft_supplies,Ambiguous message that may be useful in context,25,25,0,25,logistics,46,{},logistics.supplies:25
msg_01753,The Big One,Large chaotic general social chat,Cam,2026-04-21T07:36:00.000Z,msg_01628,need sober drivers tonight,important,logistics,ride_request,Generated important Large chaotic general social chat message,100,100,0,100,logistics,100,{},request.concrete-need:28; logistics.transport:20; logistics.sober-drivers:30; time.relative:8; request.urgent-tonight:12; structure.concrete-details:8
msg_01754,The Big One,Large chaotic general social chat,Olivia,2026-04-21T07:39:00.000Z,msg_01653,who has the speaker?,maybe,question,item_question,Ambiguous message that may be useful in context,10,10,0,10,noise,25,{},question.intent:10
msg_01755,The Big One,Large chaotic general social chat,Harper,2026-04-21T07:42:00.000Z,,who all is going Friday?,maybe,plan,attendance_question,Ambiguous message that may be useful in context,37,37,8,45,plan,66,"{""👀"":1}",plan.whos-going:20; time.weekday:7; question.intent:10
msg_01756,The Big One,Large chaotic general social chat,Luke,2026-04-21T07:45:00.000Z,,what time is tailgate again,maybe,question,event_question,Ambiguous message that may be useful in context,30,30,8,38,question,64,"{""❓"":1}",event.social-anchor:12; question.intent:10; question.event-context:8
msg_01757,The Big One,Large chaotic general social chat,Ethan,2026-04-21T07:49:00.000Z,,party starts at 9 at the house,important,event,party_time,Generated important Large chaotic general social chat message,76,76,0,76,event,100,{},event.social-anchor:12; event.starts-time:28; time.explicit:12; event.concrete-time:16; structure.concrete-details:8
msg_01758,The Big One,Large chaotic general social chat,Jake,2026-04-21T07:52:00.000Z,msg_01685,where are we meeting?,maybe,plan,meeting_question,Ambiguous message that may be useful in context,50,50,0,50,plan,79,{},event.social-anchor:12; plan.leaving-meeting:20; question.intent:10; question.event-context:8
msg_01759,The Big One,Large chaotic general social chat,Ethan,2026-04-21T07:56:00.000Z,,mtg moved to room 204,important,announcement,room_change,Generated important Large chaotic general social chat message,30,30,0,30,announcement,48,{},announcement.change:30
msg_01760,The Big One,Large chaotic general social chat,Ethan,2026-04-21T07:58:00.000Z,,why is bro like this?,noise,noise,noise,"Noise, joke, hype, or vague reply",10,10,0,10,noise,25,{},question.intent:10
msg_01761,The Big One,Large chaotic general social chat,Sam,2026-04-21T08:00:00.000Z,,tickets are due by midnight,important,deadline,ticket_deadline,Generated important Large chaotic general social chat message,88,88,8,96,deadline,100,"{""👀"":1}",deadline.explicit:32; deadline.payment:18; time.explicit:12; deadline.date-context:18; structure.concrete-details:8
msg_01762,The Big One,Large chaotic general social chat,Grace,2026-04-21T08:04:00.000Z,,need sober drivers tonight,important,logistics,ride_request,Generated important Large chaotic general social chat message,100,100,8,100,logistics,100,"{""👀"":1}",request.concrete-need:28; logistics.transport:20; logistics.sober-drivers:30; time.relative:8; request.urgent-tonight:12; structure.concrete-details:8
msg_01763,The Big One,Large chaotic general social chat,Harper,2026-04-21T08:06:00.000Z,,fire fit,noise,noise,noise,"Noise, joke, hype, or vague reply",0,0,0,0,noise,20,{},noise.vague-short:-12
msg_01764,The Big One,Large chaotic general social chat,Marcus,2026-04-21T08:09:00.000Z,,tomorrow gonna be wild,noise,noise,noise,"Noise, joke, hype, or vague reply",8,8,0,8,noise,24,{},time.relative:8
msg_01765,The Big One,Large chaotic general social chat,Olivia,2026-04-21T08:12:00.000Z,,Friday was insane,noise,noise,noise,"Noise, joke, hype, or vague reply",7,7,0,7,noise,24,{},time.weekday:7
msg_01766,The Big One,Large chaotic general social chat,Noah,2026-04-21T08:16:00.000Z,msg_01715,bring drinks if you have any,maybe,logistics,soft_supplies,Ambiguous message that may be useful in context,25,25,0,25,logistics,46,"{""😂"":1}",logistics.supplies:25
msg_01767,The Big One,Large chaotic general social chat,Mia,2026-04-21T08:18:00.000Z,,tickets are due by midnight,important,deadline,ticket_deadline,Generated important Large chaotic general social chat message,88,88,0,88,deadline,100,{},deadline.explicit:32; deadline.payment:18; time.explicit:12; deadline.date-context:18; structure.concrete-details:8
msg_01768,The Big One,Large chaotic general social chat,Noah,2026-04-21T08:22:00.000Z,,party starts at 9 at the house,important,event,party_time,Generated important Large chaotic general social chat message,76,76,0,76,event,100,{},event.social-anchor:12; event.starts-time:28; time.explicit:12; event.concrete-time:16; structure.concrete-details:8
msg_01769,The Big One,Large chaotic general social chat,Ethan,2026-04-21T08:24:00.000Z,,party starts at 9 at the house,important,event,party_time,Generated important Large chaotic general social chat message,76,76,12,88,event,100,"{""✅"":1}",event.social-anchor:12; event.starts-time:28; time.explicit:12; event.concrete-time:16; structure.concrete-details:8
msg_01770,The Big One,Large chaotic general social chat,Noah,2026-04-21T08:28:00.000Z,,need sober drivers tonight,important,logistics,ride_request,Generated important Large chaotic general social chat message,100,100,0,100,logistics,100,{},request.concrete-need:28; logistics.transport:20; logistics.sober-drivers:30; time.relative:8; request.urgent-tonight:12; structure.concrete-details:8
msg_01771,The Big One,Large chaotic general social chat,Noah,2026-04-21T08:31:00.000Z,,deadline for being washed is tonight,noise,noise,noise,"Noise, joke, hype, or vague reply",58,58,0,58,deadline,83,{},deadline.explicit:32; time.relative:8; deadline.date-context:18
msg_01772,The Big One,Large chaotic general social chat,Mia,2026-04-21T08:35:00.000Z,,who up,noise,noise,noise,"Noise, joke, hype, or vague reply",0,0,8,8,noise,24,"{""💀"":4,""🔥"":4}",noise.hype-only:-24; noise.casual-question:-14; noise.vague-short:-12
msg_01773,The Big One,Large chaotic general social chat,Logan,2026-04-21T08:37:00.000Z,,are we still doing the same place?,maybe,question,context_needed,Ambiguous message that may be useful in context,10,10,0,10,noise,25,{},question.intent:10
msg_01774,The Big One,Large chaotic general social chat,Marcus,2026-04-21T08:41:00.000Z,,that was crazy,noise,noise,noise,"Noise, joke, hype, or vague reply",0,0,0,0,noise,20,{},noise.hype-only:-24; noise.vague-short:-12
msg_01775,The Big One,Large chaotic general social chat,Luke,2026-04-21T08:42:00.000Z,,tickets are due by midnight,important,deadline,ticket_deadline,Generated important Large chaotic general social chat message,88,88,0,88,deadline,100,{},deadline.explicit:32; deadline.payment:18; time.explicit:12; deadline.date-context:18; structure.concrete-details:8
msg_01776,The Big One,Large chaotic general social chat,Ethan,2026-04-21T08:47:00.000Z,msg_01720,fire fit,noise,noise,noise,"Noise, joke, hype, or vague reply",0,0,8,8,noise,24,"{""😂"":2,""🔥"":5,""💀"":1}",noise.vague-short:-12
msg_01777,The Big One,Large chaotic general social chat,Ethan,2026-04-21T08:48:00.000Z,,party starts at 9 at the house,important,event,party_time,Generated important Large chaotic general social chat message,76,76,8,84,event,100,"{""👀"":1}",event.social-anchor:12; event.starts-time:28; time.explicit:12; event.concrete-time:16; structure.concrete-details:8
msg_01778,The Big One,Large chaotic general social chat,Ethan,2026-04-21T08:51:00.000Z,msg_01649,I can drive after 10,maybe,logistics,availability,Ambiguous message that may be useful in context,42,42,0,42,logistics,60,{},logistics.transport:20; commitment.availability:22
msg_01779,The Big One,Large chaotic general social chat,Drew,2026-04-21T08:55:00.000Z,,W,noise,noise,noise,"Noise, joke, hype, or vague reply",0,0,3,3,noise,22,"{""🔥"":1}",noise.one-word:-18; noise.casual-reply:-28; noise.vague-short:-12
msg_01780,The Big One,Large chaotic general social chat,Drew,2026-04-21T08:58:00.000Z,msg_01741,tickets are due by midnight,important,deadline,ticket_deadline,Generated important Large chaotic general social chat message,88,88,8,96,deadline,100,"{""👀"":1}",deadline.explicit:32; deadline.payment:18; time.explicit:12; deadline.date-context:18; structure.concrete-details:8
msg_01781,The Big One,Large chaotic general social chat,Noah,2026-04-21T09:01:00.000Z,,where are we meeting?,maybe,plan,meeting_question,Ambiguous message that may be useful in context,50,50,0,50,plan,79,"{""😂"":1}",event.social-anchor:12; plan.leaving-meeting:20; question.intent:10; question.event-context:8
msg_01782,The Big One,Large chaotic general social chat,Mia,2026-04-21T09:05:00.000Z,msg_01712,anyone going out tonight?,maybe,plan,loose_plan,Ambiguous message that may be useful in context,38,38,8,46,plan,67,"{""❓"":1}",plan.whos-going:20; time.relative:8; question.intent:10
msg_01783,The Big One,Large chaotic general social chat,Luke,2026-04-21T09:08:00.000Z,,meeting moved to room 204,important,announcement,room_change,Generated important Large chaotic general social chat message,42,42,12,54,announcement,60,"{""✅"":1}",event.social-anchor:12; announcement.change:30
msg_01784,The Big One,Large chaotic general social chat,Nate,2026-04-21T09:10:00.000Z,,go go go go,noise,noise,noise,"Noise, joke, hype, or vague reply",0,0,0,0,noise,20,{},noise.repeated:-16; noise.vague-short:-12
msg_01785,The Big One,Large chaotic general social chat,Olivia,2026-04-21T09:12:00.000Z,,can someone bring speakers,important,request,supplies,Generated important Large chaotic general social chat message,73,73,0,73,request,86,{},request.can-someone:24; logistics.supplies:25; question.intent:10; request.bring-supplies:14
msg_01786,The Big One,Large chaotic general social chat,Luke,2026-04-21T09:15:00.000Z,,what time is tailgate again,maybe,question,event_question,Ambiguous message that may be useful in context,30,30,0,30,question,64,{},event.social-anchor:12; question.intent:10; question.event-context:8
msg_01787,The Big One,Large chaotic general social chat,Jake,2026-04-21T09:20:00.000Z,msg_01706,where we at,noise,noise,noise,"Noise, joke, hype, or vague reply",0,0,0,0,noise,20,{},question.intent:10; noise.vague-short:-12
msg_01788,The Big One,Large chaotic general social chat,Luke,2026-04-21T09:22:00.000Z,,can someone tell Tyler to chill,noise,noise,noise,"Noise, joke, hype, or vague reply",10,10,0,10,noise,25,{},question.intent:10
msg_01789,The Big One,Large chaotic general social chat,Noah,2026-04-21T09:26:00.000Z,,bring drinks if you have any,maybe,logistics,soft_supplies,Ambiguous message that may be useful in context,25,25,0,25,logistics,46,{},logistics.supplies:25
msg_01790,The Big One,Large chaotic general social chat,Logan,2026-04-21T09:29:00.000Z,,who has the speaker?,maybe,question,item_question,Ambiguous message that may be useful in context,10,10,0,10,noise,25,{},question.intent:10
msg_01791,The Big One,Large chaotic general social chat,Noah,2026-04-21T09:32:00.000Z,,anyone able to grab snacks?,maybe,request,soft_request,Ambiguous message that may be useful in context,73,73,12,85,request,86,"{""✅"":1,""😂"":1}",request.can-someone:24; logistics.supplies:25; question.intent:10; request.bring-supplies:14
msg_01792,The Big One,Large chaotic general social chat,Zoe,2026-04-21T09:35:00.000Z,,who up,noise,noise,noise,"Noise, joke, hype, or vague reply",0,0,6,6,noise,23,"{""😂"":1,""💀"":3,""🔥"":2}",noise.hype-only:-24; noise.casual-question:-14; noise.vague-short:-12
msg_01793,The Big One,Large chaotic general social chat,Nate,2026-04-21T09:37:00.000Z,,what time are y'all leaving?,maybe,plan,departure_question,Ambiguous message that may be useful in context,30,30,8,38,plan,56,"{""👀"":1}",plan.leaving-meeting:20; question.intent:10
msg_01794,The Big One,Large chaotic general social chat,Grace,2026-04-21T09:39:00.000Z,,can someone bring speakers,important,request,supplies,Generated important Large chaotic general social chat message,73,73,20,93,request,86,"{""✅"":1,""❓"":1}",request.can-someone:24; logistics.supplies:25; question.intent:10; request.bring-supplies:14
msg_01795,The Big One,Large chaotic general social chat,Ethan,2026-04-21T09:43:00.000Z,,can someone bring speakers,important,request,supplies,Generated important Large chaotic general social chat message,73,73,20,93,request,86,"{""✅"":1,""❓"":1}",request.can-someone:24; logistics.supplies:25; question.intent:10; request.bring-supplies:14
msg_01796,The Big One,Large chaotic general social chat,Drew,2026-04-21T09:46:00.000Z,msg_01742,need bro to retire,noise,noise,noise,"Noise, joke, hype, or vague reply",0,0,3,3,noise,22,"{""🔥"":1,""😂"":3,""💀"":1}",
msg_01797,The Big One,Large chaotic general social chat,Logan,2026-04-21T09:50:00.000Z,,can someone bring speakers,important,request,supplies,Generated important Large chaotic general social chat message,73,73,20,93,request,86,"{""✅"":1,""👀"":1}",request.can-someone:24; logistics.supplies:25; question.intent:10; request.bring-supplies:14
msg_01798,The Big One,Large chaotic general social chat,Luke,2026-04-21T09:51:00.000Z,msg_01648,I could drive tomorrow,maybe,logistics,availability,Ambiguous message that may be useful in context,50,50,8,58,logistics,71,"{""❓"":1}",logistics.transport:20; commitment.availability:22; time.relative:8
msg_01799,The Big One,Large chaotic general social chat,Mia,2026-04-21T09:55:00.000Z,,I could drive tomorrow,maybe,logistics,availability,Ambiguous message that may be useful in context,50,50,0,50,logistics,71,{},logistics.transport:20; commitment.availability:22; time.relative:8
msg_01800,The Big One,Large chaotic general social chat,Marcus,2026-04-21T09:58:00.000Z,,need sober drivers tonight,important,logistics,ride_request,Generated important Large chaotic general social chat message,100,100,0,100,logistics,100,{},request.concrete-need:28; logistics.transport:20; logistics.sober-drivers:30; time.relative:8; request.urgent-tonight:12; structure.concrete-details:8
msg_01801,Rush Week Leads,Recruitment logistics chat,Olivia,2026-04-21T10:00:00.000Z,,formal apology incoming,noise,noise,noise,"Noise, joke, hype, or vague reply",12,12,0,12,noise,26,{},event.social-anchor:12
msg_01802,Rush Week Leads,Recruitment logistics chat,Zoe,2026-04-21T10:03:00.000Z,,bro,noise,noise,noise,"Noise, joke, hype, or vague reply",0,0,3,3,noise,22,"{""💀"":3,""😂"":3,""🔥"":1}",noise.one-word:-18; noise.casual-reply:-28; noise.vague-short:-12
msg_01803,Rush Week Leads,Recruitment logistics chat,Ethan,2026-04-21T10:08:00.000Z,,bro said formal like he owns the place,noise,noise,noise,"Noise, joke, hype, or vague reply",12,12,6,18,noise,29,"{""🔥"":2,""💀"":1}",event.social-anchor:12
msg_01804,Rush Week Leads,Recruitment logistics chat,Grace,2026-04-21T10:10:00.000Z,,who all is going Friday?,maybe,plan,attendance_question,Ambiguous message that may be useful in context,37,37,8,45,plan,66,"{""👀"":1,""😂"":1}",plan.whos-going:20; time.weekday:7; question.intent:10
msg_01805,Rush Week Leads,Recruitment logistics chat,Sam,2026-04-21T10:12:00.000Z,,real,noise,noise,noise,"Noise, joke, hype, or vague reply",0,0,0,0,noise,20,{},noise.one-word:-18; noise.casual-reply:-28; noise.vague-short:-12
msg_01806,Rush Week Leads,Recruitment logistics chat,Riley,2026-04-21T10:17:00.000Z,,lineup posted at noon,important,announcement,lineup,Generated important Recruitment logistics chat message,12,12,8,20,noise,30,"{""👀"":1}",time.explicit:12
msg_01807,Rush Week Leads,Recruitment logistics chat,Riley,2026-04-21T10:20:00.000Z,,does anyone have tickets left?,maybe,request,ticket_availability,Ambiguous message that may be useful in context,46,46,8,54,request,69,"{""👀"":1}",deadline.payment:18; request.ticket-availability:18; question.intent:10
msg_01808,Rush Week Leads,Recruitment logistics chat,Sam,2026-04-21T10:23:00.000Z,msg_01805,need bro to retire,noise,noise,noise,"Noise, joke, hype, or vague reply",0,0,0,0,noise,20,"{""😂"":2,""💀"":1}",
msg_01809,Rush Week Leads,Recruitment logistics chat,Logan,2026-04-21T10:26:00.000Z,,forms close tomorrow,important,deadline,forms,Generated important Recruitment logistics chat message,76,76,24,100,deadline,97,"{""📌"":1}",deadline.explicit:32; deadline.payment:18; time.relative:8; deadline.date-context:18
msg_01810,Rush Week Leads,Recruitment logistics chat,Sam,2026-04-21T10:29:00.000Z,,lineup posted at noon,important,announcement,lineup,Generated important Recruitment logistics chat message,12,12,8,20,noise,30,"{""👀"":1}",time.explicit:12
msg_01811,Rush Week Leads,Recruitment logistics chat,Ethan,2026-04-21T10:32:00.000Z,msg_01801,tomorrow gonna be wild,noise,noise,noise,"Noise, joke, hype, or vague reply",8,8,0,8,noise,24,{},time.relative:8
msg_01812,Rush Week Leads,Recruitment logistics chat,Ethan,2026-04-21T10:35:00.000Z,,who up,noise,noise,noise,"Noise, joke, hype, or vague reply",0,0,0,0,noise,20,{},noise.hype-only:-24; noise.casual-question:-14; noise.vague-short:-12
msg_01813,Rush Week Leads,Recruitment logistics chat,Cam,2026-04-21T10:38:00.000Z,,are we still doing the same place?,maybe,question,context_needed,Ambiguous message that may be useful in context,10,10,0,10,noise,25,{},question.intent:10
msg_01814,Rush Week Leads,Recruitment logistics chat,Marcus,2026-04-21T10:40:00.000Z,,need 5 people at check in by 5:30,important,request,volunteer,Generated important Recruitment logistics chat message,38,38,0,38,request,69,{},request.concrete-need:28; request.help-needed:10
msg_01815,Rush Week Leads,Recruitment logistics chat,Noah,2026-04-21T10:42:00.000Z,,I can drive after 10,maybe,logistics,availability,Ambiguous message that may be useful in context,42,42,0,42,logistics,60,{},logistics.transport:20; commitment.availability:22
msg_01816,Rush Week Leads,Recruitment logistics chat,Sam,2026-04-21T10:47:00.000Z,,who let him cook?,noise,noise,noise,"Noise, joke, hype, or vague reply",0,0,0,0,noise,20,{},question.intent:10; noise.vague-short:-12
msg_01817,Rush Week Leads,Recruitment logistics chat,Logan,2026-04-21T10:50:00.000Z,,😭😭😭,noise,noise,noise,"Noise, joke, hype, or vague reply",0,0,0,0,noise,20,{},noise.one-word:-18; noise.emoji-only:-35; noise.vague-short:-12
msg_01818,Rush Week Leads,Recruitment logistics chat,Cam,2026-04-21T10:52:00.000Z,,he fell off,noise,noise,noise,"Noise, joke, hype, or vague reply",0,0,0,0,noise,20,{},noise.hype-only:-24; noise.vague-short:-12
msg_01819,Rush Week Leads,Recruitment logistics chat,Mia,2026-04-21T10:55:00.000Z,,rush hour traffic sucks,noise,noise,noise,"Noise, joke, hype, or vague reply",12,12,0,12,noise,26,{},event.social-anchor:12
msg_01820,Rush Week Leads,Recruitment logistics chat,Quinn,2026-04-21T10:59:00.000Z,,are we still doing the same place?,maybe,question,context_needed,Ambiguous message that may be useful in context,10,10,0,10,noise,25,{},question.intent:10
msg_01821,Rush Week Leads,Recruitment logistics chat,Marcus,2026-04-21T11:01:00.000Z,,forms close tomorrow,important,deadline,forms,Generated important Recruitment logistics chat message,76,76,8,84,deadline,97,"{""👀"":1}",deadline.explicit:32; deadline.payment:18; time.relative:8; deadline.date-context:18
msg_01822,Rush Week Leads,Recruitment logistics chat,Olivia,2026-04-21T11:03:00.000Z,,who up,noise,noise,noise,"Noise, joke, hype, or vague reply",0,0,3,3,noise,22,"{""🔥"":1,""💀"":1}",noise.hype-only:-24; noise.casual-question:-14; noise.vague-short:-12
msg_01823,Rush Week Leads,Recruitment logistics chat,Sam,2026-04-21T11:08:00.000Z,,anyone able to grab snacks?,maybe,request,soft_request,Ambiguous message that may be useful in context,73,73,8,81,request,86,"{""❓"":1}",request.can-someone:24; logistics.supplies:25; question.intent:10; request.bring-supplies:14
msg_01824,Rush Week Leads,Recruitment logistics chat,Harper,2026-04-21T11:11:00.000Z,,he fell off,noise,noise,noise,"Noise, joke, hype, or vague reply",0,0,0,0,noise,20,{},noise.hype-only:-24; noise.vague-short:-12
msg_01825,Rush Week Leads,Recruitment logistics chat,Nate,2026-04-21T11:13:00.000Z,,pregame at the house?,maybe,question,event_question,Ambiguous message that may be useful in context,30,30,8,38,question,64,"{""👀"":1}",event.social-anchor:12; question.intent:10; question.event-context:8
msg_01826,Rush Week Leads,Recruitment logistics chat,Lena,2026-04-21T11:15:00.000Z,,what time are y'all leaving?,maybe,plan,departure_question,Ambiguous message that may be useful in context,30,30,0,30,plan,56,{},plan.leaving-meeting:20; question.intent:10
msg_01827,Rush Week Leads,Recruitment logistics chat,Mia,2026-04-21T11:20:00.000Z,,forms close tomorrow,important,deadline,forms,Generated important Recruitment logistics chat message,76,76,30,100,deadline,97,"{""✅"":1,""👀"":1,""📌"":1}",deadline.explicit:32; deadline.payment:18; time.relative:8; deadline.date-context:18
msg_01828,Rush Week Leads,Recruitment logistics chat,Nate,2026-04-21T11:21:00.000Z,,fire fit,noise,noise,noise,"Noise, joke, hype, or vague reply",0,0,0,0,noise,20,{},noise.vague-short:-12
msg_01829,Rush Week Leads,Recruitment logistics chat,Nate,2026-04-21T11:25:00.000Z,msg_01807,forms close tomorrow,important,deadline,forms,Generated important Recruitment logistics chat message,76,76,24,100,deadline,97,"{""📌"":1}",deadline.explicit:32; deadline.payment:18; time.relative:8; deadline.date-context:18
msg_01830,Rush Week Leads,Recruitment logistics chat,Mia,2026-04-21T11:28:00.000Z,,what time are y'all leaving?,maybe,plan,departure_question,Ambiguous message that may be useful in context,30,30,0,30,plan,56,{},plan.leaving-meeting:20; question.intent:10
msg_01831,Rush Week Leads,Recruitment logistics chat,Mia,2026-04-21T11:30:00.000Z,,fire,noise,noise,noise,"Noise, joke, hype, or vague reply",0,0,0,0,noise,20,{},noise.one-word:-18; noise.casual-reply:-28; noise.vague-short:-12
msg_01832,Rush Week Leads,Recruitment logistics chat,Olivia,2026-04-21T11:33:00.000Z,,what time are y'all leaving?,maybe,plan,departure_question,Ambiguous message that may be useful in context,30,30,0,30,plan,56,{},plan.leaving-meeting:20; question.intent:10
msg_01833,Rush Week Leads,Recruitment logistics chat,Marcus,2026-04-21T11:38:00.000Z,,wear navy for house tours tonight,important,event,dress_time,Generated important Recruitment logistics chat message,8,8,8,16,noise,28,"{""👀"":1}",time.relative:8
msg_01834,Rush Week Leads,Recruitment logistics chat,Riley,2026-04-21T11:39:00.000Z,msg_01824,Friday was insane,noise,noise,noise,"Noise, joke, hype, or vague reply",7,7,0,7,noise,24,{},time.weekday:7
msg_01835,Rush Week Leads,Recruitment logistics chat,Sam,2026-04-21T11:44:00.000Z,,I can drive after 10,maybe,logistics,availability,Ambiguous message that may be useful in context,42,42,0,42,logistics,60,{},logistics.transport:20; commitment.availability:22
msg_01836,Rush Week Leads,Recruitment logistics chat,Cam,2026-04-21T11:47:00.000Z,,forms close tmr,important,deadline,forms,Generated important Recruitment logistics chat message,38,38,18,56,deadline,59,"{""📌"":1}",deadline.explicit:32; deadline.payment:18; noise.vague-short:-12
msg_01837,Rush Week Leads,Recruitment logistics chat,Olivia,2026-04-21T11:50:00.000Z,,I can bring cups,maybe,logistics,supply_commitment,Ambiguous message that may be useful in context,35,35,8,43,logistics,58,"{""👀"":1}",logistics.supplies:25; commitment.availability:22; noise.vague-short:-12
msg_01838,Rush Week Leads,Recruitment logistics chat,Marcus,2026-04-21T11:52:00.000Z,,need 5 people at check in by 5:30,important,request,volunteer,Generated important Recruitment logistics chat message,38,38,16,54,request,69,"{""👀"":1,""❓"":1}",request.concrete-need:28; request.help-needed:10
msg_01839,Rush Week Leads,Recruitment logistics chat,Marcus,2026-04-21T11:56:00.000Z,,rush event moved to Friday at 6,important,announcement,date_change,Generated important Recruitment logistics chat message,100,100,0,100,announcement,100,{},event.social-anchor:12; event.meeting-time:24; announcement.change:30; time.weekday:7; time.explicit:12; event.concrete-time:16; announcement.date-context:14; structure.concrete-details:8
msg_01840,Rush Week Leads,Recruitment logistics chat,Jake,2026-04-21T11:59:00.000Z,,tomorrow gonna be wild,noise,noise,noise,"Noise, joke, hype, or vague reply",8,8,0,8,noise,24,{},time.relative:8
msg_01841,Rush Week Leads,Recruitment logistics chat,Noah,2026-04-21T12:02:00.000Z,,rush hour traffic sucks,noise,noise,noise,"Noise, joke, hype, or vague reply",12,12,0,12,noise,26,{},event.social-anchor:12
msg_01842,Rush Week Leads,Recruitment logistics chat,Noah,2026-04-21T12:03:00.000Z,,who all is going Friday?,maybe,plan,attendance_question,Ambiguous message that may be useful in context,37,37,8,45,plan,66,"{""❓"":1}",plan.whos-going:20; time.weekday:7; question.intent:10
msg_01843,Rush Week Leads,Recruitment logistics chat,Sam,2026-04-21T12:08:00.000Z,,skull,noise,noise,noise,"Noise, joke, hype, or vague reply",0,0,3,3,noise,22,"{""🔥"":1}",noise.one-word:-18; noise.casual-reply:-28; noise.vague-short:-12
msg_01844,Rush Week Leads,Recruitment logistics chat,Riley,2026-04-21T12:09:00.000Z,,fire,noise,noise,noise,"Noise, joke, hype, or vague reply",0,0,0,0,noise,20,{},noise.one-word:-18; noise.casual-reply:-28; noise.vague-short:-12
msg_01845,Rush Week Leads,Recruitment logistics chat,Riley,2026-04-21T12:14:00.000Z,,forms close tomorrow,important,deadline,forms,Generated important Recruitment logistics chat message,76,76,8,84,deadline,97,"{""👀"":1}",deadline.explicit:32; deadline.payment:18; time.relative:8; deadline.date-context:18
msg_01846,Rush Week Leads,Recruitment logistics chat,Noah,2026-04-21T12:17:00.000Z,,lmao,noise,noise,noise,"Noise, joke, hype, or vague reply",0,0,0,0,noise,20,{},noise.one-word:-18; noise.laughter:-35; noise.vague-short:-12
msg_01847,Rush Week Leads,Recruitment logistics chat,Jake,2026-04-21T12:18:00.000Z,,lineup posted at noon,important,announcement,lineup,Generated important Recruitment logistics chat message,12,12,8,20,noise,30,"{""👀"":1}",time.explicit:12
msg_01848,Rush Week Leads,Recruitment logistics chat,Logan,2026-04-21T12:21:00.000Z,,lineup posted at noon,important,announcement,lineup,Generated important Recruitment logistics chat message,12,12,8,20,noise,30,"{""👀"":1}",time.explicit:12
msg_01849,Rush Week Leads,Recruitment logistics chat,Marcus,2026-04-21T12:25:00.000Z,,absolute cinema,noise,noise,noise,"Noise, joke, hype, or vague reply",0,0,8,8,noise,24,"{""🔥"":3}",noise.hype-only:-24; noise.vague-short:-12
msg_01850,Rush Week Leads,Recruitment logistics chat,Logan,2026-04-21T12:27:00.000Z,,need 5 people at check in by 5:30,important,request,volunteer,Generated important Recruitment logistics chat message,38,38,0,38,request,69,{},request.concrete-need:28; request.help-needed:10
msg_01851,Rush Week Leads,Recruitment logistics chat,Zoe,2026-04-21T12:30:00.000Z,,who up,noise,noise,noise,"Noise, joke, hype, or vague reply",0,0,3,3,noise,22,"{""🔥"":1}",noise.hype-only:-24; noise.casual-question:-14; noise.vague-short:-12
msg_01852,Rush Week Leads,Recruitment logistics chat,Quinn,2026-04-21T12:35:00.000Z,,need bro to retire,noise,noise,noise,"Noise, joke, hype, or vague reply",0,0,0,0,noise,20,{},
msg_01853,Rush Week Leads,Recruitment logistics chat,Nate,2026-04-21T12:38:00.000Z,,I could drive tomorrow,maybe,logistics,availability,Ambiguous message that may be useful in context,50,50,0,50,logistics,71,"{""😂"":1}",logistics.transport:20; commitment.availability:22; time.relative:8
msg_01854,Rush Week Leads,Recruitment logistics chat,Olivia,2026-04-21T12:39:00.000Z,msg_01809,rush event moved to Friday at 6,important,announcement,date_change,Generated important Recruitment logistics chat message,100,100,12,100,announcement,100,"{""✅"":1}",event.social-anchor:12; event.meeting-time:24; announcement.change:30; time.weekday:7; time.explicit:12; event.concrete-time:16; announcement.date-context:14; structure.concrete-details:8
msg_01855,Rush Week Leads,Recruitment logistics chat,Quinn,2026-04-21T12:42:00.000Z,,can someone tell Tyler to chill,noise,noise,noise,"Noise, joke, hype, or vague reply",10,10,0,10,noise,25,{},question.intent:10
msg_01856,Rush Week Leads,Recruitment logistics chat,Quinn,2026-04-21T12:45:00.000Z,,fire,noise,noise,noise,"Noise, joke, hype, or vague reply",0,0,0,0,noise,20,"{""💀"":1,""😂"":1}",noise.one-word:-18; noise.casual-reply:-28; noise.vague-short:-12
msg_01857,Rush Week Leads,Recruitment logistics chat,Ethan,2026-04-21T12:48:00.000Z,,forms close tomorrow,important,deadline,forms,Generated important Recruitment logistics chat message,76,76,20,96,deadline,97,"{""✅"":1,""👀"":1}",deadline.explicit:32; deadline.payment:18; time.relative:8; deadline.date-context:18
msg_01858,Rush Week Leads,Recruitment logistics chat,Marcus,2026-04-21T12:51:00.000Z,,what time are y'all leaving?,maybe,plan,departure_question,Ambiguous message that may be useful in context,30,30,0,30,plan,56,{},plan.leaving-meeting:20; question.intent:10
msg_01859,Rush Week Leads,Recruitment logistics chat,Quinn,2026-04-21T12:55:00.000Z,msg_01835,pregame at the house?,maybe,question,event_question,Ambiguous message that may be useful in context,30,30,8,38,question,64,"{""👀"":1}",event.social-anchor:12; question.intent:10; question.event-context:8
msg_01860,Rush Week Leads,Recruitment logistics chat,Noah,2026-04-21T12:57:00.000Z,,that was crazy,noise,noise,noise,"Noise, joke, hype, or vague reply",0,0,8,8,noise,24,"{""💀"":2,""😂"":3,""🔥"":3}",noise.hype-only:-24; noise.vague-short:-12
msg_01861,Rush Week Leads,Recruitment logistics chat,Marcus,2026-04-21T13:01:00.000Z,,bro said formal like he owns the place,noise,noise,noise,"Noise, joke, hype, or vague reply",12,12,0,12,noise,26,{},event.social-anchor:12
msg_01862,Rush Week Leads,Recruitment logistics chat,Nate,2026-04-21T13:04:00.000Z,,anyone able to grab snacks?,maybe,request,soft_request,Ambiguous message that may be useful in context,73,73,0,73,request,86,{},request.can-someone:24; logistics.supplies:25; question.intent:10; request.bring-supplies:14
msg_01863,Rush Week Leads,Recruitment logistics chat,Noah,2026-04-21T13:08:00.000Z,,😭😭😭,noise,noise,noise,"Noise, joke, hype, or vague reply",0,0,0,0,noise,20,{},noise.one-word:-18; noise.emoji-only:-35; noise.vague-short:-12
msg_01864,Rush Week Leads,Recruitment logistics chat,Cam,2026-04-21T13:10:00.000Z,msg_01856,forms close tmr,important,deadline,forms,Generated important Recruitment logistics chat message,38,38,18,56,deadline,59,"{""✅"":1,""👀"":1}",deadline.explicit:32; deadline.payment:18; noise.vague-short:-12
msg_01865,Rush Week Leads,Recruitment logistics chat,Mia,2026-04-21T13:14:00.000Z,,might go downtown later,maybe,noise,vague_plan,Ambiguous message that may be useful in context,12,12,0,12,noise,26,{},event.social-anchor:12
msg_01866,Rush Week Leads,Recruitment logistics chat,Harper,2026-04-21T13:15:00.000Z,msg_01840,who all is going Friday?,maybe,plan,attendance_question,Ambiguous message that may be useful in context,37,37,8,45,plan,66,"{""❓"":1}",plan.whos-going:20; time.weekday:7; question.intent:10
msg_01867,Rush Week Leads,Recruitment logistics chat,Luke,2026-04-21T13:20:00.000Z,msg_01856,yo,noise,noise,noise,"Noise, joke, hype, or vague reply",0,0,8,8,noise,24,"{""🔥"":5,""😂"":1,""💀"":1}",noise.one-word:-18; noise.casual-reply:-28; noise.vague-short:-12
msg_01868,Rush Week Leads,Recruitment logistics chat,Harper,2026-04-21T13:21:00.000Z,,absolute cinema,noise,noise,noise,"Noise, joke, hype, or vague reply",0,0,0,0,noise,20,{},noise.hype-only:-24; noise.vague-short:-12
msg_01869,Rush Week Leads,Recruitment logistics chat,Zoe,2026-04-21T13:24:00.000Z,,9 is crazy,noise,noise,noise,"Noise, joke, hype, or vague reply",0,0,0,0,noise,20,{},noise.vague-short:-12
msg_01870,Rush Week Leads,Recruitment logistics chat,Riley,2026-04-21T13:28:00.000Z,,can someone tell Tyler to chill,noise,noise,noise,"Noise, joke, hype, or vague reply",10,10,8,18,noise,29,"{""🔥"":3,""😂"":3,""💀"":1}",question.intent:10
msg_01871,Rush Week Leads,Recruitment logistics chat,Zoe,2026-04-21T13:32:00.000Z,,who up,noise,noise,noise,"Noise, joke, hype, or vague reply",0,0,0,0,noise,20,{},noise.hype-only:-24; noise.casual-question:-14; noise.vague-short:-12
msg_01872,Rush Week Leads,Recruitment logistics chat,Olivia,2026-04-21T13:33:00.000Z,,I can bring cups,maybe,logistics,supply_commitment,Ambiguous message that may be useful in context,35,35,18,53,logistics,58,"{""👀"":1,""✅"":1,""😂"":1}",logistics.supplies:25; commitment.availability:22; noise.vague-short:-12
msg_01873,Rush Week Leads,Recruitment logistics chat,Olivia,2026-04-21T13:38:00.000Z,msg_01869,are we still doing the same place?,maybe,question,context_needed,Ambiguous message that may be useful in context,10,10,8,18,noise,29,"{""👀"":1}",question.intent:10
msg_01874,Rush Week Leads,Recruitment logistics chat,Mia,2026-04-21T13:39:00.000Z,,rush event moved to Friday at 6,important,announcement,date_change,Generated important Recruitment logistics chat message,100,100,20,100,announcement,100,"{""✅"":1,""👀"":1}",event.social-anchor:12; event.meeting-time:24; announcement.change:30; time.weekday:7; time.explicit:12; event.concrete-time:16; announcement.date-context:14; structure.concrete-details:8
msg_01875,Rush Week Leads,Recruitment logistics chat,Noah,2026-04-21T13:44:00.000Z,,anyone going out tonight?,maybe,plan,loose_plan,Ambiguous message that may be useful in context,38,38,12,50,plan,67,"{""✅"":1,""😂"":1}",plan.whos-going:20; time.relative:8; question.intent:10
msg_01876,Rush Week Leads,Recruitment logistics chat,Quinn,2026-04-21T13:47:00.000Z,,who has the speaker?,maybe,question,item_question,Ambiguous message that may be useful in context,10,10,8,18,noise,29,"{""❓"":1}",question.intent:10
msg_01877,Rush Week Leads,Recruitment logistics chat,Marcus,2026-04-21T13:49:00.000Z,,need 5 people at check in by 5:30,important,request,volunteer,Generated important Recruitment logistics chat message,38,38,8,46,request,69,"{""👀"":1}",request.concrete-need:28; request.help-needed:10
msg_01878,Rush Week Leads,Recruitment logistics chat,Lena,2026-04-21T13:52:00.000Z,,who has the speaker?,maybe,question,item_question,Ambiguous message that may be useful in context,10,10,0,10,noise,25,"{""😂"":1}",question.intent:10
msg_01879,Rush Week Leads,Recruitment logistics chat,Grace,2026-04-21T13:54:00.000Z,msg_01829,rush event moved to Friday at 6,important,announcement,date_change,Generated important Recruitment logistics chat message,100,100,12,100,announcement,100,"{""✅"":1}",event.social-anchor:12; event.meeting-time:24; announcement.change:30; time.weekday:7; time.explicit:12; event.concrete-time:16; announcement.date-context:14; structure.concrete-details:8
msg_01880,Rush Week Leads,Recruitment logistics chat,Marcus,2026-04-21T13:59:00.000Z,,I can bring cups,maybe,logistics,supply_commitment,Ambiguous message that may be useful in context,35,35,8,43,logistics,58,"{""❓"":1}",logistics.supplies:25; commitment.availability:22; noise.vague-short:-12
msg_01881,Rush Week Leads,Recruitment logistics chat,Ethan,2026-04-21T14:00:00.000Z,,I can drive after 10,maybe,logistics,availability,Ambiguous message that may be useful in context,42,42,12,54,logistics,60,"{""✅"":1,""😂"":1}",logistics.transport:20; commitment.availability:22
msg_01882,Rush Week Leads,Recruitment logistics chat,Grace,2026-04-21T14:04:00.000Z,,you had to be there,noise,noise,noise,"Noise, joke, hype, or vague reply",0,0,8,8,noise,24,"{""🔥"":5,""💀"":2}",noise.hype-only:-24
msg_01883,Rush Week Leads,Recruitment logistics chat,Harper,2026-04-21T14:07:00.000Z,,skull,noise,noise,noise,"Noise, joke, hype, or vague reply",0,0,0,0,noise,20,{},noise.one-word:-18; noise.casual-reply:-28; noise.vague-short:-12
msg_01884,Rush Week Leads,Recruitment logistics chat,Zoe,2026-04-21T14:11:00.000Z,,forms close tomorrow,important,deadline,forms,Generated important Recruitment logistics chat message,76,76,8,84,deadline,97,"{""👀"":1}",deadline.explicit:32; deadline.payment:18; time.relative:8; deadline.date-context:18
msg_01885,Rush Week Leads,Recruitment logistics chat,Luke,2026-04-21T14:14:00.000Z,,formal apology incoming,noise,noise,noise,"Noise, joke, hype, or vague reply",12,12,0,12,noise,26,"{""💀"":1}",event.social-anchor:12
msg_01886,Rush Week Leads,Recruitment logistics chat,Nate,2026-04-21T14:15:00.000Z,,anyone able to grab snacks?,maybe,request,soft_request,Ambiguous message that may be useful in context,73,73,12,85,request,86,"{""✅"":1}",request.can-someone:24; logistics.supplies:25; question.intent:10; request.bring-supplies:14
msg_01887,Rush Week Leads,Recruitment logistics chat,Noah,2026-04-21T14:20:00.000Z,,what time is tailgate again,maybe,question,event_question,Ambiguous message that may be useful in context,30,30,16,46,question,64,"{""❓"":1,""👀"":1}",event.social-anchor:12; question.intent:10; question.event-context:8
msg_01888,Rush Week Leads,Recruitment logistics chat,Grace,2026-04-21T14:22:00.000Z,,lineup posted at noon,important,announcement,lineup,Generated important Recruitment logistics chat message,12,12,8,20,noise,30,"{""✅"":1,""👀"":1}",time.explicit:12
msg_01889,Rush Week Leads,Recruitment logistics chat,Cam,2026-04-21T14:26:00.000Z,,rush hour traffic sucks,noise,noise,noise,"Noise, joke, hype, or vague reply",12,12,0,12,noise,26,{},event.social-anchor:12
msg_01890,Rush Week Leads,Recruitment logistics chat,Marcus,2026-04-21T14:28:00.000Z,,I could drive tomorrow,maybe,logistics,availability,Ambiguous message that may be useful in context,50,50,16,66,logistics,71,"{""❓"":1,""👀"":1}",logistics.transport:20; commitment.availability:22; time.relative:8
msg_01891,Rush Week Leads,Recruitment logistics chat,Logan,2026-04-21T14:30:00.000Z,,need 5 people at check in by 5:30,important,request,volunteer,Generated important Recruitment logistics chat message,38,38,8,46,request,69,"{""👀"":1}",request.concrete-need:28; request.help-needed:10
msg_01892,Rush Week Leads,Recruitment logistics chat,Noah,2026-04-21T14:34:00.000Z,,I can bring cups,maybe,logistics,supply_commitment,Ambiguous message that may be useful in context,35,35,0,35,logistics,58,{},logistics.supplies:25; commitment.availability:22; noise.vague-short:-12
msg_01893,Rush Week Leads,Recruitment logistics chat,Noah,2026-04-21T14:38:00.000Z,msg_01854,pregame at the house?,maybe,question,event_question,Ambiguous message that may be useful in context,30,30,16,46,question,64,"{""❓"":1,""👀"":1}",event.social-anchor:12; question.intent:10; question.event-context:8
msg_01894,Rush Week Leads,Recruitment logistics chat,Jake,2026-04-21T14:41:00.000Z,msg_01849,lineup posted at noon,important,announcement,lineup,Generated important Recruitment logistics chat message,12,12,8,20,noise,30,"{""✅"":1}",time.explicit:12
msg_01895,Rush Week Leads,Recruitment logistics chat,Cam,2026-04-21T14:43:00.000Z,msg_01853,formal apology incoming,noise,noise,noise,"Noise, joke, hype, or vague reply",12,12,3,15,noise,28,"{""😂"":1,""🔥"":1}",event.social-anchor:12
msg_01896,Rush Week Leads,Recruitment logistics chat,Marcus,2026-04-21T14:45:00.000Z,msg_01871,forms close tomorrow,important,deadline,forms,Generated important Recruitment logistics chat message,76,76,20,96,deadline,97,"{""✅"":1,""👀"":1}",deadline.explicit:32; deadline.payment:18; time.relative:8; deadline.date-context:18
msg_01897,Rush Week Leads,Recruitment logistics chat,Lena,2026-04-21T14:48:00.000Z,,what time is tailgate again,maybe,question,event_question,Ambiguous message that may be useful in context,30,30,8,38,question,64,"{""❓"":1}",event.social-anchor:12; question.intent:10; question.event-context:8
msg_01898,Rush Week Leads,Recruitment logistics chat,Jake,2026-04-21T14:53:00.000Z,msg_01802,no shot,noise,noise,noise,"Noise, joke, hype, or vague reply",0,0,0,0,noise,20,{},noise.hype-only:-24; noise.vague-short:-12
msg_01899,Rush Week Leads,Recruitment logistics chat,Marcus,2026-04-21T14:56:00.000Z,msg_01856,W,noise,noise,noise,"Noise, joke, hype, or vague reply",0,0,0,0,noise,20,{},noise.one-word:-18; noise.casual-reply:-28; noise.vague-short:-12
msg_01900,Rush Week Leads,Recruitment logistics chat,Ethan,2026-04-21T14:58:00.000Z,,lineup posted at noon,important,announcement,lineup,Generated important Recruitment logistics chat message,12,12,8,20,noise,30,"{""👀"":1}",time.explicit:12
msg_01901,Rush Week Leads,Recruitment logistics chat,Nate,2026-04-21T15:00:00.000Z,,forms close tomorrow,important,deadline,forms,Generated important Recruitment logistics chat message,76,76,0,76,deadline,97,{},deadline.explicit:32; deadline.payment:18; time.relative:8; deadline.date-context:18
msg_01902,Rush Week Leads,Recruitment logistics chat,Logan,2026-04-21T15:03:00.000Z,,lol,noise,noise,noise,"Noise, joke, hype, or vague reply",0,0,0,0,noise,20,{},noise.one-word:-18; noise.laughter:-35; noise.vague-short:-12
msg_01903,Rush Week Leads,Recruitment logistics chat,Marcus,2026-04-21T15:07:00.000Z,msg_01868,can someone tell Tyler to chill,noise,noise,noise,"Noise, joke, hype, or vague reply",10,10,0,10,noise,25,{},question.intent:10
msg_01904,Rush Week Leads,Recruitment logistics chat,Luke,2026-04-21T15:09:00.000Z,,that was crazy,noise,noise,noise,"Noise, joke, hype, or vague reply",0,0,0,0,noise,20,{},noise.hype-only:-24; noise.vague-short:-12
msg_01905,Rush Week Leads,Recruitment logistics chat,Sam,2026-04-21T15:14:00.000Z,,bring drinks if you have any,maybe,logistics,soft_supplies,Ambiguous message that may be useful in context,25,25,8,33,logistics,46,"{""❓"":1}",logistics.supplies:25
msg_01906,Rush Week Leads,Recruitment logistics chat,Olivia,2026-04-21T15:15:00.000Z,,lineup posted at noon,important,announcement,lineup,Generated important Recruitment logistics chat message,12,12,8,20,noise,30,"{""👀"":1}",time.explicit:12
msg_01907,Rush Week Leads,Recruitment logistics chat,Sam,2026-04-21T15:19:00.000Z,,Friday was insane,noise,noise,noise,"Noise, joke, hype, or vague reply",7,7,0,7,noise,24,{},time.weekday:7
msg_01908,Rush Week Leads,Recruitment logistics chat,Sam,2026-04-21T15:21:00.000Z,msg_01879,bring drinks if you have any,maybe,logistics,soft_supplies,Ambiguous message that may be useful in context,25,25,8,33,logistics,46,"{""👀"":1}",logistics.supplies:25
msg_01909,Rush Week Leads,Recruitment logistics chat,Luke,2026-04-21T15:26:00.000Z,,are we still doing the same place?,maybe,question,context_needed,Ambiguous message that may be useful in context,10,10,8,18,noise,29,"{""👀"":1}",question.intent:10
msg_01910,Rush Week Leads,Recruitment logistics chat,Lena,2026-04-21T15:28:00.000Z,msg_01880,who let him cook?,noise,noise,noise,"Noise, joke, hype, or vague reply",0,0,0,0,noise,20,{},question.intent:10; noise.vague-short:-12
msg_01911,Rush Week Leads,Recruitment logistics chat,Marcus,2026-04-21T15:32:00.000Z,,rush event moved to Friday at 6,important,announcement,date_change,Generated important Recruitment logistics chat message,100,100,8,100,announcement,100,"{""👀"":1}",event.social-anchor:12; event.meeting-time:24; announcement.change:30; time.weekday:7; time.explicit:12; event.concrete-time:16; announcement.date-context:14; structure.concrete-details:8
msg_01912,Rush Week Leads,Recruitment logistics chat,Sam,2026-04-21T15:34:00.000Z,,bring drinks if you have any,maybe,logistics,soft_supplies,Ambiguous message that may be useful in context,25,25,0,25,logistics,46,{},logistics.supplies:25
msg_01913,Rush Week Leads,Recruitment logistics chat,Ethan,2026-04-21T15:36:00.000Z,,fire fit,noise,noise,noise,"Noise, joke, hype, or vague reply",0,0,0,0,noise,20,{},noise.vague-short:-12
msg_01914,Rush Week Leads,Recruitment logistics chat,Jake,2026-04-21T15:39:00.000Z,,forms close tomorrow,important,deadline,forms,Generated important Recruitment logistics chat message,76,76,12,88,deadline,97,"{""✅"":1}",deadline.explicit:32; deadline.payment:18; time.relative:8; deadline.date-context:18
msg_01915,Rush Week Leads,Recruitment logistics chat,Riley,2026-04-21T15:42:00.000Z,msg_01873,anyone going out tonight?,maybe,plan,loose_plan,Ambiguous message that may be useful in context,38,38,0,38,plan,67,{},plan.whos-going:20; time.relative:8; question.intent:10
msg_01916,Rush Week Leads,Recruitment logistics chat,Cam,2026-04-21T15:45:00.000Z,,meeting my downfall rn,noise,noise,noise,"Noise, joke, hype, or vague reply",12,12,0,12,noise,26,{},event.social-anchor:12
msg_01917,Rush Week Leads,Recruitment logistics chat,Ethan,2026-04-21T15:49:00.000Z,,need 5 people at check in by 5:30,important,request,volunteer,Generated important Recruitment logistics chat message,38,38,18,56,request,69,"{""📌"":1}",request.concrete-need:28; request.help-needed:10
msg_01918,Rush Week Leads,Recruitment logistics chat,Logan,2026-04-21T15:51:00.000Z,,who all is going Friday?,maybe,plan,attendance_question,Ambiguous message that may be useful in context,37,37,18,55,plan,66,"{""👀"":1,""✅"":1}",plan.whos-going:20; time.weekday:7; question.intent:10
msg_01919,Rush Week Leads,Recruitment logistics chat,Nate,2026-04-21T15:56:00.000Z,,why is bro like this?,noise,noise,noise,"Noise, joke, hype, or vague reply",10,10,0,10,noise,25,"{""😂"":1,""💀"":1}",question.intent:10
msg_01920,Rush Week Leads,Recruitment logistics chat,Nate,2026-04-21T15:59:00.000Z,,tomorrow gonna be wild,noise,noise,noise,"Noise, joke, hype, or vague reply",8,8,0,8,noise,24,{},time.relative:8
msg_01921,Rush Week Leads,Recruitment logistics chat,Sam,2026-04-21T16:01:00.000Z,,wear navy for house tours tn,important,event,dress_time,Generated important Recruitment logistics chat message,0,0,8,8,noise,24,"{""👀"":1}",
msg_01922,Rush Week Leads,Recruitment logistics chat,Grace,2026-04-21T16:05:00.000Z,msg_01872,bro said formal like he owns the place,noise,noise,noise,"Noise, joke, hype, or vague reply",12,12,0,12,noise,26,{},event.social-anchor:12
msg_01923,Rush Week Leads,Recruitment logistics chat,Sam,2026-04-21T16:06:00.000Z,,nah,noise,noise,noise,"Noise, joke, hype, or vague reply",0,0,0,0,noise,20,"{""😂"":1}",noise.one-word:-18; noise.casual-reply:-28; noise.vague-short:-12
msg_01924,Rush Week Leads,Recruitment logistics chat,Zoe,2026-04-21T16:11:00.000Z,,who has the speaker?,maybe,question,item_question,Ambiguous message that may be useful in context,10,10,8,18,noise,29,"{""❓"":1}",question.intent:10
msg_01925,Rush Week Leads,Recruitment logistics chat,Marcus,2026-04-21T16:12:00.000Z,,lineup posted at noon,important,announcement,lineup,Generated important Recruitment logistics chat message,12,12,8,20,noise,30,"{""📌"":1}",time.explicit:12
msg_01926,Rush Week Leads,Recruitment logistics chat,Grace,2026-04-21T16:15:00.000Z,,rush event moved to Friday at 6,important,announcement,date_change,Generated important Recruitment logistics chat message,100,100,30,100,announcement,100,"{""👀"":1,""📌"":1}",event.social-anchor:12; event.meeting-time:24; announcement.change:30; time.weekday:7; time.explicit:12; event.concrete-time:16; announcement.date-context:14; structure.concrete-details:8
msg_01927,Rush Week Leads,Recruitment logistics chat,Cam,2026-04-21T16:18:00.000Z,,you had to be there,noise,noise,noise,"Noise, joke, hype, or vague reply",0,0,0,0,noise,20,{},noise.hype-only:-24
msg_01928,Rush Week Leads,Recruitment logistics chat,Sam,2026-04-21T16:23:00.000Z,,lineup posted at noon,important,announcement,lineup,Generated important Recruitment logistics chat message,12,12,0,12,noise,26,{},time.explicit:12
msg_01929,Rush Week Leads,Recruitment logistics chat,Grace,2026-04-21T16:24:00.000Z,,might go downtown later,maybe,noise,vague_plan,Ambiguous message that may be useful in context,12,12,0,12,noise,26,"{""😂"":1}",event.social-anchor:12
msg_01930,Rush Week Leads,Recruitment logistics chat,Harper,2026-04-21T16:27:00.000Z,,I could drive tomorrow,maybe,logistics,availability,Ambiguous message that may be useful in context,50,50,0,50,logistics,71,{},logistics.transport:20; commitment.availability:22; time.relative:8
msg_01931,Rush Week Leads,Recruitment logistics chat,Zoe,2026-04-21T16:30:00.000Z,,party animal,noise,noise,noise,"Noise, joke, hype, or vague reply",0,0,0,0,noise,20,{},event.social-anchor:12; noise.vague-short:-12
msg_01932,Rush Week Leads,Recruitment logistics chat,Nate,2026-04-21T16:33:00.000Z,,need 5 people at check in by 5:30,important,request,volunteer,Generated important Recruitment logistics chat message,38,38,12,50,request,69,"{""✅"":1}",request.concrete-need:28; request.help-needed:10
msg_01933,Rush Week Leads,Recruitment logistics chat,Olivia,2026-04-21T16:37:00.000Z,,I can bring cups,maybe,logistics,supply_commitment,Ambiguous message that may be useful in context,35,35,0,35,logistics,58,{},logistics.supplies:25; commitment.availability:22; noise.vague-short:-12
msg_01934,Rush Week Leads,Recruitment logistics chat,Marcus,2026-04-21T16:40:00.000Z,,he fell off,noise,noise,noise,"Noise, joke, hype, or vague reply",0,0,0,0,noise,20,{},noise.hype-only:-24; noise.vague-short:-12
msg_01935,Rush Week Leads,Recruitment logistics chat,Ethan,2026-04-21T16:43:00.000Z,,anyone going out tonight?,maybe,plan,loose_plan,Ambiguous message that may be useful in context,38,38,8,46,plan,67,"{""👀"":1,""😂"":1}",plan.whos-going:20; time.relative:8; question.intent:10
msg_01936,Rush Week Leads,Recruitment logistics chat,Noah,2026-04-21T16:46:00.000Z,,where are we meeting?,maybe,plan,meeting_question,Ambiguous message that may be useful in context,50,50,8,58,plan,79,"{""👀"":1}",event.social-anchor:12; plan.leaving-meeting:20; question.intent:10; question.event-context:8
msg_01937,Rush Week Leads,Recruitment logistics chat,Quinn,2026-04-21T16:49:00.000Z,,I could drive tomorrow,maybe,logistics,availability,Ambiguous message that may be useful in context,50,50,0,50,logistics,71,{},logistics.transport:20; commitment.availability:22; time.relative:8
msg_01938,Rush Week Leads,Recruitment logistics chat,Sam,2026-04-21T16:52:00.000Z,,wear navy for house tours tn,important,event,dress_time,Generated important Recruitment logistics chat message,0,0,8,8,noise,24,"{""✅"":1}",
msg_01939,Rush Week Leads,Recruitment logistics chat,Jake,2026-04-21T16:55:00.000Z,,need 5 people at check in by 5:30,important,request,volunteer,Generated important Recruitment logistics chat message,38,38,18,56,request,69,"{""✅"":1,""📌"":1}",request.concrete-need:28; request.help-needed:10
msg_01940,Rush Week Leads,Recruitment logistics chat,Lena,2026-04-21T16:59:00.000Z,,might go downtown later,maybe,noise,vague_plan,Ambiguous message that may be useful in context,12,12,8,20,noise,30,"{""👀"":1}",event.social-anchor:12
msg_01941,Rush Week Leads,Recruitment logistics chat,Mia,2026-04-21T17:01:00.000Z,,where we at,noise,noise,noise,"Noise, joke, hype, or vague reply",0,0,6,6,noise,23,"{""🔥"":2,""😂"":2,""💀"":1}",question.intent:10; noise.vague-short:-12
msg_01942,Rush Week Leads,Recruitment logistics chat,Ethan,2026-04-21T17:03:00.000Z,,nah,noise,noise,noise,"Noise, joke, hype, or vague reply",0,0,6,6,noise,23,"{""😂"":1,""🔥"":2}",noise.one-word:-18; noise.casual-reply:-28; noise.vague-short:-12
msg_01943,Rush Week Leads,Recruitment logistics chat,Riley,2026-04-21T17:08:00.000Z,,bro,noise,noise,noise,"Noise, joke, hype, or vague reply",0,0,0,0,noise,20,{},noise.one-word:-18; noise.casual-reply:-28; noise.vague-short:-12
msg_01944,Rush Week Leads,Recruitment logistics chat,Quinn,2026-04-21T17:09:00.000Z,,bring drinks if you have any,maybe,logistics,soft_supplies,Ambiguous message that may be useful in context,25,25,8,33,logistics,46,"{""👀"":1}",logistics.supplies:25
msg_01945,Rush Week Leads,Recruitment logistics chat,Ethan,2026-04-21T17:14:00.000Z,,wear navy for house tours tn,important,event,dress_time,Generated important Recruitment logistics chat message,0,0,8,8,noise,24,"{""✅"":1,""📌"":1}",
msg_01946,Rush Week Leads,Recruitment logistics chat,Noah,2026-04-21T17:15:00.000Z,,wear navy for house tours tonight,important,event,dress_time,Generated important Recruitment logistics chat message,8,8,8,16,noise,28,"{""👀"":1}",time.relative:8
msg_01947,Rush Week Leads,Recruitment logistics chat,Sam,2026-04-21T17:19:00.000Z,,rush event moved to Friday at 6,important,announcement,date_change,Generated important Recruitment logistics chat message,100,100,20,100,announcement,100,"{""✅"":1,""👀"":1}",event.social-anchor:12; event.meeting-time:24; announcement.change:30; time.weekday:7; time.explicit:12; event.concrete-time:16; announcement.date-context:14; structure.concrete-details:8
msg_01948,Rush Week Leads,Recruitment logistics chat,Sam,2026-04-21T17:23:00.000Z,,rush event moved to Friday at 6,important,announcement,date_change,Generated important Recruitment logistics chat message,100,100,20,100,announcement,100,"{""✅"":1,""👀"":1}",event.social-anchor:12; event.meeting-time:24; announcement.change:30; time.weekday:7; time.explicit:12; event.concrete-time:16; announcement.date-context:14; structure.concrete-details:8
msg_01949,Rush Week Leads,Recruitment logistics chat,Logan,2026-04-21T17:25:00.000Z,,wear navy for house tours tonight,important,event,dress_time,Generated important Recruitment logistics chat message,8,8,8,16,noise,28,"{""📌"":1}",time.relative:8
msg_01950,Rush Week Leads,Recruitment logistics chat,Jake,2026-04-21T17:27:00.000Z,,I can bring cups,maybe,logistics,supply_commitment,Ambiguous message that may be useful in context,35,35,8,43,logistics,58,"{""👀"":1}",logistics.supplies:25; commitment.availability:22; noise.vague-short:-12
msg_01951,Rush Week Leads,Recruitment logistics chat,Olivia,2026-04-21T17:32:00.000Z,,need 5 people at check in by 5:30,important,request,volunteer,Generated important Recruitment logistics chat message,38,38,8,46,request,69,"{""👀"":1}",request.concrete-need:28; request.help-needed:10
msg_01952,Rush Week Leads,Recruitment logistics chat,Marcus,2026-04-21T17:35:00.000Z,,what time is tailgate again,maybe,question,event_question,Ambiguous message that may be useful in context,30,30,0,30,question,64,{},event.social-anchor:12; question.intent:10; question.event-context:8
msg_01953,Rush Week Leads,Recruitment logistics chat,Noah,2026-04-21T17:38:00.000Z,,real,noise,noise,noise,"Noise, joke, hype, or vague reply",0,0,0,0,noise,20,{},noise.one-word:-18; noise.casual-reply:-28; noise.vague-short:-12
msg_01954,Rush Week Leads,Recruitment logistics chat,Olivia,2026-04-21T17:39:00.000Z,msg_01859,bring drinks if you have any,maybe,logistics,soft_supplies,Ambiguous message that may be useful in context,25,25,8,33,logistics,46,"{""❓"":1}",logistics.supplies:25
msg_01955,Rush Week Leads,Recruitment logistics chat,Marcus,2026-04-21T17:43:00.000Z,,bro,noise,noise,noise,"Noise, joke, hype, or vague reply",0,0,0,0,noise,20,{},noise.one-word:-18; noise.casual-reply:-28; noise.vague-short:-12
msg_01956,Rush Week Leads,Recruitment logistics chat,Logan,2026-04-21T17:45:00.000Z,,real,noise,noise,noise,"Noise, joke, hype, or vague reply",0,0,0,0,noise,20,{},noise.one-word:-18; noise.casual-reply:-28; noise.vague-short:-12
msg_01957,Rush Week Leads,Recruitment logistics chat,Nate,2026-04-21T17:50:00.000Z,,lineup posted at noon,important,announcement,lineup,Generated important Recruitment logistics chat message,12,12,8,20,noise,30,"{""👀"":1,""📌"":1}",time.explicit:12
msg_01958,Rush Week Leads,Recruitment logistics chat,Logan,2026-04-21T17:52:00.000Z,,meeting my downfall rn,noise,noise,noise,"Noise, joke, hype, or vague reply",12,12,0,12,noise,26,{},event.social-anchor:12
msg_01959,Rush Week Leads,Recruitment logistics chat,Logan,2026-04-21T17:55:00.000Z,,Friday was insane,noise,noise,noise,"Noise, joke, hype, or vague reply",7,7,0,7,noise,24,{},time.weekday:7
msg_01960,Rush Week Leads,Recruitment logistics chat,Nate,2026-04-21T17:58:00.000Z,,lol,noise,noise,noise,"Noise, joke, hype, or vague reply",0,0,0,0,noise,20,{},noise.one-word:-18; noise.laughter:-35; noise.vague-short:-12
msg_01961,Rush Week Leads,Recruitment logistics chat,Cam,2026-04-21T18:02:00.000Z,,that was crazy,noise,noise,noise,"Noise, joke, hype, or vague reply",0,0,0,0,noise,20,{},noise.hype-only:-24; noise.vague-short:-12
msg_01962,Rush Week Leads,Recruitment logistics chat,Grace,2026-04-21T18:05:00.000Z,,what time are y'all leaving?,maybe,plan,departure_question,Ambiguous message that may be useful in context,30,30,8,38,plan,56,"{""👀"":1}",plan.leaving-meeting:20; question.intent:10
msg_01963,Rush Week Leads,Recruitment logistics chat,Marcus,2026-04-21T18:08:00.000Z,,wear navy for house tours tonight,important,event,dress_time,Generated important Recruitment logistics chat message,8,8,8,16,noise,28,"{""✅"":1}",time.relative:8
msg_01964,Rush Week Leads,Recruitment logistics chat,Grace,2026-04-21T18:11:00.000Z,msg_01817,rush event moved to Friday at 6,important,announcement,date_change,Generated important Recruitment logistics chat message,100,100,12,100,announcement,100,"{""✅"":1}",event.social-anchor:12; event.meeting-time:24; announcement.change:30; time.weekday:7; time.explicit:12; event.concrete-time:16; announcement.date-context:14; structure.concrete-details:8
msg_01965,Rush Week Leads,Recruitment logistics chat,Cam,2026-04-21T18:12:00.000Z,,need 5 people at check in by 5:30,important,request,volunteer,Generated important Recruitment logistics chat message,38,38,18,56,request,69,"{""👀"":1,""📌"":1}",request.concrete-need:28; request.help-needed:10
msg_01966,Rush Week Leads,Recruitment logistics chat,Jake,2026-04-21T18:15:00.000Z,,need 5 people at check in by 5:30,important,request,volunteer,Generated important Recruitment logistics chat message,38,38,18,56,request,69,"{""✅"":1,""👀"":1,""❓"":1}",request.concrete-need:28; request.help-needed:10
msg_01967,Rush Week Leads,Recruitment logistics chat,Quinn,2026-04-21T18:19:00.000Z,,lineup posted at noon,important,announcement,lineup,Generated important Recruitment logistics chat message,12,12,0,12,noise,26,{},time.explicit:12
msg_01968,Rush Week Leads,Recruitment logistics chat,Grace,2026-04-21T18:22:00.000Z,msg_01852,forms close tomorrow,important,deadline,forms,Generated important Recruitment logistics chat message,76,76,30,100,deadline,97,"{""✅"":1,""📌"":1}",deadline.explicit:32; deadline.payment:18; time.relative:8; deadline.date-context:18
msg_01969,Rush Week Leads,Recruitment logistics chat,Grace,2026-04-21T18:24:00.000Z,,anyone able to grab snacks?,maybe,request,soft_request,Ambiguous message that may be useful in context,73,73,0,73,request,86,{},request.can-someone:24; logistics.supplies:25; question.intent:10; request.bring-supplies:14
msg_01970,Rush Week Leads,Recruitment logistics chat,Mia,2026-04-21T18:27:00.000Z,,rush event moved to Friday at 6,important,announcement,date_change,Generated important Recruitment logistics chat message,100,100,8,100,announcement,100,"{""👀"":1}",event.social-anchor:12; event.meeting-time:24; announcement.change:30; time.weekday:7; time.explicit:12; event.concrete-time:16; announcement.date-context:14; structure.concrete-details:8
msg_01971,Rush Week Leads,Recruitment logistics chat,Quinn,2026-04-21T18:30:00.000Z,,pregame at the house?,maybe,question,event_question,Ambiguous message that may be useful in context,30,30,8,38,question,64,"{""❓"":1}",event.social-anchor:12; question.intent:10; question.event-context:8
msg_01972,Rush Week Leads,Recruitment logistics chat,Mia,2026-04-21T18:33:00.000Z,,can someone tell Tyler to chill,noise,noise,noise,"Noise, joke, hype, or vague reply",10,10,0,10,noise,25,{},question.intent:10
msg_01973,Rush Week Leads,Recruitment logistics chat,Quinn,2026-04-21T18:38:00.000Z,msg_01839,need bro to retire,noise,noise,noise,"Noise, joke, hype, or vague reply",0,0,0,0,noise,20,{},
msg_01974,Rush Week Leads,Recruitment logistics chat,Jake,2026-04-21T18:41:00.000Z,,forms close tomorrow,important,deadline,forms,Generated important Recruitment logistics chat message,76,76,8,84,deadline,97,"{""👀"":1}",deadline.explicit:32; deadline.payment:18; time.relative:8; deadline.date-context:18
msg_01975,Rush Week Leads,Recruitment logistics chat,Marcus,2026-04-21T18:42:00.000Z,,does anyone have tickets left?,maybe,request,ticket_availability,Ambiguous message that may be useful in context,46,46,0,46,request,69,{},deadline.payment:18; request.ticket-availability:18; question.intent:10
msg_01976,Rush Week Leads,Recruitment logistics chat,Harper,2026-04-21T18:45:00.000Z,,rush event moved to Friday at 6,important,announcement,date_change,Generated important Recruitment logistics chat message,100,100,8,100,announcement,100,"{""👀"":1}",event.social-anchor:12; event.meeting-time:24; announcement.change:30; time.weekday:7; time.explicit:12; event.concrete-time:16; announcement.date-context:14; structure.concrete-details:8
msg_01977,Rush Week Leads,Recruitment logistics chat,Jake,2026-04-21T18:49:00.000Z,,deadline for being washed is tonight,noise,noise,noise,"Noise, joke, hype, or vague reply",58,58,0,58,deadline,83,{},deadline.explicit:32; time.relative:8; deadline.date-context:18
msg_01978,Rush Week Leads,Recruitment logistics chat,Jake,2026-04-21T18:51:00.000Z,,where are we meeting?,maybe,plan,meeting_question,Ambiguous message that may be useful in context,50,50,8,58,plan,79,"{""❓"":1,""😂"":1}",event.social-anchor:12; plan.leaving-meeting:20; question.intent:10; question.event-context:8
msg_01979,Rush Week Leads,Recruitment logistics chat,Marcus,2026-04-21T18:55:00.000Z,,you had to be there,noise,noise,noise,"Noise, joke, hype, or vague reply",0,0,3,3,noise,22,"{""💀"":2,""😂"":3,""🔥"":1}",noise.hype-only:-24
msg_01980,Rush Week Leads,Recruitment logistics chat,Harper,2026-04-21T18:59:00.000Z,,bro,noise,noise,noise,"Noise, joke, hype, or vague reply",0,0,0,0,noise,20,{},noise.one-word:-18; noise.casual-reply:-28; noise.vague-short:-12
msg_01981,Formal Bus 2,Event transportation chat,Jake,2026-04-21T19:02:00.000Z,,does anyone have tickets left?,maybe,request,ticket_availability,Ambiguous message that may be useful in context,46,46,0,46,request,69,{},deadline.payment:18; request.ticket-availability:18; question.intent:10
msg_01982,Formal Bus 2,Event transportation chat,Quinn,2026-04-21T19:03:00.000Z,,who let him cook?,noise,noise,noise,"Noise, joke, hype, or vague reply",0,0,0,0,noise,20,{},question.intent:10; noise.vague-short:-12
msg_01983,Formal Bus 2,Event transportation chat,Nate,2026-04-21T19:08:00.000Z,,pickup moved to the back lot,important,announcement,location_change,Generated important Event transportation chat message,30,30,18,48,announcement,48,"{""✅"":1,""👀"":1}",announcement.change:30
msg_01984,Formal Bus 2,Event transportation chat,Quinn,2026-04-21T19:11:00.000Z,msg_01982,need one more sober driver,important,logistics,ride_request,Generated important Event transportation chat message,78,78,24,100,logistics,90,"{""📌"":1}",request.concrete-need:28; logistics.transport:20; logistics.sober-drivers:30
msg_01985,Formal Bus 2,Event transportation chat,Mia,2026-04-21T19:13:00.000Z,,fire fit,noise,noise,noise,"Noise, joke, hype, or vague reply",0,0,8,8,noise,24,"{""😂"":2,""🔥"":6}",noise.vague-short:-12
msg_01986,Formal Bus 2,Event transportation chat,Marcus,2026-04-21T19:15:00.000Z,,deadline for being washed is tonight,noise,noise,noise,"Noise, joke, hype, or vague reply",58,58,0,58,deadline,83,{},deadline.explicit:32; time.relative:8; deadline.date-context:18
msg_01987,Formal Bus 2,Event transportation chat,Sam,2026-04-21T19:18:00.000Z,,wristbands close at midnight,important,deadline,wristbands,Generated important Event transportation chat message,70,70,0,70,deadline,95,{},deadline.explicit:32; deadline.payment:18; time.explicit:12; structure.concrete-details:8
msg_01988,Formal Bus 2,Event transportation chat,Zoe,2026-04-21T19:23:00.000Z,,need one more sober driver,important,logistics,ride_request,Generated important Event transportation chat message,78,78,8,86,logistics,90,"{""👀"":1}",request.concrete-need:28; logistics.transport:20; logistics.sober-drivers:30
msg_01989,Formal Bus 2,Event transportation chat,Grace,2026-04-21T19:24:00.000Z,msg_01984,wristbands close at midnight,important,deadline,wristbands,Generated important Event transportation chat message,70,70,0,70,deadline,95,{},deadline.explicit:32; deadline.payment:18; time.explicit:12; structure.concrete-details:8
msg_01990,Formal Bus 2,Event transportation chat,Mia,2026-04-21T19:29:00.000Z,,🔥🔥🔥,noise,noise,noise,"Noise, joke, hype, or vague reply",0,0,0,0,noise,20,{},noise.one-word:-18; noise.emoji-only:-35; noise.vague-short:-12
msg_01991,Formal Bus 2,Event transportation chat,Jake,2026-04-21T19:32:00.000Z,,bus leaves the house at 7,important,event,departure,Generated important Event transportation chat message,12,12,8,20,noise,30,"{""👀"":1}",time.explicit:12
msg_01992,Formal Bus 2,Event transportation chat,Riley,2026-04-21T19:33:00.000Z,msg_01986,I can drive after 10,maybe,logistics,availability,Ambiguous message that may be useful in context,42,42,8,50,logistics,60,"{""❓"":1}",logistics.transport:20; commitment.availability:22
msg_01993,Formal Bus 2,Event transportation chat,Mia,2026-04-21T19:36:00.000Z,,formal tickets due tomorrow,important,deadline,tickets,Generated important Event transportation chat message,100,100,8,100,deadline,100,"{""👀"":1}",deadline.explicit:32; deadline.payment:18; event.social-anchor:12; time.relative:8; deadline.date-context:18; event.concrete-time:16; structure.concrete-details:8
msg_01994,Formal Bus 2,Event transportation chat,Marcus,2026-04-21T19:40:00.000Z,,wristbands close at midnight,important,deadline,wristbands,Generated important Event transportation chat message,70,70,20,90,deadline,95,"{""✅"":1,""👀"":1}",deadline.explicit:32; deadline.payment:18; time.explicit:12; structure.concrete-details:8
msg_01995,Formal Bus 2,Event transportation chat,Sam,2026-04-21T19:43:00.000Z,,does anyone have tickets left?,maybe,request,ticket_availability,Ambiguous message that may be useful in context,46,46,8,54,request,69,"{""👀"":1}",deadline.payment:18; request.ticket-availability:18; question.intent:10
msg_01996,Formal Bus 2,Event transportation chat,Zoe,2026-04-21T19:45:00.000Z,,deadline for being washed is tonight,noise,noise,noise,"Noise, joke, hype, or vague reply",58,58,0,58,deadline,83,{},deadline.explicit:32; time.relative:8; deadline.date-context:18
msg_01997,Formal Bus 2,Event transportation chat,Harper,2026-04-21T19:48:00.000Z,,what time are y'all leaving?,maybe,plan,departure_question,Ambiguous message that may be useful in context,30,30,0,30,plan,56,{},plan.leaving-meeting:20; question.intent:10
msg_01998,Formal Bus 2,Event transportation chat,Olivia,2026-04-21T19:52:00.000Z,,lol,noise,noise,noise,"Noise, joke, hype, or vague reply",0,0,0,0,noise,20,{},noise.one-word:-18; noise.laughter:-35; noise.vague-short:-12
msg_01999,Formal Bus 2,Event transportation chat,Quinn,2026-04-21T19:55:00.000Z,,rush hour traffic sucks,noise,noise,noise,"Noise, joke, hype, or vague reply",12,12,3,15,noise,28,"{""💀"":2,""🔥"":1}",event.social-anchor:12
msg_02000,Formal Bus 2,Event transportation chat,Olivia,2026-04-21T19:57:00.000Z,,meeting my downfall rn,noise,noise,noise,"Noise, joke, hype, or vague reply",12,12,0,12,noise,26,{},event.social-anchor:12
msg_02001,Formal Bus 2,Event transportation chat,Olivia,2026-04-21T20:00:00.000Z,,I can drive after 10,maybe,logistics,availability,Ambiguous message that may be useful in context,42,42,8,50,logistics,60,"{""👀"":1}",logistics.transport:20; commitment.availability:22
msg_02002,Formal Bus 2,Event transportation chat,Jake,2026-04-21T20:05:00.000Z,,rush hour traffic sucks,noise,noise,noise,"Noise, joke, hype, or vague reply",12,12,6,18,noise,29,"{""😂"":3,""🔥"":2,""💀"":1}",event.social-anchor:12
msg_02003,Formal Bus 2,Event transportation chat,Sam,2026-04-21T20:08:00.000Z,,who all is going Friday?,maybe,plan,attendance_question,Ambiguous message that may be useful in context,37,37,0,37,plan,66,"{""😂"":1}",plan.whos-going:20; time.weekday:7; question.intent:10
msg_02004,Formal Bus 2,Event transportation chat,Olivia,2026-04-21T20:10:00.000Z,,can someone tell Tyler to chill,noise,noise,noise,"Noise, joke, hype, or vague reply",10,10,0,10,noise,25,{},question.intent:10
msg_02005,Formal Bus 2,Event transportation chat,Grace,2026-04-21T20:14:00.000Z,,🔥🔥🔥,noise,noise,noise,"Noise, joke, hype, or vague reply",0,0,0,0,noise,20,{},noise.one-word:-18; noise.emoji-only:-35; noise.vague-short:-12
msg_02006,Formal Bus 2,Event transportation chat,Noah,2026-04-21T20:17:00.000Z,,go go go go,noise,noise,noise,"Noise, joke, hype, or vague reply",0,0,6,6,noise,23,"{""🔥"":2,""💀"":2,""😂"":1}",noise.repeated:-16; noise.vague-short:-12
msg_02007,Formal Bus 2,Event transportation chat,Harper,2026-04-21T20:20:00.000Z,,no shot,noise,noise,noise,"Noise, joke, hype, or vague reply",0,0,0,0,noise,20,{},noise.hype-only:-24; noise.vague-short:-12
msg_02008,Formal Bus 2,Event transportation chat,Mason,2026-04-21T20:21:00.000Z,,wristbands close at midnight,important,deadline,wristbands,Generated important Event transportation chat message,70,70,8,78,deadline,95,"{""👀"":1}",deadline.explicit:32; deadline.payment:18; time.explicit:12; structure.concrete-details:8
msg_02009,Formal Bus 2,Event transportation chat,Ethan,2026-04-21T20:25:00.000Z,,real,noise,noise,noise,"Noise, joke, hype, or vague reply",0,0,0,0,noise,20,{},noise.one-word:-18; noise.casual-reply:-28; noise.vague-short:-12
msg_02010,Formal Bus 2,Event transportation chat,Lena,2026-04-21T20:29:00.000Z,,I can bring cups,maybe,logistics,supply_commitment,Ambiguous message that may be useful in context,35,35,12,47,logistics,58,"{""✅"":1}",logistics.supplies:25; commitment.availability:22; noise.vague-short:-12
msg_02011,Formal Bus 2,Event transportation chat,Noah,2026-04-21T20:32:00.000Z,,Friday was insane,noise,noise,noise,"Noise, joke, hype, or vague reply",7,7,0,7,noise,24,{},time.weekday:7
msg_02012,Formal Bus 2,Event transportation chat,Quinn,2026-04-21T20:35:00.000Z,,does anyone have tickets left?,maybe,request,ticket_availability,Ambiguous message that may be useful in context,46,46,0,46,request,69,{},deadline.payment:18; request.ticket-availability:18; question.intent:10
msg_02013,Formal Bus 2,Event transportation chat,Mia,2026-04-21T20:38:00.000Z,,I can bring cups,maybe,logistics,supply_commitment,Ambiguous message that may be useful in context,35,35,8,43,logistics,58,"{""👀"":1}",logistics.supplies:25; commitment.availability:22; noise.vague-short:-12
msg_02014,Formal Bus 2,Event transportation chat,Mason,2026-04-21T20:41:00.000Z,,need one more sober driver,important,logistics,ride_request,Generated important Event transportation chat message,78,78,8,86,logistics,90,"{""👀"":1}",request.concrete-need:28; logistics.transport:20; logistics.sober-drivers:30
msg_02015,Formal Bus 2,Event transportation chat,Luke,2026-04-21T20:43:00.000Z,,what time is tailgate again,maybe,question,event_question,Ambiguous message that may be useful in context,30,30,8,38,question,64,"{""👀"":1}",event.social-anchor:12; question.intent:10; question.event-context:8
msg_02016,Formal Bus 2,Event transportation chat,Olivia,2026-04-21T20:45:00.000Z,,bus leaves the house at 7,important,event,departure,Generated important Event transportation chat message,12,12,8,20,noise,30,"{""✅"":1,""👀"":1}",time.explicit:12
msg_02017,Formal Bus 2,Event transportation chat,Lena,2026-04-21T20:48:00.000Z,,pregame at the house?,maybe,question,event_question,Ambiguous message that may be useful in context,30,30,0,30,question,64,{},event.social-anchor:12; question.intent:10; question.event-context:8
msg_02018,Formal Bus 2,Event transportation chat,Ethan,2026-04-21T20:51:00.000Z,,wristbands close at midnight,important,deadline,wristbands,Generated important Event transportation chat message,70,70,8,78,deadline,95,"{""👀"":1}",deadline.explicit:32; deadline.payment:18; time.explicit:12; structure.concrete-details:8
msg_02019,Formal Bus 2,Event transportation chat,Quinn,2026-04-21T20:55:00.000Z,msg_02007,bus leaves the house at 7,important,event,departure,Generated important Event transportation chat message,12,12,8,20,noise,30,"{""✅"":1,""👀"":1}",time.explicit:12
msg_02020,Formal Bus 2,Event transportation chat,Zoe,2026-04-21T20:57:00.000Z,,bus leaves the house at 7,important,event,departure,Generated important Event transportation chat message,12,12,0,12,noise,26,{},time.explicit:12
msg_02021,Formal Bus 2,Event transportation chat,Olivia,2026-04-21T21:00:00.000Z,,absolute cinema,noise,noise,noise,"Noise, joke, hype, or vague reply",0,0,0,0,noise,20,{},noise.hype-only:-24; noise.vague-short:-12
msg_02022,Formal Bus 2,Event transportation chat,Ethan,2026-04-21T21:04:00.000Z,,wristbands close at midnight,important,deadline,wristbands,Generated important Event transportation chat message,70,70,30,100,deadline,95,"{""✅"":1,""📌"":1}",deadline.explicit:32; deadline.payment:18; time.explicit:12; structure.concrete-details:8
msg_02023,Formal Bus 2,Event transportation chat,Zoe,2026-04-21T21:08:00.000Z,,????????,noise,noise,noise,"Noise, joke, hype, or vague reply",0,0,8,8,noise,24,"{""😂"":2,""💀"":1,""🔥"":4}",question.intent:10; noise.one-word:-18; noise.repeated:-16; noise.vague-short:-12
msg_02024,Formal Bus 2,Event transportation chat,Ethan,2026-04-21T21:09:00.000Z,msg_02012,I can drive after 10,maybe,logistics,availability,Ambiguous message that may be useful in context,42,42,8,50,logistics,60,"{""❓"":1}",logistics.transport:20; commitment.availability:22
msg_02025,Formal Bus 2,Event transportation chat,Mason,2026-04-21T21:12:00.000Z,,what time are y'all leaving?,maybe,plan,departure_question,Ambiguous message that may be useful in context,30,30,12,42,plan,56,"{""✅"":1,""😂"":1}",plan.leaving-meeting:20; question.intent:10
msg_02026,Formal Bus 2,Event transportation chat,Riley,2026-04-21T21:15:00.000Z,msg_02002,can someone tell Tyler to chill,noise,noise,noise,"Noise, joke, hype, or vague reply",10,10,6,16,noise,28,"{""💀"":1,""🔥"":2}",question.intent:10
msg_02027,Formal Bus 2,Event transportation chat,Luke,2026-04-21T21:19:00.000Z,,meeting my downfall rn,noise,noise,noise,"Noise, joke, hype, or vague reply",12,12,6,18,noise,29,"{""🔥"":2,""😂"":1}",event.social-anchor:12
msg_02028,Formal Bus 2,Event transportation chat,Logan,2026-04-21T21:23:00.000Z,,bus leaves the house at 7,important,event,departure,Generated important Event transportation chat message,12,12,8,20,noise,30,"{""✅"":1,""👀"":1}",time.explicit:12
msg_02029,Formal Bus 2,Event transportation chat,Logan,2026-04-21T21:24:00.000Z,,what time is tailgate again,maybe,question,event_question,Ambiguous message that may be useful in context,30,30,18,48,question,64,"{""❓"":1,""✅"":1,""😂"":1}",event.social-anchor:12; question.intent:10; question.event-context:8
msg_02030,Formal Bus 2,Event transportation chat,Marcus,2026-04-21T21:29:00.000Z,msg_01987,who up,noise,noise,noise,"Noise, joke, hype, or vague reply",0,0,0,0,noise,20,{},noise.hype-only:-24; noise.casual-question:-14; noise.vague-short:-12
msg_02031,Formal Bus 2,Event transportation chat,Nate,2026-04-21T21:30:00.000Z,msg_02016,where are we meeting?,maybe,plan,meeting_question,Ambiguous message that may be useful in context,50,50,8,58,plan,79,"{""❓"":1,""😂"":1}",event.social-anchor:12; plan.leaving-meeting:20; question.intent:10; question.event-context:8
msg_02032,Formal Bus 2,Event transportation chat,Grace,2026-04-21T21:34:00.000Z,,he fell off,noise,noise,noise,"Noise, joke, hype, or vague reply",0,0,0,0,noise,20,{},noise.hype-only:-24; noise.vague-short:-12
msg_02033,Formal Bus 2,Event transportation chat,Sam,2026-04-21T21:36:00.000Z,,pregame at the house?,maybe,question,event_question,Ambiguous message that may be useful in context,30,30,8,38,question,64,"{""❓"":1}",event.social-anchor:12; question.intent:10; question.event-context:8
msg_02034,Formal Bus 2,Event transportation chat,Ethan,2026-04-21T21:39:00.000Z,msg_02023,I could drive tomorrow,maybe,logistics,availability,Ambiguous message that may be useful in context,50,50,0,50,logistics,71,{},logistics.transport:20; commitment.availability:22; time.relative:8
msg_02035,Formal Bus 2,Event transportation chat,Quinn,2026-04-21T21:43:00.000Z,,nah,noise,noise,noise,"Noise, joke, hype, or vague reply",0,0,0,0,noise,20,{},noise.one-word:-18; noise.casual-reply:-28; noise.vague-short:-12
msg_02036,Formal Bus 2,Event transportation chat,Harper,2026-04-21T21:45:00.000Z,,who let him cook?,noise,noise,noise,"Noise, joke, hype, or vague reply",0,0,0,0,noise,20,{},question.intent:10; noise.vague-short:-12
msg_02037,Formal Bus 2,Event transportation chat,Ethan,2026-04-21T21:49:00.000Z,,real,noise,noise,noise,"Noise, joke, hype, or vague reply",0,0,0,0,noise,20,{},noise.one-word:-18; noise.casual-reply:-28; noise.vague-short:-12
msg_02038,Formal Bus 2,Event transportation chat,Lena,2026-04-21T21:51:00.000Z,,🔥🔥🔥,noise,noise,noise,"Noise, joke, hype, or vague reply",0,0,0,0,noise,20,{},noise.one-word:-18; noise.emoji-only:-35; noise.vague-short:-12
msg_02039,Formal Bus 2,Event transportation chat,Riley,2026-04-21T21:56:00.000Z,msg_02035,deadline for being washed is tonight,noise,noise,noise,"Noise, joke, hype, or vague reply",58,58,0,58,deadline,83,{},deadline.explicit:32; time.relative:8; deadline.date-context:18
msg_02040,Formal Bus 2,Event transportation chat,Jake,2026-04-21T21:59:00.000Z,,need one more sober driver,important,logistics,ride_request,Generated important Event transportation chat message,78,78,12,90,logistics,90,"{""✅"":1}",request.concrete-need:28; logistics.transport:20; logistics.sober-drivers:30
msg_02041,Formal Bus 2,Event transportation chat,Marcus,2026-04-21T22:02:00.000Z,,need one more sober driver,important,logistics,ride_request,Generated important Event transportation chat message,78,78,0,78,logistics,90,{},request.concrete-need:28; logistics.transport:20; logistics.sober-drivers:30
msg_02042,Formal Bus 2,Event transportation chat,Marcus,2026-04-21T22:04:00.000Z,,pickup moved to the back lot,important,announcement,location_change,Generated important Event transportation chat message,30,30,0,30,announcement,48,{},announcement.change:30
msg_02043,Formal Bus 2,Event transportation chat,Sam,2026-04-21T22:08:00.000Z,,🔥🔥🔥,noise,noise,noise,"Noise, joke, hype, or vague reply",0,0,0,0,noise,20,{},noise.one-word:-18; noise.emoji-only:-35; noise.vague-short:-12
msg_02044,Formal Bus 2,Event transportation chat,Marcus,2026-04-21T22:11:00.000Z,msg_02040,what time is tailgate again,maybe,question,event_question,Ambiguous message that may be useful in context,30,30,0,30,question,64,"{""😂"":1}",event.social-anchor:12; question.intent:10; question.event-context:8
msg_02045,Formal Bus 2,Event transportation chat,Logan,2026-04-21T22:14:00.000Z,,I can bring cups,maybe,logistics,supply_commitment,Ambiguous message that may be useful in context,35,35,8,43,logistics,58,"{""❓"":1}",logistics.supplies:25; commitment.availability:22; noise.vague-short:-12
msg_02046,Formal Bus 2,Event transportation chat,Marcus,2026-04-21T22:17:00.000Z,,pickup moved to the back lot,important,announcement,location_change,Generated important Event transportation chat message,30,30,0,30,announcement,48,{},announcement.change:30
msg_02047,Formal Bus 2,Event transportation chat,Marcus,2026-04-21T22:18:00.000Z,msg_02045,yo,noise,noise,noise,"Noise, joke, hype, or vague reply",0,0,0,0,noise,20,{},noise.one-word:-18; noise.casual-reply:-28; noise.vague-short:-12
msg_02048,Formal Bus 2,Event transportation chat,Mason,2026-04-21T22:21:00.000Z,,lol,noise,noise,noise,"Noise, joke, hype, or vague reply",0,0,0,0,noise,20,{},noise.one-word:-18; noise.laughter:-35; noise.vague-short:-12
msg_02049,Formal Bus 2,Event transportation chat,Jake,2026-04-21T22:24:00.000Z,,W,noise,noise,noise,"Noise, joke, hype, or vague reply",0,0,0,0,noise,20,{},noise.one-word:-18; noise.casual-reply:-28; noise.vague-short:-12
msg_02050,Formal Bus 2,Event transportation chat,Grace,2026-04-21T22:27:00.000Z,,fire fit,noise,noise,noise,"Noise, joke, hype, or vague reply",0,0,8,8,noise,24,"{""🔥"":3,""😂"":2,""💀"":1}",noise.vague-short:-12
msg_02051,Formal Bus 2,Event transportation chat,Marcus,2026-04-21T22:32:00.000Z,,that was crazy,noise,noise,noise,"Noise, joke, hype, or vague reply",0,0,3,3,noise,22,"{""🔥"":1}",noise.hype-only:-24; noise.vague-short:-12
msg_02052,Formal Bus 2,Event transportation chat,Sam,2026-04-21T22:33:00.000Z,,who up,noise,noise,noise,"Noise, joke, hype, or vague reply",0,0,6,6,noise,23,"{""💀"":2,""🔥"":2,""😂"":1}",noise.hype-only:-24; noise.casual-question:-14; noise.vague-short:-12
msg_02053,Formal Bus 2,Event transportation chat,Nate,2026-04-21T22:36:00.000Z,,bus leaves the house at 7,important,event,departure,Generated important Event transportation chat message,12,12,8,20,noise,30,"{""👀"":1}",time.explicit:12
msg_02054,Formal Bus 2,Event transportation chat,Mia,2026-04-21T22:40:00.000Z,msg_01997,he fell off,noise,noise,noise,"Noise, joke, hype, or vague reply",0,0,0,0,noise,20,{},noise.hype-only:-24; noise.vague-short:-12
msg_02055,Formal Bus 2,Event transportation chat,Quinn,2026-04-21T22:42:00.000Z,,anyone going out tonight?,maybe,plan,loose_plan,Ambiguous message that may be useful in context,38,38,0,38,plan,67,{},plan.whos-going:20; time.relative:8; question.intent:10
msg_02056,Formal Bus 2,Event transportation chat,Lena,2026-04-21T22:46:00.000Z,,😭😭😭,noise,noise,noise,"Noise, joke, hype, or vague reply",0,0,8,8,noise,24,"{""💀"":2,""🔥"":4,""😂"":2}",noise.one-word:-18; noise.emoji-only:-35; noise.vague-short:-12
msg_02057,Formal Bus 2,Event transportation chat,Jake,2026-04-21T22:48:00.000Z,,pickup moved to the back lot,important,announcement,location_change,Generated important Event transportation chat message,30,30,12,42,announcement,48,"{""✅"":1}",announcement.change:30
msg_02058,Formal Bus 2,Event transportation chat,Lena,2026-04-21T22:51:00.000Z,msg_02045,pickup moved to the back lot,important,announcement,location_change,Generated important Event transportation chat message,30,30,8,38,announcement,48,"{""👀"":1}",announcement.change:30
msg_02059,Formal Bus 2,Event transportation chat,Noah,2026-04-21T22:56:00.000Z,,anyone able to grab snacks?,maybe,request,soft_request,Ambiguous message that may be useful in context,73,73,0,73,request,86,{},request.can-someone:24; logistics.supplies:25; question.intent:10; request.bring-supplies:14
msg_02060,Formal Bus 2,Event transportation chat,Logan,2026-04-21T22:57:00.000Z,,bus leaves the house at 7,important,event,departure,Generated important Event transportation chat message,12,12,8,20,noise,30,"{""✅"":1}",time.explicit:12
msg_02061,Formal Bus 2,Event transportation chat,Grace,2026-04-21T23:01:00.000Z,,who has the speaker?,maybe,question,item_question,Ambiguous message that may be useful in context,10,10,8,18,noise,29,"{""✅"":1}",question.intent:10
msg_02062,Formal Bus 2,Event transportation chat,Nate,2026-04-21T23:05:00.000Z,,rush hour traffic sucks,noise,noise,noise,"Noise, joke, hype, or vague reply",12,12,0,12,noise,26,{},event.social-anchor:12
msg_02063,Formal Bus 2,Event transportation chat,Quinn,2026-04-21T23:07:00.000Z,msg_01982,formal tickets due tomorrow,important,deadline,tickets,Generated important Event transportation chat message,100,100,30,100,deadline,100,"{""✅"":1,""📌"":1}",deadline.explicit:32; deadline.payment:18; event.social-anchor:12; time.relative:8; deadline.date-context:18; event.concrete-time:16; structure.concrete-details:8
msg_02064,Formal Bus 2,Event transportation chat,Noah,2026-04-21T23:10:00.000Z,,pregame at the house?,maybe,question,event_question,Ambiguous message that may be useful in context,30,30,8,38,question,64,"{""👀"":1}",event.social-anchor:12; question.intent:10; question.event-context:8
msg_02065,Formal Bus 2,Event transportation chat,Harper,2026-04-21T23:13:00.000Z,,wristbands close at midnight,important,deadline,wristbands,Generated important Event transportation chat message,70,70,12,82,deadline,95,"{""✅"":1}",deadline.explicit:32; deadline.payment:18; time.explicit:12; structure.concrete-details:8
msg_02066,Formal Bus 2,Event transportation chat,Quinn,2026-04-21T23:15:00.000Z,msg_01988,????????,noise,noise,noise,"Noise, joke, hype, or vague reply",0,0,0,0,noise,20,{},question.intent:10; noise.one-word:-18; noise.repeated:-16; noise.vague-short:-12
msg_02067,Formal Bus 2,Event transportation chat,Noah,2026-04-21T23:19:00.000Z,,pickup moved to the back lot,important,announcement,location_change,Generated important Event transportation chat message,30,30,8,38,announcement,48,"{""👀"":1}",announcement.change:30
msg_02068,Formal Bus 2,Event transportation chat,Quinn,2026-04-21T23:22:00.000Z,,pregame at the house?,maybe,question,event_question,Ambiguous message that may be useful in context,30,30,8,38,question,64,"{""❓"":1,""😂"":1}",event.social-anchor:12; question.intent:10; question.event-context:8
msg_02069,Formal Bus 2,Event transportation chat,Harper,2026-04-21T23:25:00.000Z,msg_02049,what time is tailgate again,maybe,question,event_question,Ambiguous message that may be useful in context,30,30,0,30,question,64,{},event.social-anchor:12; question.intent:10; question.event-context:8
msg_02070,Formal Bus 2,Event transportation chat,Tessa,2026-04-21T23:27:00.000Z,,fire fit,noise,noise,noise,"Noise, joke, hype, or vague reply",0,0,0,0,noise,20,{},noise.vague-short:-12
msg_02071,Formal Bus 2,Event transportation chat,Mason,2026-04-21T23:30:00.000Z,,😭😭😭,noise,noise,noise,"Noise, joke, hype, or vague reply",0,0,0,0,noise,20,{},noise.one-word:-18; noise.emoji-only:-35; noise.vague-short:-12
msg_02072,Formal Bus 2,Event transportation chat,Riley,2026-04-21T23:34:00.000Z,msg_02045,lmao,noise,noise,noise,"Noise, joke, hype, or vague reply",0,0,0,0,noise,20,{},noise.one-word:-18; noise.laughter:-35; noise.vague-short:-12
msg_02073,Formal Bus 2,Event transportation chat,Sam,2026-04-21T23:36:00.000Z,,🔥🔥🔥,noise,noise,noise,"Noise, joke, hype, or vague reply",0,0,0,0,noise,20,{},noise.one-word:-18; noise.emoji-only:-35; noise.vague-short:-12
msg_02074,Formal Bus 2,Event transportation chat,Quinn,2026-04-21T23:41:00.000Z,,where are we meeting?,maybe,plan,meeting_question,Ambiguous message that may be useful in context,50,50,8,58,plan,79,"{""❓"":1}",event.social-anchor:12; plan.leaving-meeting:20; question.intent:10; question.event-context:8
msg_02075,Formal Bus 2,Event transportation chat,Nate,2026-04-21T23:42:00.000Z,msg_02068,might go downtown later,maybe,noise,vague_plan,Ambiguous message that may be useful in context,12,12,0,12,noise,26,{},event.social-anchor:12
msg_02076,Formal Bus 2,Event transportation chat,Quinn,2026-04-21T23:47:00.000Z,,bus leaves the house at 7,important,event,departure,Generated important Event transportation chat message,12,12,8,20,noise,30,"{""✅"":1}",time.explicit:12
msg_02077,Formal Bus 2,Event transportation chat,Harper,2026-04-21T23:50:00.000Z,msg_02013,who all is going Friday?,maybe,plan,attendance_question,Ambiguous message that may be useful in context,37,37,0,37,plan,66,{},plan.whos-going:20; time.weekday:7; question.intent:10
msg_02078,Formal Bus 2,Event transportation chat,Riley,2026-04-21T23:53:00.000Z,,lmao,noise,noise,noise,"Noise, joke, hype, or vague reply",0,0,0,0,noise,20,{},noise.one-word:-18; noise.laughter:-35; noise.vague-short:-12
msg_02079,Formal Bus 2,Event transportation chat,Ethan,2026-04-21T23:55:00.000Z,,why is bro like this?,noise,noise,noise,"Noise, joke, hype, or vague reply",10,10,0,10,noise,25,{},question.intent:10
msg_02080,Formal Bus 2,Event transportation chat,Riley,2026-04-21T23:57:00.000Z,,bring drinks if you have any,maybe,logistics,soft_supplies,Ambiguous message that may be useful in context,25,25,0,25,logistics,46,{},logistics.supplies:25
msg_02081,Formal Bus 2,Event transportation chat,Harper,2026-04-22T00:02:00.000Z,,who has the speaker?,maybe,question,item_question,Ambiguous message that may be useful in context,10,10,0,10,noise,25,{},question.intent:10
msg_02082,Formal Bus 2,Event transportation chat,Nate,2026-04-22T00:04:00.000Z,msg_01983,what time are y'all leaving?,maybe,plan,departure_question,Ambiguous message that may be useful in context,30,30,8,38,plan,56,"{""👀"":1}",plan.leaving-meeting:20; question.intent:10
msg_02083,Formal Bus 2,Event transportation chat,Luke,2026-04-22T00:08:00.000Z,msg_02064,are we still doing the same place?,maybe,question,context_needed,Ambiguous message that may be useful in context,10,10,8,18,noise,29,"{""❓"":1}",question.intent:10
msg_02084,Formal Bus 2,Event transportation chat,Jake,2026-04-22T00:11:00.000Z,msg_02083,pickup moved to the back lot,important,announcement,location_change,Generated important Event transportation chat message,30,30,12,42,announcement,48,"{""✅"":1}",announcement.change:30
msg_02085,Formal Bus 2,Event transportation chat,Lena,2026-04-22T00:14:00.000Z,,might go downtown later,maybe,noise,vague_plan,Ambiguous message that may be useful in context,12,12,8,20,noise,30,"{""❓"":1}",event.social-anchor:12
msg_02086,Formal Bus 2,Event transportation chat,Logan,2026-04-22T00:16:00.000Z,,who all is going Friday?,maybe,plan,attendance_question,Ambiguous message that may be useful in context,37,37,0,37,plan,66,{},plan.whos-going:20; time.weekday:7; question.intent:10
msg_02087,Formal Bus 2,Event transportation chat,Harper,2026-04-22T00:20:00.000Z,msg_02001,need one more sober driver,important,logistics,ride_request,Generated important Event transportation chat message,78,78,20,98,logistics,90,"{""✅"":1,""👀"":1}",request.concrete-need:28; logistics.transport:20; logistics.sober-drivers:30
msg_02088,Formal Bus 2,Event transportation chat,Lena,2026-04-22T00:22:00.000Z,,might go downtown later,maybe,noise,vague_plan,Ambiguous message that may be useful in context,12,12,8,20,noise,30,"{""👀"":1}",event.social-anchor:12
msg_02089,Formal Bus 2,Event transportation chat,Tessa,2026-04-22T00:24:00.000Z,msg_02045,why is bro like this?,noise,noise,noise,"Noise, joke, hype, or vague reply",10,10,0,10,noise,25,{},question.intent:10
msg_02090,Formal Bus 2,Event transportation chat,Harper,2026-04-22T00:28:00.000Z,,are we still doing the same place?,maybe,question,context_needed,Ambiguous message that may be useful in context,10,10,0,10,noise,25,{},question.intent:10
msg_02091,Formal Bus 2,Event transportation chat,Riley,2026-04-22T00:30:00.000Z,msg_01994,need one more sober driver,important,logistics,ride_request,Generated important Event transportation chat message,78,78,12,90,logistics,90,"{""✅"":1}",request.concrete-need:28; logistics.transport:20; logistics.sober-drivers:30
msg_02092,Formal Bus 2,Event transportation chat,Nate,2026-04-22T00:34:00.000Z,,that was crazy,noise,noise,noise,"Noise, joke, hype, or vague reply",0,0,0,0,noise,20,"{""😂"":1}",noise.hype-only:-24; noise.vague-short:-12
msg_02093,Formal Bus 2,Event transportation chat,Noah,2026-04-22T00:37:00.000Z,,you had to be there,noise,noise,noise,"Noise, joke, hype, or vague reply",0,0,0,0,noise,20,{},noise.hype-only:-24
msg_02094,Formal Bus 2,Event transportation chat,Logan,2026-04-22T00:39:00.000Z,msg_02072,pickup moved to the back lot,important,announcement,location_change,Generated important Event transportation chat message,30,30,0,30,announcement,48,{},announcement.change:30
msg_02095,Formal Bus 2,Event transportation chat,Ethan,2026-04-22T00:44:00.000Z,,skull,noise,noise,noise,"Noise, joke, hype, or vague reply",0,0,0,0,noise,20,{},noise.one-word:-18; noise.casual-reply:-28; noise.vague-short:-12
msg_02096,Formal Bus 2,Event transportation chat,Jake,2026-04-22T00:47:00.000Z,,bus leaves the house at 7,important,event,departure,Generated important Event transportation chat message,12,12,8,20,noise,30,"{""👀"":1,""📌"":1}",time.explicit:12
msg_02097,Formal Bus 2,Event transportation chat,Logan,2026-04-22T00:48:00.000Z,,where we at,noise,noise,noise,"Noise, joke, hype, or vague reply",0,0,0,0,noise,20,{},question.intent:10; noise.vague-short:-12
msg_02098,Formal Bus 2,Event transportation chat,Luke,2026-04-22T00:52:00.000Z,,deadline for being washed is tonight,noise,noise,noise,"Noise, joke, hype, or vague reply",58,58,0,58,deadline,83,{},deadline.explicit:32; time.relative:8; deadline.date-context:18
msg_02099,Formal Bus 2,Event transportation chat,Tessa,2026-04-22T00:56:00.000Z,,pickup moved to the back lot,important,announcement,location_change,Generated important Event transportation chat message,30,30,0,30,announcement,48,{},announcement.change:30
msg_02100,Formal Bus 2,Event transportation chat,Zoe,2026-04-22T00:57:00.000Z,,where are we meeting?,maybe,plan,meeting_question,Ambiguous message that may be useful in context,50,50,0,50,plan,79,{},event.social-anchor:12; plan.leaving-meeting:20; question.intent:10; question.event-context:8
msg_02101,Formal Bus 2,Event transportation chat,Jake,2026-04-22T01:00:00.000Z,,need one more sober driver,important,logistics,ride_request,Generated important Event transportation chat message,78,78,8,86,logistics,90,"{""👀"":1}",request.concrete-need:28; logistics.transport:20; logistics.sober-drivers:30
msg_02102,Formal Bus 2,Event transportation chat,Olivia,2026-04-22T01:03:00.000Z,,I can drive after 10,maybe,logistics,availability,Ambiguous message that may be useful in context,42,42,0,42,logistics,60,{},logistics.transport:20; commitment.availability:22
msg_02103,Formal Bus 2,Event transportation chat,Noah,2026-04-22T01:07:00.000Z,,need one more sober driver,important,logistics,ride_request,Generated important Event transportation chat message,78,78,12,90,logistics,90,"{""✅"":1}",request.concrete-need:28; logistics.transport:20; logistics.sober-drivers:30
msg_02104,Formal Bus 2,Event transportation chat,Mia,2026-04-22T01:10:00.000Z,,who all is going Friday?,maybe,plan,attendance_question,Ambiguous message that may be useful in context,37,37,8,45,plan,66,"{""❓"":1}",plan.whos-going:20; time.weekday:7; question.intent:10
msg_02105,Formal Bus 2,Event transportation chat,Mia,2026-04-22T01:13:00.000Z,,pickup moved to the back lot,important,announcement,location_change,Generated important Event transportation chat message,30,30,8,38,announcement,48,"{""👀"":1}",announcement.change:30
msg_02106,Formal Bus 2,Event transportation chat,Olivia,2026-04-22T01:17:00.000Z,msg_01997,Friday was insane,noise,noise,noise,"Noise, joke, hype, or vague reply",7,7,6,13,noise,27,"{""🔥"":2,""😂"":1}",time.weekday:7
msg_02107,Formal Bus 2,Event transportation chat,Nate,2026-04-22T01:20:00.000Z,,pickup moved to the back lot,important,announcement,location_change,Generated important Event transportation chat message,30,30,12,42,announcement,48,"{""✅"":1}",announcement.change:30
msg_02108,Formal Bus 2,Event transportation chat,Grace,2026-04-22T01:23:00.000Z,msg_02072,need one more sober driver,important,logistics,ride_request,Generated important Event transportation chat message,78,78,8,86,logistics,90,"{""👀"":1}",request.concrete-need:28; logistics.transport:20; logistics.sober-drivers:30
msg_02109,Formal Bus 2,Event transportation chat,Tessa,2026-04-22T01:26:00.000Z,,who has the speaker?,maybe,question,item_question,Ambiguous message that may be useful in context,10,10,0,10,noise,25,{},question.intent:10
msg_02110,Formal Bus 2,Event transportation chat,Grace,2026-04-22T01:27:00.000Z,,9 is crazy,noise,noise,noise,"Noise, joke, hype, or vague reply",0,0,6,6,noise,23,"{""💀"":2,""🔥"":2}",noise.vague-short:-12
msg_02111,Formal Bus 2,Event transportation chat,Ethan,2026-04-22T01:31:00.000Z,,who all is going Friday?,maybe,plan,attendance_question,Ambiguous message that may be useful in context,37,37,8,45,plan,66,"{""❓"":1,""😂"":1}",plan.whos-going:20; time.weekday:7; question.intent:10
msg_02112,Formal Bus 2,Event transportation chat,Mason,2026-04-22T01:35:00.000Z,,rush hour traffic sucks,noise,noise,noise,"Noise, joke, hype, or vague reply",12,12,0,12,noise,26,{},event.social-anchor:12
msg_02113,Formal Bus 2,Event transportation chat,Noah,2026-04-22T01:37:00.000Z,,bring drinks if you have any,maybe,logistics,soft_supplies,Ambiguous message that may be useful in context,25,25,0,25,logistics,46,"{""😂"":1}",logistics.supplies:25
msg_02114,Formal Bus 2,Event transportation chat,Sam,2026-04-22T01:41:00.000Z,,go go go go,noise,noise,noise,"Noise, joke, hype, or vague reply",0,0,0,0,noise,20,{},noise.repeated:-16; noise.vague-short:-12
msg_02115,Formal Bus 2,Event transportation chat,Sam,2026-04-22T01:43:00.000Z,,I can drive after 10,maybe,logistics,availability,Ambiguous message that may be useful in context,42,42,0,42,logistics,60,{},logistics.transport:20; commitment.availability:22
msg_02116,Formal Bus 2,Event transportation chat,Mason,2026-04-22T01:47:00.000Z,,go go go go,noise,noise,noise,"Noise, joke, hype, or vague reply",0,0,0,0,noise,20,{},noise.repeated:-16; noise.vague-short:-12
msg_02117,Formal Bus 2,Event transportation chat,Harper,2026-04-22T01:50:00.000Z,,bring drinks if you have any,maybe,logistics,soft_supplies,Ambiguous message that may be useful in context,25,25,12,37,logistics,46,"{""✅"":1}",logistics.supplies:25
msg_02118,Formal Bus 2,Event transportation chat,Noah,2026-04-22T01:51:00.000Z,,bus leaves the house at 7,important,event,departure,Generated important Event transportation chat message,12,12,8,20,noise,30,"{""📌"":1}",time.explicit:12
msg_02119,Formal Bus 2,Event transportation chat,Zoe,2026-04-22T01:56:00.000Z,msg_02000,meeting my downfall rn,noise,noise,noise,"Noise, joke, hype, or vague reply",12,12,0,12,noise,26,{},event.social-anchor:12
msg_02120,Formal Bus 2,Event transportation chat,Logan,2026-04-22T01:58:00.000Z,,does anyone have tickets left?,maybe,request,ticket_availability,Ambiguous message that may be useful in context,46,46,12,58,request,69,"{""✅"":1}",deadline.payment:18; request.ticket-availability:18; question.intent:10
msg_02121,Formal Bus 2,Event transportation chat,Riley,2026-04-22T02:02:00.000Z,,anyone able to grab snacks?,maybe,request,soft_request,Ambiguous message that may be useful in context,73,73,8,81,request,86,"{""👀"":1}",request.can-someone:24; logistics.supplies:25; question.intent:10; request.bring-supplies:14
msg_02122,Formal Bus 2,Event transportation chat,Lena,2026-04-22T02:03:00.000Z,,skull,noise,noise,noise,"Noise, joke, hype, or vague reply",0,0,0,0,noise,20,{},noise.one-word:-18; noise.casual-reply:-28; noise.vague-short:-12
msg_02123,Formal Bus 2,Event transportation chat,Harper,2026-04-22T02:06:00.000Z,,wristbands close at midnight,important,deadline,wristbands,Generated important Event transportation chat message,70,70,0,70,deadline,95,{},deadline.explicit:32; deadline.payment:18; time.explicit:12; structure.concrete-details:8
msg_02124,Formal Bus 2,Event transportation chat,Ethan,2026-04-22T02:09:00.000Z,,9 is crazy,noise,noise,noise,"Noise, joke, hype, or vague reply",0,0,8,8,noise,24,"{""🔥"":4,""💀"":2}",noise.vague-short:-12
msg_02125,Formal Bus 2,Event transportation chat,Olivia,2026-04-22T02:14:00.000Z,msg_02015,are we still doing the same place?,maybe,question,context_needed,Ambiguous message that may be useful in context,10,10,0,10,noise,25,{},question.intent:10
msg_02126,Formal Bus 2,Event transportation chat,Luke,2026-04-22T02:15:00.000Z,msg_02031,pickup moved to the back lot,important,announcement,location_change,Generated important Event transportation chat message,30,30,12,42,announcement,48,"{""✅"":1}",announcement.change:30
msg_02127,Formal Bus 2,Event transportation chat,Harper,2026-04-22T02:20:00.000Z,,need one more sober driver,important,logistics,ride_request,Generated important Event transportation chat message,78,78,0,78,logistics,90,{},request.concrete-need:28; logistics.transport:20; logistics.sober-drivers:30
msg_02128,Formal Bus 2,Event transportation chat,Logan,2026-04-22T02:21:00.000Z,,are we still doing the same place?,maybe,question,context_needed,Ambiguous message that may be useful in context,10,10,0,10,noise,25,{},question.intent:10
msg_02129,Formal Bus 2,Event transportation chat,Lena,2026-04-22T02:26:00.000Z,,might go downtown later,maybe,noise,vague_plan,Ambiguous message that may be useful in context,12,12,0,12,noise,26,"{""😂"":1}",event.social-anchor:12
msg_02130,Formal Bus 2,Event transportation chat,Harper,2026-04-22T02:29:00.000Z,,wristbands close at midnight,important,deadline,wristbands,Generated important Event transportation chat message,70,70,12,82,deadline,95,"{""✅"":1}",deadline.explicit:32; deadline.payment:18; time.explicit:12; structure.concrete-details:8
msg_02131,Formal Bus 2,Event transportation chat,Ethan,2026-04-22T02:31:00.000Z,,need one more sober driver,important,logistics,ride_request,Generated important Event transportation chat message,78,78,0,78,logistics,90,{},request.concrete-need:28; logistics.transport:20; logistics.sober-drivers:30
msg_02132,Formal Bus 2,Event transportation chat,Luke,2026-04-22T02:33:00.000Z,,pickup moved to the back lot,important,announcement,location_change,Generated important Event transportation chat message,30,30,8,38,announcement,48,"{""👀"":1}",announcement.change:30
msg_02133,Formal Bus 2,Event transportation chat,Nate,2026-04-22T02:37:00.000Z,,pickup moved to the back lot,important,announcement,location_change,Generated important Event transportation chat message,30,30,0,30,announcement,48,{},announcement.change:30
msg_02134,Formal Bus 2,Event transportation chat,Harper,2026-04-22T02:41:00.000Z,,what time are y'all leaving?,maybe,plan,departure_question,Ambiguous message that may be useful in context,30,30,0,30,plan,56,{},plan.leaving-meeting:20; question.intent:10
msg_02135,Formal Bus 2,Event transportation chat,Ethan,2026-04-22T02:42:00.000Z,msg_02123,who has the speaker?,maybe,question,item_question,Ambiguous message that may be useful in context,10,10,0,10,noise,25,"{""😂"":1}",question.intent:10
msg_02136,Formal Bus 2,Event transportation chat,Nate,2026-04-22T02:46:00.000Z,,real,noise,noise,noise,"Noise, joke, hype, or vague reply",0,0,0,0,noise,20,{},noise.one-word:-18; noise.casual-reply:-28; noise.vague-short:-12
msg_02137,Formal Bus 2,Event transportation chat,Jake,2026-04-22T02:48:00.000Z,,wristbands close at midnight,important,deadline,wristbands,Generated important Event transportation chat message,70,70,0,70,deadline,95,{},deadline.explicit:32; deadline.payment:18; time.explicit:12; structure.concrete-details:8
msg_02138,Formal Bus 2,Event transportation chat,Ethan,2026-04-22T02:52:00.000Z,,need one more sober driver,important,logistics,ride_request,Generated important Event transportation chat message,78,78,8,86,logistics,90,"{""👀"":1}",request.concrete-need:28; logistics.transport:20; logistics.sober-drivers:30
msg_02139,Formal Bus 2,Event transportation chat,Sam,2026-04-22T02:55:00.000Z,,real,noise,noise,noise,"Noise, joke, hype, or vague reply",0,0,3,3,noise,22,"{""😂"":1,""🔥"":1}",noise.one-word:-18; noise.casual-reply:-28; noise.vague-short:-12
msg_02140,Formal Bus 2,Event transportation chat,Mason,2026-04-22T02:59:00.000Z,,yo,noise,noise,noise,"Noise, joke, hype, or vague reply",0,0,0,0,noise,20,{},noise.one-word:-18; noise.casual-reply:-28; noise.vague-short:-12
msg_02141,Formal Bus 2,Event transportation chat,Mia,2026-04-22T03:00:00.000Z,,anyone able to grab snacks?,maybe,request,soft_request,Ambiguous message that may be useful in context,73,73,0,73,request,86,{},request.can-someone:24; logistics.supplies:25; question.intent:10; request.bring-supplies:14
msg_02142,Formal Bus 2,Event transportation chat,Zoe,2026-04-22T03:04:00.000Z,,rush hour traffic sucks,noise,noise,noise,"Noise, joke, hype, or vague reply",12,12,0,12,noise,26,{},event.social-anchor:12
msg_02143,Formal Bus 2,Event transportation chat,Tessa,2026-04-22T03:07:00.000Z,,wristbands close at midnight,important,deadline,wristbands,Generated important Event transportation chat message,70,70,8,78,deadline,95,"{""👀"":1}",deadline.explicit:32; deadline.payment:18; time.explicit:12; structure.concrete-details:8
msg_02144,Formal Bus 2,Event transportation chat,Quinn,2026-04-22T03:11:00.000Z,,need one more sober driver,important,logistics,ride_request,Generated important Event transportation chat message,78,78,24,100,logistics,90,"{""📌"":1}",request.concrete-need:28; logistics.transport:20; logistics.sober-drivers:30
msg_02145,Formal Bus 2,Event transportation chat,Sam,2026-04-22T03:13:00.000Z,,Friday was insane,noise,noise,noise,"Noise, joke, hype, or vague reply",7,7,0,7,noise,24,{},time.weekday:7
msg_02146,Formal Bus 2,Event transportation chat,Luke,2026-04-22T03:15:00.000Z,,where we at,noise,noise,noise,"Noise, joke, hype, or vague reply",0,0,0,0,noise,20,{},question.intent:10; noise.vague-short:-12
msg_02147,Formal Bus 2,Event transportation chat,Tessa,2026-04-22T03:18:00.000Z,,bus leaves the house at 7,important,event,departure,Generated important Event transportation chat message,12,12,8,20,noise,30,"{""📌"":1}",time.explicit:12
msg_02148,Formal Bus 2,Event transportation chat,Marcus,2026-04-22T03:21:00.000Z,,bus leaves the house at 7,important,event,departure,Generated important Event transportation chat message,12,12,8,20,noise,30,"{""✅"":1,""👀"":1}",time.explicit:12
msg_02149,Formal Bus 2,Event transportation chat,Marcus,2026-04-22T03:26:00.000Z,,bro,noise,noise,noise,"Noise, joke, hype, or vague reply",0,0,0,0,noise,20,{},noise.one-word:-18; noise.casual-reply:-28; noise.vague-short:-12
msg_02150,Formal Bus 2,Event transportation chat,Noah,2026-04-22T03:28:00.000Z,,go go go go,noise,noise,noise,"Noise, joke, hype, or vague reply",0,0,6,6,noise,23,"{""😂"":3,""🔥"":2,""💀"":1}",noise.repeated:-16; noise.vague-short:-12
msg_02151,Formal Bus 2,Event transportation chat,Mason,2026-04-22T03:31:00.000Z,,need one more sober driver,important,logistics,ride_request,Generated important Event transportation chat message,78,78,0,78,logistics,90,{},request.concrete-need:28; logistics.transport:20; logistics.sober-drivers:30
msg_02152,Formal Bus 2,Event transportation chat,Luke,2026-04-22T03:35:00.000Z,,tomorrow gonna be wild,noise,noise,noise,"Noise, joke, hype, or vague reply",8,8,0,8,noise,24,"{""😂"":1}",time.relative:8
msg_02153,Formal Bus 2,Event transportation chat,Mason,2026-04-22T03:37:00.000Z,,absolute cinema,noise,noise,noise,"Noise, joke, hype, or vague reply",0,0,0,0,noise,20,{},noise.hype-only:-24; noise.vague-short:-12
msg_02154,Formal Bus 2,Event transportation chat,Grace,2026-04-22T03:40:00.000Z,,wristbands close at midnight,important,deadline,wristbands,Generated important Event transportation chat message,70,70,24,94,deadline,95,"{""📌"":1}",deadline.explicit:32; deadline.payment:18; time.explicit:12; structure.concrete-details:8
msg_02155,Formal Bus 2,Event transportation chat,Zoe,2026-04-22T03:43:00.000Z,,absolute cinema,noise,noise,noise,"Noise, joke, hype, or vague reply",0,0,0,0,noise,20,{},noise.hype-only:-24; noise.vague-short:-12
msg_02156,Formal Bus 2,Event transportation chat,Olivia,2026-04-22T03:47:00.000Z,,bro said formal like he owns the place,noise,noise,noise,"Noise, joke, hype, or vague reply",12,12,0,12,noise,26,{},event.social-anchor:12
msg_02157,Formal Bus 2,Event transportation chat,Noah,2026-04-22T03:49:00.000Z,msg_02015,that was crazy,noise,noise,noise,"Noise, joke, hype, or vague reply",0,0,8,8,noise,24,"{""🔥"":5,""😂"":1,""💀"":2}",noise.hype-only:-24; noise.vague-short:-12
msg_02158,Formal Bus 2,Event transportation chat,Luke,2026-04-22T03:52:00.000Z,,anyone going out tonight?,maybe,plan,loose_plan,Ambiguous message that may be useful in context,38,38,0,38,plan,67,{},plan.whos-going:20; time.relative:8; question.intent:10
msg_02159,Formal Bus 2,Event transportation chat,Noah,2026-04-22T03:56:00.000Z,,where are we meeting?,maybe,plan,meeting_question,Ambiguous message that may be useful in context,50,50,8,58,plan,79,"{""❓"":1}",event.social-anchor:12; plan.leaving-meeting:20; question.intent:10; question.event-context:8
msg_02160,Formal Bus 2,Event transportation chat,Quinn,2026-04-22T03:59:00.000Z,,bring drinks if you have any,maybe,logistics,soft_supplies,Ambiguous message that may be useful in context,25,25,0,25,logistics,46,{},logistics.supplies:25
msg_02161,Intramural Hoops,Sports pickup team,Marcus,2026-04-22T04:01:00.000Z,,need one more for tipoff,important,request,player_count,Generated important Sports pickup team message,28,28,18,46,request,57,"{""✅"":1,""👀"":1}",request.concrete-need:28
msg_02162,Intramural Hoops,Sports pickup team,Sam,2026-04-22T04:05:00.000Z,,bro,noise,noise,noise,"Noise, joke, hype, or vague reply",0,0,0,0,noise,20,{},noise.one-word:-18; noise.casual-reply:-28; noise.vague-short:-12
msg_02163,Intramural Hoops,Sports pickup team,Mia,2026-04-22T04:08:00.000Z,,game moved to court 3 at 8,important,announcement,location_change,Generated important Sports pickup team message,92,92,8,100,announcement,100,"{""👀"":1}",event.social-anchor:12; announcement.change:30; time.explicit:12; event.concrete-time:16; announcement.date-context:14; structure.concrete-details:8
msg_02164,Intramural Hoops,Sports pickup team,Marcus,2026-04-22T04:10:00.000Z,,does anyone have tickets left?,maybe,request,ticket_availability,Ambiguous message that may be useful in context,46,46,8,54,request,69,"{""❓"":1}",deadline.payment:18; request.ticket-availability:18; question.intent:10
msg_02165,Intramural Hoops,Sports pickup team,Jake,2026-04-22T04:13:00.000Z,,need one more for tipoff,important,request,player_count,Generated important Sports pickup team message,28,28,18,46,request,57,"{""✅"":1,""❓"":1}",request.concrete-need:28
msg_02166,Intramural Hoops,Sports pickup team,Grace,2026-04-22T04:15:00.000Z,msg_02164,where we at,noise,noise,noise,"Noise, joke, hype, or vague reply",0,0,0,0,noise,20,{},question.intent:10; noise.vague-short:-12
msg_02167,Intramural Hoops,Sports pickup team,Ethan,2026-04-22T04:19:00.000Z,msg_02164,game moved to court 3 at 8,important,announcement,location_change,Generated important Sports pickup team message,92,92,0,92,announcement,100,{},event.social-anchor:12; announcement.change:30; time.explicit:12; event.concrete-time:16; announcement.date-context:14; structure.concrete-details:8
msg_02168,Intramural Hoops,Sports pickup team,Ethan,2026-04-22T04:22:00.000Z,,need one more for tipoff,important,request,player_count,Generated important Sports pickup team message,28,28,8,36,request,57,"{""❓"":1}",request.concrete-need:28
msg_02169,Intramural Hoops,Sports pickup team,Logan,2026-04-22T04:24:00.000Z,,practice cancelled tonight,important,announcement,cancellation,Generated important Sports pickup team message,52,52,12,64,announcement,81,"{""✅"":1}",announcement.change:30; time.relative:8; announcement.date-context:14
msg_02170,Intramural Hoops,Sports pickup team,Harper,2026-04-22T04:28:00.000Z,msg_02164,I could drive tomorrow,maybe,logistics,availability,Ambiguous message that may be useful in context,50,50,0,50,logistics,71,{},logistics.transport:20; commitment.availability:22; time.relative:8
msg_02171,Intramural Hoops,Sports pickup team,Lena,2026-04-22T04:32:00.000Z,,go go go go,noise,noise,noise,"Noise, joke, hype, or vague reply",0,0,0,0,noise,20,{},noise.repeated:-16; noise.vague-short:-12
msg_02172,Intramural Hoops,Sports pickup team,Harper,2026-04-22T04:33:00.000Z,,what time are y'all leaving?,maybe,plan,departure_question,Ambiguous message that may be useful in context,30,30,8,38,plan,56,"{""👀"":1}",plan.leaving-meeting:20; question.intent:10
msg_02173,Intramural Hoops,Sports pickup team,Ethan,2026-04-22T04:38:00.000Z,,go go go go,noise,noise,noise,"Noise, joke, hype, or vague reply",0,0,0,0,noise,20,{},noise.repeated:-16; noise.vague-short:-12
msg_02174,Intramural Hoops,Sports pickup team,Noah,2026-04-22T04:40:00.000Z,msg_02171,league dues due Sunday,important,deadline,dues,Generated important Sports pickup team message,75,75,12,87,deadline,97,"{""✅"":1}",deadline.explicit:32; deadline.payment:18; time.weekday:7; deadline.date-context:18
msg_02175,Intramural Hoops,Sports pickup team,Olivia,2026-04-22T04:42:00.000Z,,anyone able to grab snacks?,maybe,request,soft_request,Ambiguous message that may be useful in context,73,73,0,73,request,86,{},request.can-someone:24; logistics.supplies:25; question.intent:10; request.bring-supplies:14
msg_02176,Intramural Hoops,Sports pickup team,Ethan,2026-04-22T04:46:00.000Z,,need bro to retire,noise,noise,noise,"Noise, joke, hype, or vague reply",0,0,3,3,noise,22,"{""💀"":1,""🔥"":1}",
msg_02177,Intramural Hoops,Sports pickup team,Noah,2026-04-22T04:49:00.000Z,,game moved to court 3 at 8,important,announcement,location_change,Generated important Sports pickup team message,92,92,0,92,announcement,100,{},event.social-anchor:12; announcement.change:30; time.explicit:12; event.concrete-time:16; announcement.date-context:14; structure.concrete-details:8
msg_02178,Intramural Hoops,Sports pickup team,Jake,2026-04-22T04:53:00.000Z,,bring white and dark jerseys,important,logistics,equipment,Generated important Sports pickup team message,0,0,8,8,noise,24,"{""👀"":1}",
msg_02179,Intramural Hoops,Sports pickup team,Lena,2026-04-22T04:55:00.000Z,msg_02168,he fell off,noise,noise,noise,"Noise, joke, hype, or vague reply",0,0,6,6,noise,23,"{""😂"":4,""💀"":2,""🔥"":2}",noise.hype-only:-24; noise.vague-short:-12
msg_02180,Intramural Hoops,Sports pickup team,Grace,2026-04-22T04:57:00.000Z,,I can bring cups,maybe,logistics,supply_commitment,Ambiguous message that may be useful in context,35,35,0,35,logistics,58,{},logistics.supplies:25; commitment.availability:22; noise.vague-short:-12
msg_02181,Intramural Hoops,Sports pickup team,Luke,2026-04-22T05:02:00.000Z,,need one more for tipoff,important,request,player_count,Generated important Sports pickup team message,28,28,8,36,request,57,"{""👀"":1}",request.concrete-need:28
msg_02182,Intramural Hoops,Sports pickup team,Nate,2026-04-22T05:04:00.000Z,,where are we meeting?,maybe,plan,meeting_question,Ambiguous message that may be useful in context,50,50,8,58,plan,79,"{""❓"":1}",event.social-anchor:12; plan.leaving-meeting:20; question.intent:10; question.event-context:8
msg_02183,Intramural Hoops,Sports pickup team,Nate,2026-04-22T05:06:00.000Z,,are we still doing the same place?,maybe,question,context_needed,Ambiguous message that may be useful in context,10,10,0,10,noise,25,{},question.intent:10
msg_02184,Intramural Hoops,Sports pickup team,Jake,2026-04-22T05:11:00.000Z,,game moved to court 3 at 8,important,announcement,location_change,Generated important Sports pickup team message,92,92,8,100,announcement,100,"{""👀"":1}",event.social-anchor:12; announcement.change:30; time.explicit:12; event.concrete-time:16; announcement.date-context:14; structure.concrete-details:8
msg_02185,Intramural Hoops,Sports pickup team,Harper,2026-04-22T05:12:00.000Z,,bring drinks if you have any,maybe,logistics,soft_supplies,Ambiguous message that may be useful in context,25,25,8,33,logistics,46,"{""👀"":1,""😂"":1}",logistics.supplies:25
msg_02186,Intramural Hoops,Sports pickup team,Olivia,2026-04-22T05:16:00.000Z,,lol,noise,noise,noise,"Noise, joke, hype, or vague reply",0,0,3,3,noise,22,"{""😂"":1,""🔥"":1}",noise.one-word:-18; noise.laughter:-35; noise.vague-short:-12
msg_02187,Intramural Hoops,Sports pickup team,Jake,2026-04-22T05:18:00.000Z,msg_02169,practice cancelled tonight,important,announcement,cancellation,Generated important Sports pickup team message,52,52,8,60,announcement,81,"{""👀"":1}",announcement.change:30; time.relative:8; announcement.date-context:14
msg_02188,Intramural Hoops,Sports pickup team,Olivia,2026-04-22T05:22:00.000Z,,can someone tell Tyler to chill,noise,noise,noise,"Noise, joke, hype, or vague reply",10,10,0,10,noise,25,"{""💀"":1,""😂"":1}",question.intent:10
msg_02189,Intramural Hoops,Sports pickup team,Lena,2026-04-22T05:25:00.000Z,,might go downtown later,maybe,noise,vague_plan,Ambiguous message that may be useful in context,12,12,8,20,noise,30,"{""❓"":1}",event.social-anchor:12
msg_02190,Intramural Hoops,Sports pickup team,Olivia,2026-04-22T05:28:00.000Z,msg_02184,tomorrow gonna be wild,noise,noise,noise,"Noise, joke, hype, or vague reply",8,8,0,8,noise,24,{},time.relative:8
msg_02191,Intramural Hoops,Sports pickup team,Sam,2026-04-22T05:30:00.000Z,,I can drive after 10,maybe,logistics,availability,Ambiguous message that may be useful in context,42,42,0,42,logistics,60,{},logistics.transport:20; commitment.availability:22
msg_02192,Intramural Hoops,Sports pickup team,Zoe,2026-04-22T05:34:00.000Z,,need one more for tipoff,important,request,player_count,Generated important Sports pickup team message,28,28,18,46,request,57,"{""✅"":1,""👀"":1,""❓"":1}",request.concrete-need:28
msg_02193,Intramural Hoops,Sports pickup team,Zoe,2026-04-22T05:37:00.000Z,,I can drive after 10,maybe,logistics,availability,Ambiguous message that may be useful in context,42,42,8,50,logistics,60,"{""❓"":1}",logistics.transport:20; commitment.availability:22
msg_02194,Intramural Hoops,Sports pickup team,Jake,2026-04-22T05:41:00.000Z,,bring white and dark jerseys,important,logistics,equipment,Generated important Sports pickup team message,0,0,8,8,noise,24,"{""👀"":1}",
msg_02195,Intramural Hoops,Sports pickup team,Lena,2026-04-22T05:42:00.000Z,,what time is tailgate again,maybe,question,event_question,Ambiguous message that may be useful in context,30,30,16,46,question,64,"{""❓"":1,""👀"":1}",event.social-anchor:12; question.intent:10; question.event-context:8
msg_02196,Intramural Hoops,Sports pickup team,Zoe,2026-04-22T05:47:00.000Z,,why is bro like this?,noise,noise,noise,"Noise, joke, hype, or vague reply",10,10,0,10,noise,25,{},question.intent:10
msg_02197,Intramural Hoops,Sports pickup team,Ethan,2026-04-22T05:48:00.000Z,,🔥🔥🔥,noise,noise,noise,"Noise, joke, hype, or vague reply",0,0,3,3,noise,22,"{""🔥"":1}",noise.one-word:-18; noise.emoji-only:-35; noise.vague-short:-12
msg_02198,Intramural Hoops,Sports pickup team,Mia,2026-04-22T05:53:00.000Z,,fire,noise,noise,noise,"Noise, joke, hype, or vague reply",0,0,0,0,noise,20,{},noise.one-word:-18; noise.casual-reply:-28; noise.vague-short:-12
msg_02199,Intramural Hoops,Sports pickup team,Ethan,2026-04-22T05:55:00.000Z,msg_02166,are we still doing the same place?,maybe,question,context_needed,Ambiguous message that may be useful in context,10,10,0,10,noise,25,{},question.intent:10
msg_02200,Intramural Hoops,Sports pickup team,Luke,2026-04-22T05:57:00.000Z,,I can bring cups,maybe,logistics,supply_commitment,Ambiguous message that may be useful in context,35,35,0,35,logistics,58,{},logistics.supplies:25; commitment.availability:22; noise.vague-short:-12
msg_02201,Intramural Hoops,Sports pickup team,Quinn,2026-04-22T06:01:00.000Z,,pregame at the house?,maybe,question,event_question,Ambiguous message that may be useful in context,30,30,12,42,question,64,"{""✅"":1,""😂"":1}",event.social-anchor:12; question.intent:10; question.event-context:8
msg_02202,Intramural Hoops,Sports pickup team,Marcus,2026-04-22T06:04:00.000Z,,need bro to retire,noise,noise,noise,"Noise, joke, hype, or vague reply",0,0,8,8,noise,24,"{""🔥"":3}",
msg_02203,Intramural Hoops,Sports pickup team,Olivia,2026-04-22T06:06:00.000Z,,might go downtown later,maybe,noise,vague_plan,Ambiguous message that may be useful in context,12,12,8,20,noise,30,"{""👀"":1}",event.social-anchor:12
msg_02204,Intramural Hoops,Sports pickup team,Nate,2026-04-22T06:10:00.000Z,,need one more for tipoff,important,request,player_count,Generated important Sports pickup team message,28,28,18,46,request,57,"{""📌"":1}",request.concrete-need:28
msg_02205,Intramural Hoops,Sports pickup team,Jake,2026-04-22T06:14:00.000Z,,I could drive tomorrow,maybe,logistics,availability,Ambiguous message that may be useful in context,50,50,8,58,logistics,71,"{""❓"":1}",logistics.transport:20; commitment.availability:22; time.relative:8
msg_02206,Intramural Hoops,Sports pickup team,Grace,2026-04-22T06:17:00.000Z,,real,noise,noise,noise,"Noise, joke, hype, or vague reply",0,0,0,0,noise,20,{},noise.one-word:-18; noise.casual-reply:-28; noise.vague-short:-12
msg_02207,Intramural Hoops,Sports pickup team,Olivia,2026-04-22T06:18:00.000Z,,need one more for tipoff,important,request,player_count,Generated important Sports pickup team message,28,28,8,36,request,57,"{""❓"":1}",request.concrete-need:28
msg_02208,Intramural Hoops,Sports pickup team,Mia,2026-04-22T06:22:00.000Z,msg_02165,what time are y'all leaving?,maybe,plan,departure_question,Ambiguous message that may be useful in context,30,30,8,38,plan,56,"{""❓"":1}",plan.leaving-meeting:20; question.intent:10
msg_02209,Intramural Hoops,Sports pickup team,Logan,2026-04-22T06:24:00.000Z,,need bro to retire,noise,noise,noise,"Noise, joke, hype, or vague reply",0,0,3,3,noise,22,"{""🔥"":1,""💀"":1}",
msg_02210,Intramural Hoops,Sports pickup team,Ethan,2026-04-22T06:28:00.000Z,,🔥🔥🔥,noise,noise,noise,"Noise, joke, hype, or vague reply",0,0,0,0,noise,20,{},noise.one-word:-18; noise.emoji-only:-35; noise.vague-short:-12
msg_02211,Intramural Hoops,Sports pickup team,Logan,2026-04-22T06:30:00.000Z,,who let him cook?,noise,noise,noise,"Noise, joke, hype, or vague reply",0,0,0,0,noise,20,{},question.intent:10; noise.vague-short:-12
msg_02212,Intramural Hoops,Sports pickup team,Logan,2026-04-22T06:34:00.000Z,,rush hour traffic sucks,noise,noise,noise,"Noise, joke, hype, or vague reply",12,12,3,15,noise,28,"{""💀"":4,""😂"":1,""🔥"":1}",event.social-anchor:12
msg_02213,Intramural Hoops,Sports pickup team,Marcus,2026-04-22T06:37:00.000Z,msg_02195,where are we meeting?,maybe,plan,meeting_question,Ambiguous message that may be useful in context,50,50,8,58,plan,79,"{""👀"":1}",event.social-anchor:12; plan.leaving-meeting:20; question.intent:10; question.event-context:8
msg_02214,Intramural Hoops,Sports pickup team,Nate,2026-04-22T06:41:00.000Z,msg_02213,that was crazy,noise,noise,noise,"Noise, joke, hype, or vague reply",0,0,8,8,noise,24,"{""🔥"":3,""😂"":2}",noise.hype-only:-24; noise.vague-short:-12
msg_02215,Intramural Hoops,Sports pickup team,Marcus,2026-04-22T06:42:00.000Z,,skull,noise,noise,noise,"Noise, joke, hype, or vague reply",0,0,8,8,noise,24,"{""😂"":1,""🔥"":3}",noise.one-word:-18; noise.casual-reply:-28; noise.vague-short:-12
msg_02216,Intramural Hoops,Sports pickup team,Marcus,2026-04-22T06:45:00.000Z,,pregame at the house?,maybe,question,event_question,Ambiguous message that may be useful in context,30,30,8,38,question,64,"{""👀"":1}",event.social-anchor:12; question.intent:10; question.event-context:8
msg_02217,Intramural Hoops,Sports pickup team,Nate,2026-04-22T06:49:00.000Z,,real,noise,noise,noise,"Noise, joke, hype, or vague reply",0,0,0,0,noise,20,{},noise.one-word:-18; noise.casual-reply:-28; noise.vague-short:-12
msg_02218,Intramural Hoops,Sports pickup team,Quinn,2026-04-22T06:51:00.000Z,,can someone tell Tyler to chill,noise,noise,noise,"Noise, joke, hype, or vague reply",10,10,3,13,noise,27,"{""😂"":1,""🔥"":1,""💀"":2}",question.intent:10
msg_02219,Intramural Hoops,Sports pickup team,Noah,2026-04-22T06:56:00.000Z,,who let him cook?,noise,noise,noise,"Noise, joke, hype, or vague reply",0,0,0,0,noise,20,"{""😂"":1}",question.intent:10; noise.vague-short:-12
msg_02220,Intramural Hoops,Sports pickup team,Ethan,2026-04-22T06:57:00.000Z,,what time are y'all leaving?,maybe,plan,departure_question,Ambiguous message that may be useful in context,30,30,0,30,plan,56,{},plan.leaving-meeting:20; question.intent:10
msg_02221,Intramural Hoops,Sports pickup team,Lena,2026-04-22T07:02:00.000Z,,deadline for being washed is tonight,noise,noise,noise,"Noise, joke, hype, or vague reply",58,58,0,58,deadline,83,{},deadline.explicit:32; time.relative:8; deadline.date-context:18
msg_02222,Intramural Hoops,Sports pickup team,Zoe,2026-04-22T07:04:00.000Z,,anyone going out tonight?,maybe,plan,loose_plan,Ambiguous message that may be useful in context,38,38,8,46,plan,67,"{""👀"":1}",plan.whos-going:20; time.relative:8; question.intent:10
msg_02223,Intramural Hoops,Sports pickup team,Marcus,2026-04-22T07:08:00.000Z,,😭😭😭,noise,noise,noise,"Noise, joke, hype, or vague reply",0,0,0,0,noise,20,{},noise.one-word:-18; noise.emoji-only:-35; noise.vague-short:-12
msg_02224,Intramural Hoops,Sports pickup team,Logan,2026-04-22T07:09:00.000Z,msg_02203,where we at,noise,noise,noise,"Noise, joke, hype, or vague reply",0,0,0,0,noise,20,{},question.intent:10; noise.vague-short:-12
msg_02225,Intramural Hoops,Sports pickup team,Grace,2026-04-22T07:13:00.000Z,msg_02201,bring drinks if you have any,maybe,logistics,soft_supplies,Ambiguous message that may be useful in context,25,25,8,33,logistics,46,"{""❓"":1}",logistics.supplies:25
msg_02226,Intramural Hoops,Sports pickup team,Sam,2026-04-22T07:15:00.000Z,,deadline for being washed is tonight,noise,noise,noise,"Noise, joke, hype, or vague reply",58,58,0,58,deadline,83,{},deadline.explicit:32; time.relative:8; deadline.date-context:18
msg_02227,Intramural Hoops,Sports pickup team,Jake,2026-04-22T07:19:00.000Z,,who all is going Friday?,maybe,plan,attendance_question,Ambiguous message that may be useful in context,37,37,0,37,plan,66,{},plan.whos-going:20; time.weekday:7; question.intent:10
msg_02228,Intramural Hoops,Sports pickup team,Grace,2026-04-22T07:23:00.000Z,msg_02190,practice cancelled tonight,important,announcement,cancellation,Generated important Sports pickup team message,52,52,18,70,announcement,81,"{""📌"":1}",announcement.change:30; time.relative:8; announcement.date-context:14
msg_02229,Intramural Hoops,Sports pickup team,Jake,2026-04-22T07:26:00.000Z,,game moved to court 3 at 8,important,announcement,location_change,Generated important Sports pickup team message,92,92,20,100,announcement,100,"{""✅"":1,""👀"":1}",event.social-anchor:12; announcement.change:30; time.explicit:12; event.concrete-time:16; announcement.date-context:14; structure.concrete-details:8
msg_02230,Intramural Hoops,Sports pickup team,Ethan,2026-04-22T07:28:00.000Z,,no shot,noise,noise,noise,"Noise, joke, hype, or vague reply",0,0,0,0,noise,20,{},noise.hype-only:-24; noise.vague-short:-12
msg_02231,Intramural Hoops,Sports pickup team,Ethan,2026-04-22T07:31:00.000Z,,formal apology incoming,noise,noise,noise,"Noise, joke, hype, or vague reply",12,12,0,12,noise,26,{},event.social-anchor:12
msg_02232,Intramural Hoops,Sports pickup team,Nate,2026-04-22T07:35:00.000Z,,deadline for being washed is tonight,noise,noise,noise,"Noise, joke, hype, or vague reply",58,58,3,61,deadline,83,"{""🔥"":1}",deadline.explicit:32; time.relative:8; deadline.date-context:18
msg_02233,Intramural Hoops,Sports pickup team,Quinn,2026-04-22T07:37:00.000Z,,W,noise,noise,noise,"Noise, joke, hype, or vague reply",0,0,0,0,noise,20,{},noise.one-word:-18; noise.casual-reply:-28; noise.vague-short:-12
msg_02234,Intramural Hoops,Sports pickup team,Zoe,2026-04-22T07:40:00.000Z,,he fell off,noise,noise,noise,"Noise, joke, hype, or vague reply",0,0,0,0,noise,20,{},noise.hype-only:-24; noise.vague-short:-12
msg_02235,Intramural Hoops,Sports pickup team,Quinn,2026-04-22T07:43:00.000Z,,bring white and dark jerseys,important,logistics,equipment,Generated important Sports pickup team message,0,0,8,8,noise,24,"{""✅"":1}",
msg_02236,Intramural Hoops,Sports pickup team,Quinn,2026-04-22T07:45:00.000Z,,W,noise,noise,noise,"Noise, joke, hype, or vague reply",0,0,0,0,noise,20,{},noise.one-word:-18; noise.casual-reply:-28; noise.vague-short:-12
msg_02237,Intramural Hoops,Sports pickup team,Logan,2026-04-22T07:48:00.000Z,,I could drive tomorrow,maybe,logistics,availability,Ambiguous message that may be useful in context,50,50,8,58,logistics,71,"{""❓"":1}",logistics.transport:20; commitment.availability:22; time.relative:8
msg_02238,Intramural Hoops,Sports pickup team,Noah,2026-04-22T07:53:00.000Z,,nah,noise,noise,noise,"Noise, joke, hype, or vague reply",0,0,0,0,noise,20,"{""😂"":1}",noise.one-word:-18; noise.casual-reply:-28; noise.vague-short:-12
msg_02239,Intramural Hoops,Sports pickup team,Sam,2026-04-22T07:55:00.000Z,,practice cancelled tonight,important,announcement,cancellation,Generated important Sports pickup team message,52,52,18,70,announcement,81,"{""📌"":1}",announcement.change:30; time.relative:8; announcement.date-context:14
msg_02240,Intramural Hoops,Sports pickup team,Olivia,2026-04-22T07:58:00.000Z,,need one more for tipoff,important,request,player_count,Generated important Sports pickup team message,28,28,12,40,request,57,"{""✅"":1}",request.concrete-need:28
msg_02241,Intramural Hoops,Sports pickup team,Logan,2026-04-22T08:01:00.000Z,msg_02161,bring white and dark jerseys,important,logistics,equipment,Generated important Sports pickup team message,0,0,8,8,noise,24,"{""👀"":1}",
msg_02242,Intramural Hoops,Sports pickup team,Zoe,2026-04-22T08:04:00.000Z,,who has the speaker?,maybe,question,item_question,Ambiguous message that may be useful in context,10,10,0,10,noise,25,{},question.intent:10
msg_02243,Intramural Hoops,Sports pickup team,Luke,2026-04-22T08:07:00.000Z,,what time are y'all leaving?,maybe,plan,departure_question,Ambiguous message that may be useful in context,30,30,0,30,plan,56,{},plan.leaving-meeting:20; question.intent:10
msg_02244,Intramural Hoops,Sports pickup team,Lena,2026-04-22T08:11:00.000Z,,🔥🔥🔥,noise,noise,noise,"Noise, joke, hype, or vague reply",0,0,0,0,noise,20,{},noise.one-word:-18; noise.emoji-only:-35; noise.vague-short:-12
msg_02245,Intramural Hoops,Sports pickup team,Nate,2026-04-22T08:12:00.000Z,,nah,noise,noise,noise,"Noise, joke, hype, or vague reply",0,0,0,0,noise,20,"{""💀"":1}",noise.one-word:-18; noise.casual-reply:-28; noise.vague-short:-12
msg_02246,Intramural Hoops,Sports pickup team,Mia,2026-04-22T08:17:00.000Z,,anyone going out tonight?,maybe,plan,loose_plan,Ambiguous message that may be useful in context,38,38,0,38,plan,67,{},plan.whos-going:20; time.relative:8; question.intent:10
msg_02247,Intramural Hoops,Sports pickup team,Noah,2026-04-22T08:20:00.000Z,,practice cancelled tn,important,announcement,cancellation,Generated important Sports pickup team message,30,30,8,38,announcement,48,"{""👀"":1}",announcement.change:30
msg_02248,Intramural Hoops,Sports pickup team,Logan,2026-04-22T08:21:00.000Z,,what time are y'all leaving?,maybe,plan,departure_question,Ambiguous message that may be useful in context,30,30,0,30,plan,56,{},plan.leaving-meeting:20; question.intent:10
msg_02249,Intramural Hoops,Sports pickup team,Nate,2026-04-22T08:26:00.000Z,,league dues due Sunday,important,deadline,dues,Generated important Sports pickup team message,75,75,20,95,deadline,97,"{""✅"":1,""👀"":1}",deadline.explicit:32; deadline.payment:18; time.weekday:7; deadline.date-context:18
msg_02250,Intramural Hoops,Sports pickup team,Luke,2026-04-22T08:27:00.000Z,,practice cancelled tonight,important,announcement,cancellation,Generated important Sports pickup team message,52,52,8,60,announcement,81,"{""👀"":1}",announcement.change:30; time.relative:8; announcement.date-context:14
msg_02251,Intramural Hoops,Sports pickup team,Zoe,2026-04-22T08:31:00.000Z,,league dues due Sunday,important,deadline,dues,Generated important Sports pickup team message,75,75,12,87,deadline,97,"{""✅"":1}",deadline.explicit:32; deadline.payment:18; time.weekday:7; deadline.date-context:18
msg_02252,Intramural Hoops,Sports pickup team,Quinn,2026-04-22T08:34:00.000Z,,bring white and dark jerseys,important,logistics,equipment,Generated important Sports pickup team message,0,0,8,8,noise,24,"{""✅"":1,""👀"":1}",
msg_02253,Intramural Hoops,Sports pickup team,Harper,2026-04-22T08:38:00.000Z,,why is bro like this?,noise,noise,noise,"Noise, joke, hype, or vague reply",10,10,0,10,noise,25,{},question.intent:10
msg_02254,Intramural Hoops,Sports pickup team,Lena,2026-04-22T08:39:00.000Z,,might go downtown later,maybe,noise,vague_plan,Ambiguous message that may be useful in context,12,12,8,20,noise,30,"{""❓"":1}",event.social-anchor:12
msg_02255,Intramural Hoops,Sports pickup team,Quinn,2026-04-22T08:44:00.000Z,,go go go go,noise,noise,noise,"Noise, joke, hype, or vague reply",0,0,0,0,noise,20,{},noise.repeated:-16; noise.vague-short:-12
msg_02256,Intramural Hoops,Sports pickup team,Marcus,2026-04-22T08:46:00.000Z,,who has the speaker?,maybe,question,item_question,Ambiguous message that may be useful in context,10,10,8,18,noise,29,"{""👀"":1}",question.intent:10
msg_02257,Intramural Hoops,Sports pickup team,Lena,2026-04-22T08:50:00.000Z,,????????,noise,noise,noise,"Noise, joke, hype, or vague reply",0,0,0,0,noise,20,{},question.intent:10; noise.one-word:-18; noise.repeated:-16; noise.vague-short:-12
msg_02258,Intramural Hoops,Sports pickup team,Harper,2026-04-22T08:53:00.000Z,,who has the speaker?,maybe,question,item_question,Ambiguous message that may be useful in context,10,10,8,18,noise,29,"{""❓"":1}",question.intent:10
msg_02259,Intramural Hoops,Sports pickup team,Ethan,2026-04-22T08:55:00.000Z,,practice cancelled tn,important,announcement,cancellation,Generated important Sports pickup team message,30,30,12,42,announcement,48,"{""✅"":1}",announcement.change:30
msg_02260,Intramural Hoops,Sports pickup team,Luke,2026-04-22T08:57:00.000Z,,can someone tell Tyler to chill,noise,noise,noise,"Noise, joke, hype, or vague reply",10,10,0,10,noise,25,{},question.intent:10
msg_02261,Intramural Hoops,Sports pickup team,Jake,2026-04-22T09:00:00.000Z,,need bro to retire,noise,noise,noise,"Noise, joke, hype, or vague reply",0,0,8,8,noise,24,"{""😂"":4,""🔥"":3,""💀"":1}",
msg_02262,Intramural Hoops,Sports pickup team,Luke,2026-04-22T09:03:00.000Z,,what time are y'all leaving?,maybe,plan,departure_question,Ambiguous message that may be useful in context,30,30,0,30,plan,56,{},plan.leaving-meeting:20; question.intent:10
msg_02263,Intramural Hoops,Sports pickup team,Ethan,2026-04-22T09:08:00.000Z,,league dues due Sunday,important,deadline,dues,Generated important Sports pickup team message,75,75,12,87,deadline,97,"{""✅"":1}",deadline.explicit:32; deadline.payment:18; time.weekday:7; deadline.date-context:18
msg_02264,Intramural Hoops,Sports pickup team,Nate,2026-04-22T09:09:00.000Z,,are we still doing the same place?,maybe,question,context_needed,Ambiguous message that may be useful in context,10,10,0,10,noise,25,{},question.intent:10
msg_02265,Intramural Hoops,Sports pickup team,Nate,2026-04-22T09:14:00.000Z,msg_02218,anyone going out tonight?,maybe,plan,loose_plan,Ambiguous message that may be useful in context,38,38,0,38,plan,67,"{""😂"":1}",plan.whos-going:20; time.relative:8; question.intent:10
msg_02266,Intramural Hoops,Sports pickup team,Mia,2026-04-22T09:17:00.000Z,,where we at,noise,noise,noise,"Noise, joke, hype, or vague reply",0,0,0,0,noise,20,{},question.intent:10; noise.vague-short:-12
msg_02267,Intramural Hoops,Sports pickup team,Mia,2026-04-22T09:18:00.000Z,,need one more for tipoff,important,request,player_count,Generated important Sports pickup team message,28,28,8,36,request,57,"{""👀"":1}",request.concrete-need:28
msg_02268,Intramural Hoops,Sports pickup team,Marcus,2026-04-22T09:23:00.000Z,,anyone going out tonight?,maybe,plan,loose_plan,Ambiguous message that may be useful in context,38,38,8,46,plan,67,"{""❓"":1,""😂"":1}",plan.whos-going:20; time.relative:8; question.intent:10
msg_02269,Intramural Hoops,Sports pickup team,Nate,2026-04-22T09:25:00.000Z,,bro,noise,noise,noise,"Noise, joke, hype, or vague reply",0,0,0,0,noise,20,"{""😂"":2}",noise.one-word:-18; noise.casual-reply:-28; noise.vague-short:-12
msg_02270,Intramural Hoops,Sports pickup team,Olivia,2026-04-22T09:28:00.000Z,,need one more for tipoff,important,request,player_count,Generated important Sports pickup team message,28,28,18,46,request,57,"{""👀"":1,""📌"":1,""❓"":1}",request.concrete-need:28
msg_02271,Intramural Hoops,Sports pickup team,Olivia,2026-04-22T09:32:00.000Z,,real,noise,noise,noise,"Noise, joke, hype, or vague reply",0,0,0,0,noise,20,{},noise.one-word:-18; noise.casual-reply:-28; noise.vague-short:-12
msg_02272,Intramural Hoops,Sports pickup team,Logan,2026-04-22T09:35:00.000Z,,deadline for being washed is tonight,noise,noise,noise,"Noise, joke, hype, or vague reply",58,58,0,58,deadline,83,{},deadline.explicit:32; time.relative:8; deadline.date-context:18
msg_02273,Intramural Hoops,Sports pickup team,Olivia,2026-04-22T09:37:00.000Z,,Friday was insane,noise,noise,noise,"Noise, joke, hype, or vague reply",7,7,0,7,noise,24,{},time.weekday:7
msg_02274,Intramural Hoops,Sports pickup team,Jake,2026-04-22T09:40:00.000Z,,I can drive after 10,maybe,logistics,availability,Ambiguous message that may be useful in context,42,42,8,50,logistics,60,"{""👀"":1}",logistics.transport:20; commitment.availability:22
msg_02275,Intramural Hoops,Sports pickup team,Luke,2026-04-22T09:42:00.000Z,,where we at,noise,noise,noise,"Noise, joke, hype, or vague reply",0,0,0,0,noise,20,{},question.intent:10; noise.vague-short:-12
msg_02276,Intramural Hoops,Sports pickup team,Lena,2026-04-22T09:45:00.000Z,msg_02189,need one more for tipoff,important,request,player_count,Generated important Sports pickup team message,28,28,18,46,request,57,"{""✅"":1,""❓"":1}",request.concrete-need:28
msg_02277,Intramural Hoops,Sports pickup team,Ethan,2026-04-22T09:49:00.000Z,msg_02174,what time are y'all leaving?,maybe,plan,departure_question,Ambiguous message that may be useful in context,30,30,0,30,plan,56,{},plan.leaving-meeting:20; question.intent:10
msg_02278,Intramural Hoops,Sports pickup team,Luke,2026-04-22T09:51:00.000Z,,yo,noise,noise,noise,"Noise, joke, hype, or vague reply",0,0,0,0,noise,20,{},noise.one-word:-18; noise.casual-reply:-28; noise.vague-short:-12
msg_02279,Intramural Hoops,Sports pickup team,Logan,2026-04-22T09:54:00.000Z,,game moved to court 3 at 8,important,announcement,location_change,Generated important Sports pickup team message,92,92,8,100,announcement,100,"{""👀"":1}",event.social-anchor:12; announcement.change:30; time.explicit:12; event.concrete-time:16; announcement.date-context:14; structure.concrete-details:8
msg_02280,Intramural Hoops,Sports pickup team,Mia,2026-04-22T09:58:00.000Z,,league dues due Sunday,important,deadline,dues,Generated important Sports pickup team message,75,75,8,83,deadline,97,"{""👀"":1}",deadline.explicit:32; deadline.payment:18; time.weekday:7; deadline.date-context:18
msg_02281,Intramural Hoops,Sports pickup team,Ethan,2026-04-22T10:02:00.000Z,,practice cancelled tn,important,announcement,cancellation,Generated important Sports pickup team message,30,30,8,38,announcement,48,"{""👀"":1}",announcement.change:30
msg_02282,Intramural Hoops,Sports pickup team,Nate,2026-04-22T10:03:00.000Z,,where are we meeting?,maybe,plan,meeting_question,Ambiguous message that may be useful in context,50,50,8,58,plan,79,"{""❓"":1}",event.social-anchor:12; plan.leaving-meeting:20; question.intent:10; question.event-context:8
msg_02283,Intramural Hoops,Sports pickup team,Noah,2026-04-22T10:08:00.000Z,msg_02196,nah,noise,noise,noise,"Noise, joke, hype, or vague reply",0,0,6,6,noise,23,"{""🔥"":2,""😂"":1}",noise.one-word:-18; noise.casual-reply:-28; noise.vague-short:-12
msg_02284,Intramural Hoops,Sports pickup team,Olivia,2026-04-22T10:09:00.000Z,,game moved to court 3 at 8,important,announcement,location_change,Generated important Sports pickup team message,92,92,8,100,announcement,100,"{""👀"":1}",event.social-anchor:12; announcement.change:30; time.explicit:12; event.concrete-time:16; announcement.date-context:14; structure.concrete-details:8
msg_02285,Intramural Hoops,Sports pickup team,Quinn,2026-04-22T10:13:00.000Z,,are we still doing the same place?,maybe,question,context_needed,Ambiguous message that may be useful in context,10,10,0,10,noise,25,"{""😂"":1}",question.intent:10
msg_02286,Intramural Hoops,Sports pickup team,Noah,2026-04-22T10:16:00.000Z,msg_02222,league dues due Sunday,important,deadline,dues,Generated important Sports pickup team message,75,75,12,87,deadline,97,"{""✅"":1}",deadline.explicit:32; deadline.payment:18; time.weekday:7; deadline.date-context:18
msg_02287,Intramural Hoops,Sports pickup team,Olivia,2026-04-22T10:20:00.000Z,msg_02226,might go downtown later,maybe,noise,vague_plan,Ambiguous message that may be useful in context,12,12,0,12,noise,26,{},event.social-anchor:12
msg_02288,Intramural Hoops,Sports pickup team,Ethan,2026-04-22T10:23:00.000Z,,lol,noise,noise,noise,"Noise, joke, hype, or vague reply",0,0,0,0,noise,20,{},noise.one-word:-18; noise.laughter:-35; noise.vague-short:-12
msg_02289,Intramural Hoops,Sports pickup team,Jake,2026-04-22T10:25:00.000Z,,rush hour traffic sucks,noise,noise,noise,"Noise, joke, hype, or vague reply",12,12,8,20,noise,30,"{""💀"":2,""😂"":1,""🔥"":3}",event.social-anchor:12
msg_02290,Intramural Hoops,Sports pickup team,Mia,2026-04-22T10:29:00.000Z,,might go downtown later,maybe,noise,vague_plan,Ambiguous message that may be useful in context,12,12,0,12,noise,26,{},event.social-anchor:12
msg_02291,Intramural Hoops,Sports pickup team,Zoe,2026-04-22T10:32:00.000Z,,pregame at the house?,maybe,question,event_question,Ambiguous message that may be useful in context,30,30,18,48,question,64,"{""❓"":1,""👀"":1,""✅"":1}",event.social-anchor:12; question.intent:10; question.event-context:8
msg_02292,Intramural Hoops,Sports pickup team,Noah,2026-04-22T10:34:00.000Z,msg_02267,need one more for tipoff,important,request,player_count,Generated important Sports pickup team message,28,28,18,46,request,57,"{""✅"":1,""📌"":1}",request.concrete-need:28
msg_02293,Intramural Hoops,Sports pickup team,Nate,2026-04-22T10:36:00.000Z,msg_02254,yo,noise,noise,noise,"Noise, joke, hype, or vague reply",0,0,0,0,noise,20,{},noise.one-word:-18; noise.casual-reply:-28; noise.vague-short:-12
msg_02294,Intramural Hoops,Sports pickup team,Luke,2026-04-22T10:41:00.000Z,,meeting my downfall rn,noise,noise,noise,"Noise, joke, hype, or vague reply",12,12,0,12,noise,26,{},event.social-anchor:12
msg_02295,Intramural Hoops,Sports pickup team,Luke,2026-04-22T10:42:00.000Z,,bring white and dark jerseys,important,logistics,equipment,Generated important Sports pickup team message,0,0,8,8,noise,24,"{""✅"":1}",
msg_02296,Intramural Hoops,Sports pickup team,Zoe,2026-04-22T10:45:00.000Z,,absolute cinema,noise,noise,noise,"Noise, joke, hype, or vague reply",0,0,0,0,noise,20,{},noise.hype-only:-24; noise.vague-short:-12
msg_02297,Intramural Hoops,Sports pickup team,Ethan,2026-04-22T10:48:00.000Z,,what time is tailgate again,maybe,question,event_question,Ambiguous message that may be useful in context,30,30,0,30,question,64,"{""😂"":1}",event.social-anchor:12; question.intent:10; question.event-context:8
msg_02298,Intramural Hoops,Sports pickup team,Zoe,2026-04-22T10:52:00.000Z,,league dues due Sunday,important,deadline,dues,Generated important Sports pickup team message,75,75,0,75,deadline,97,{},deadline.explicit:32; deadline.payment:18; time.weekday:7; deadline.date-context:18
msg_02299,Intramural Hoops,Sports pickup team,Jake,2026-04-22T10:56:00.000Z,,league dues due Sunday,important,deadline,dues,Generated important Sports pickup team message,75,75,12,87,deadline,97,"{""✅"":1}",deadline.explicit:32; deadline.payment:18; time.weekday:7; deadline.date-context:18
msg_02300,Intramural Hoops,Sports pickup team,Mia,2026-04-22T10:57:00.000Z,,😭😭😭,noise,noise,noise,"Noise, joke, hype, or vague reply",0,0,3,3,noise,22,"{""🔥"":1}",noise.one-word:-18; noise.emoji-only:-35; noise.vague-short:-12
msg_02301,Intramural Hoops,Sports pickup team,Mia,2026-04-22T11:01:00.000Z,,skull,noise,noise,noise,"Noise, joke, hype, or vague reply",0,0,0,0,noise,20,{},noise.one-word:-18; noise.casual-reply:-28; noise.vague-short:-12
msg_02302,Intramural Hoops,Sports pickup team,Mia,2026-04-22T11:04:00.000Z,,are we still doing the same place?,maybe,question,context_needed,Ambiguous message that may be useful in context,10,10,0,10,noise,25,{},question.intent:10
msg_02303,Intramural Hoops,Sports pickup team,Nate,2026-04-22T11:06:00.000Z,,league dues due Sunday,important,deadline,dues,Generated important Sports pickup team message,75,75,8,83,deadline,97,"{""👀"":1}",deadline.explicit:32; deadline.payment:18; time.weekday:7; deadline.date-context:18
msg_02304,Intramural Hoops,Sports pickup team,Olivia,2026-04-22T11:10:00.000Z,,bring white and dark jerseys,important,logistics,equipment,Generated important Sports pickup team message,0,0,8,8,noise,24,"{""✅"":1}",
msg_02305,Intramural Hoops,Sports pickup team,Noah,2026-04-22T11:12:00.000Z,,bring white and dark jerseys,important,logistics,equipment,Generated important Sports pickup team message,0,0,8,8,noise,24,"{""👀"":1}",
msg_02306,Intramural Hoops,Sports pickup team,Lena,2026-04-22T11:17:00.000Z,,W,noise,noise,noise,"Noise, joke, hype, or vague reply",0,0,0,0,noise,20,{},noise.one-word:-18; noise.casual-reply:-28; noise.vague-short:-12
msg_02307,Intramural Hoops,Sports pickup team,Noah,2026-04-22T11:20:00.000Z,,party animal,noise,noise,noise,"Noise, joke, hype, or vague reply",0,0,0,0,noise,20,{},event.social-anchor:12; noise.vague-short:-12
msg_02308,Intramural Hoops,Sports pickup team,Noah,2026-04-22T11:23:00.000Z,,need bro to retire,noise,noise,noise,"Noise, joke, hype, or vague reply",0,0,0,0,noise,20,{},
msg_02309,Intramural Hoops,Sports pickup team,Ethan,2026-04-22T11:26:00.000Z,,need one more for tipoff,important,request,player_count,Generated important Sports pickup team message,28,28,0,28,request,57,{},request.concrete-need:28
msg_02310,Intramural Hoops,Sports pickup team,Lena,2026-04-22T11:28:00.000Z,,where are we meeting?,maybe,plan,meeting_question,Ambiguous message that may be useful in context,50,50,0,50,plan,79,{},event.social-anchor:12; plan.leaving-meeting:20; question.intent:10; question.event-context:8
msg_02311,Intramural Hoops,Sports pickup team,Ethan,2026-04-22T11:30:00.000Z,,real,noise,noise,noise,"Noise, joke, hype, or vague reply",0,0,0,0,noise,20,{},noise.one-word:-18; noise.casual-reply:-28; noise.vague-short:-12
msg_02312,Intramural Hoops,Sports pickup team,Grace,2026-04-22T11:34:00.000Z,msg_02267,game moved to court 3 at 8,important,announcement,location_change,Generated important Sports pickup team message,92,92,8,100,announcement,100,"{""👀"":1}",event.social-anchor:12; announcement.change:30; time.explicit:12; event.concrete-time:16; announcement.date-context:14; structure.concrete-details:8
msg_02313,Intramural Hoops,Sports pickup team,Noah,2026-04-22T11:38:00.000Z,,I could drive tomorrow,maybe,logistics,availability,Ambiguous message that may be useful in context,50,50,0,50,logistics,71,{},logistics.transport:20; commitment.availability:22; time.relative:8
msg_02314,Intramural Hoops,Sports pickup team,Nate,2026-04-22T11:41:00.000Z,,I could drive tomorrow,maybe,logistics,availability,Ambiguous message that may be useful in context,50,50,8,58,logistics,71,"{""❓"":1}",logistics.transport:20; commitment.availability:22; time.relative:8
msg_02315,Intramural Hoops,Sports pickup team,Zoe,2026-04-22T11:42:00.000Z,,who has the speaker?,maybe,question,item_question,Ambiguous message that may be useful in context,10,10,8,18,noise,29,"{""❓"":1}",question.intent:10
msg_02316,Intramural Hoops,Sports pickup team,Noah,2026-04-22T11:45:00.000Z,,meeting my downfall rn,noise,noise,noise,"Noise, joke, hype, or vague reply",12,12,0,12,noise,26,"{""😂"":1}",event.social-anchor:12
msg_02317,Intramural Hoops,Sports pickup team,Harper,2026-04-22T11:48:00.000Z,,meeting my downfall rn,noise,noise,noise,"Noise, joke, hype, or vague reply",12,12,3,15,noise,28,"{""🔥"":1}",event.social-anchor:12
msg_02318,Intramural Hoops,Sports pickup team,Olivia,2026-04-22T11:52:00.000Z,,who has the speaker?,maybe,question,item_question,Ambiguous message that may be useful in context,10,10,0,10,noise,25,{},question.intent:10
msg_02319,Intramural Hoops,Sports pickup team,Noah,2026-04-22T11:56:00.000Z,,party animal,noise,noise,noise,"Noise, joke, hype, or vague reply",0,0,0,0,noise,20,{},event.social-anchor:12; noise.vague-short:-12
msg_02320,Intramural Hoops,Sports pickup team,Zoe,2026-04-22T11:57:00.000Z,,bro said formal like he owns the place,noise,noise,noise,"Noise, joke, hype, or vague reply",12,12,8,20,noise,30,"{""😂"":2,""🔥"":3,""💀"":2}",event.social-anchor:12
msg_02321,Intramural Hoops,Sports pickup team,Lena,2026-04-22T12:02:00.000Z,,who let him cook?,noise,noise,noise,"Noise, joke, hype, or vague reply",0,0,0,0,noise,20,{},question.intent:10; noise.vague-short:-12
msg_02322,Intramural Hoops,Sports pickup team,Quinn,2026-04-22T12:03:00.000Z,,where we at,noise,noise,noise,"Noise, joke, hype, or vague reply",0,0,0,0,noise,20,{},question.intent:10; noise.vague-short:-12
msg_02323,Intramural Hoops,Sports pickup team,Sam,2026-04-22T12:07:00.000Z,msg_02294,who all is going Friday?,maybe,plan,attendance_question,Ambiguous message that may be useful in context,37,37,0,37,plan,66,"{""😂"":1}",plan.whos-going:20; time.weekday:7; question.intent:10
msg_02324,Intramural Hoops,Sports pickup team,Ethan,2026-04-22T12:09:00.000Z,,game moved to court 3 at 8,important,announcement,location_change,Generated important Sports pickup team message,92,92,12,100,announcement,100,"{""✅"":1}",event.social-anchor:12; announcement.change:30; time.explicit:12; event.concrete-time:16; announcement.date-context:14; structure.concrete-details:8
msg_02325,Intramural Hoops,Sports pickup team,Luke,2026-04-22T12:13:00.000Z,,I could drive tomorrow,maybe,logistics,availability,Ambiguous message that may be useful in context,50,50,8,58,logistics,71,"{""❓"":1}",logistics.transport:20; commitment.availability:22; time.relative:8
msg_02326,Intramural Hoops,Sports pickup team,Jake,2026-04-22T12:16:00.000Z,,😭😭😭,noise,noise,noise,"Noise, joke, hype, or vague reply",0,0,0,0,noise,20,{},noise.one-word:-18; noise.emoji-only:-35; noise.vague-short:-12
msg_02327,Intramural Hoops,Sports pickup team,Nate,2026-04-22T12:20:00.000Z,,what time are y'all leaving?,maybe,plan,departure_question,Ambiguous message that may be useful in context,30,30,8,38,plan,56,"{""❓"":1}",plan.leaving-meeting:20; question.intent:10
msg_02328,Intramural Hoops,Sports pickup team,Lena,2026-04-22T12:21:00.000Z,,bro,noise,noise,noise,"Noise, joke, hype, or vague reply",0,0,0,0,noise,20,{},noise.one-word:-18; noise.casual-reply:-28; noise.vague-short:-12
msg_02329,Intramural Hoops,Sports pickup team,Sam,2026-04-22T12:24:00.000Z,msg_02269,game moved to court 3 at 8,important,announcement,location_change,Generated important Sports pickup team message,92,92,0,92,announcement,100,{},event.social-anchor:12; announcement.change:30; time.explicit:12; event.concrete-time:16; announcement.date-context:14; structure.concrete-details:8
msg_02330,Intramural Hoops,Sports pickup team,Zoe,2026-04-22T12:27:00.000Z,msg_02281,game moved to court 3 at 8,important,announcement,location_change,Generated important Sports pickup team message,92,92,8,100,announcement,100,"{""👀"":1}",event.social-anchor:12; announcement.change:30; time.explicit:12; event.concrete-time:16; announcement.date-context:14; structure.concrete-details:8
msg_02331,Intramural Hoops,Sports pickup team,Zoe,2026-04-22T12:32:00.000Z,,game moved to court 3 at 8,important,announcement,location_change,Generated important Sports pickup team message,92,92,8,100,announcement,100,"{""👀"":1}",event.social-anchor:12; announcement.change:30; time.explicit:12; event.concrete-time:16; announcement.date-context:14; structure.concrete-details:8
msg_02332,Intramural Hoops,Sports pickup team,Olivia,2026-04-22T12:34:00.000Z,,I can drive after 10,maybe,logistics,availability,Ambiguous message that may be useful in context,42,42,18,60,logistics,60,"{""👀"":1,""✅"":1}",logistics.transport:20; commitment.availability:22
msg_02333,Intramural Hoops,Sports pickup team,Sam,2026-04-22T12:37:00.000Z,,you had to be there,noise,noise,noise,"Noise, joke, hype, or vague reply",0,0,0,0,noise,20,{},noise.hype-only:-24
msg_02334,Intramural Hoops,Sports pickup team,Quinn,2026-04-22T12:40:00.000Z,msg_02317,who has the speaker?,maybe,question,item_question,Ambiguous message that may be useful in context,10,10,8,18,noise,29,"{""❓"":1,""👀"":1}",question.intent:10
msg_02335,Intramural Hoops,Sports pickup team,Luke,2026-04-22T12:42:00.000Z,,game moved to court 3 at 8,important,announcement,location_change,Generated important Sports pickup team message,92,92,20,100,announcement,100,"{""✅"":1,""👀"":1}",event.social-anchor:12; announcement.change:30; time.explicit:12; event.concrete-time:16; announcement.date-context:14; structure.concrete-details:8
msg_02336,Intramural Hoops,Sports pickup team,Grace,2026-04-22T12:46:00.000Z,,game moved to court 3 at 8,important,announcement,location_change,Generated important Sports pickup team message,92,92,8,100,announcement,100,"{""👀"":1}",event.social-anchor:12; announcement.change:30; time.explicit:12; event.concrete-time:16; announcement.date-context:14; structure.concrete-details:8
msg_02337,Intramural Hoops,Sports pickup team,Zoe,2026-04-22T12:50:00.000Z,,practice cancelled tonight,important,announcement,cancellation,Generated important Sports pickup team message,52,52,18,70,announcement,81,"{""✅"":1,""👀"":1}",announcement.change:30; time.relative:8; announcement.date-context:14
msg_02338,Intramural Hoops,Sports pickup team,Marcus,2026-04-22T12:53:00.000Z,,need bro to retire,noise,noise,noise,"Noise, joke, hype, or vague reply",0,0,0,0,noise,20,{},
msg_02339,Intramural Hoops,Sports pickup team,Jake,2026-04-22T12:55:00.000Z,msg_02333,practice cancelled tonight,important,announcement,cancellation,Generated important Sports pickup team message,52,52,12,64,announcement,81,"{""✅"":1}",announcement.change:30; time.relative:8; announcement.date-context:14
msg_02340,Intramural Hoops,Sports pickup team,Luke,2026-04-22T12:59:00.000Z,,game moved to court 3 at 8,important,announcement,location_change,Generated important Sports pickup team message,92,92,12,100,announcement,100,"{""✅"":1}",event.social-anchor:12; announcement.change:30; time.explicit:12; event.concrete-time:16; announcement.date-context:14; structure.concrete-details:8
msg_02341,House Dinner Crew,Food/social planning chat,Olivia,2026-04-22T13:00:00.000Z,,can someone bring plates,important,request,supplies,Generated important Food/social planning chat message,34,34,0,34,request,57,{},request.can-someone:24; question.intent:10
msg_02342,House Dinner Crew,Food/social planning chat,Mason,2026-04-22T13:03:00.000Z,,I can drive after 10,maybe,logistics,availability,Ambiguous message that may be useful in context,42,42,0,42,logistics,60,{},logistics.transport:20; commitment.availability:22
msg_02343,House Dinner Crew,Food/social planning chat,Olivia,2026-04-22T13:07:00.000Z,,absolute cinema,noise,noise,noise,"Noise, joke, hype, or vague reply",0,0,6,6,noise,23,"{""🔥"":2,""💀"":3,""😂"":3}",noise.hype-only:-24; noise.vague-short:-12
msg_02344,House Dinner Crew,Food/social planning chat,Noah,2026-04-22T13:10:00.000Z,msg_02343,are we still doing the same place?,maybe,question,context_needed,Ambiguous message that may be useful in context,10,10,0,10,noise,25,"{""😂"":1}",question.intent:10
msg_02345,House Dinner Crew,Food/social planning chat,Ethan,2026-04-22T13:13:00.000Z,msg_02341,need bro to retire,noise,noise,noise,"Noise, joke, hype, or vague reply",0,0,6,6,noise,23,"{""🔥"":2,""😂"":1,""💀"":1}",
msg_02346,House Dinner Crew,Food/social planning chat,Harper,2026-04-22T13:15:00.000Z,msg_02342,I could drive tomorrow,maybe,logistics,availability,Ambiguous message that may be useful in context,50,50,8,58,logistics,71,"{""👀"":1}",logistics.transport:20; commitment.availability:22; time.relative:8
msg_02347,House Dinner Crew,Food/social planning chat,Tessa,2026-04-22T13:18:00.000Z,,does anyone have tickets left?,maybe,request,ticket_availability,Ambiguous message that may be useful in context,46,46,0,46,request,69,"{""😂"":1}",deadline.payment:18; request.ticket-availability:18; question.intent:10
msg_02348,House Dinner Crew,Food/social planning chat,Olivia,2026-04-22T13:23:00.000Z,msg_02345,bring drinks if you have any,maybe,logistics,soft_supplies,Ambiguous message that may be useful in context,25,25,0,25,logistics,46,{},logistics.supplies:25
msg_02349,House Dinner Crew,Food/social planning chat,Lena,2026-04-22T13:26:00.000Z,,skull,noise,noise,noise,"Noise, joke, hype, or vague reply",0,0,0,0,noise,20,{},noise.one-word:-18; noise.casual-reply:-28; noise.vague-short:-12
msg_02350,House Dinner Crew,Food/social planning chat,Tessa,2026-04-22T13:28:00.000Z,,need one more person for the Costco run,important,logistics,ride_count,Generated important Food/social planning chat message,38,38,8,46,request,69,"{""👀"":1}",request.concrete-need:28; request.help-needed:10
msg_02351,House Dinner Crew,Food/social planning chat,Ethan,2026-04-22T13:30:00.000Z,,I could drive tomorrow,maybe,logistics,availability,Ambiguous message that may be useful in context,50,50,0,50,logistics,71,{},logistics.transport:20; commitment.availability:22; time.relative:8
msg_02352,House Dinner Crew,Food/social planning chat,Lena,2026-04-22T13:34:00.000Z,,grocery money due tomorrow,important,deadline,money,Generated important Food/social planning chat message,58,58,0,58,deadline,83,{},deadline.explicit:32; time.relative:8; deadline.date-context:18
msg_02353,House Dinner Crew,Food/social planning chat,Grace,2026-04-22T13:38:00.000Z,msg_02348,are we still doing the same place?,maybe,question,context_needed,Ambiguous message that may be useful in context,10,10,0,10,noise,25,{},question.intent:10
msg_02354,House Dinner Crew,Food/social planning chat,Luke,2026-04-22T13:39:00.000Z,msg_02343,does anyone have tickets left?,maybe,request,ticket_availability,Ambiguous message that may be useful in context,46,46,8,54,request,69,"{""❓"":1}",deadline.payment:18; request.ticket-availability:18; question.intent:10
msg_02355,House Dinner Crew,Food/social planning chat,Mia,2026-04-22T13:44:00.000Z,,skull,noise,noise,noise,"Noise, joke, hype, or vague reply",0,0,0,0,noise,20,{},noise.one-word:-18; noise.casual-reply:-28; noise.vague-short:-12
msg_02356,House Dinner Crew,Food/social planning chat,Mason,2026-04-22T13:47:00.000Z,,need one more person for the Costco run,important,logistics,ride_count,Generated important Food/social planning chat message,38,38,8,46,request,69,"{""👀"":1}",request.concrete-need:28; request.help-needed:10
msg_02357,House Dinner Crew,Food/social planning chat,Mason,2026-04-22T13:48:00.000Z,,reservation is at 7:45,important,event,reservation,Generated important Food/social planning chat message,12,12,8,20,noise,30,"{""👀"":1}",time.explicit:12
msg_02358,House Dinner Crew,Food/social planning chat,Olivia,2026-04-22T13:52:00.000Z,,does anyone have tickets left?,maybe,request,ticket_availability,Ambiguous message that may be useful in context,46,46,16,62,request,69,"{""❓"":1,""👀"":1}",deadline.payment:18; request.ticket-availability:18; question.intent:10
msg_02359,House Dinner Crew,Food/social planning chat,Mason,2026-04-22T13:55:00.000Z,,party animal,noise,noise,noise,"Noise, joke, hype, or vague reply",0,0,0,0,noise,20,{},event.social-anchor:12; noise.vague-short:-12
msg_02360,House Dinner Crew,Food/social planning chat,Noah,2026-04-22T13:57:00.000Z,,reservation is at 7:45,important,event,reservation,Generated important Food/social planning chat message,12,12,8,20,noise,30,"{""👀"":1}",time.explicit:12
msg_02361,House Dinner Crew,Food/social planning chat,Noah,2026-04-22T14:02:00.000Z,,grocery money due tomorrow,important,deadline,money,Generated important Food/social planning chat message,58,58,8,66,deadline,83,"{""👀"":1}",deadline.explicit:32; time.relative:8; deadline.date-context:18
msg_02362,House Dinner Crew,Food/social planning chat,Luke,2026-04-22T14:04:00.000Z,,I can bring cups,maybe,logistics,supply_commitment,Ambiguous message that may be useful in context,35,35,0,35,logistics,58,"{""😂"":1}",logistics.supplies:25; commitment.availability:22; noise.vague-short:-12
msg_02363,House Dinner Crew,Food/social planning chat,Ethan,2026-04-22T14:07:00.000Z,msg_02360,can someone bring plates,important,request,supplies,Generated important Food/social planning chat message,34,34,18,52,request,57,"{""✅"":1,""👀"":1}",request.can-someone:24; question.intent:10
msg_02364,House Dinner Crew,Food/social planning chat,Mia,2026-04-22T14:09:00.000Z,msg_02352,need one more person for the Costco run,important,logistics,ride_count,Generated important Food/social planning chat message,38,38,0,38,request,69,{},request.concrete-need:28; request.help-needed:10
msg_02365,House Dinner Crew,Food/social planning chat,Zoe,2026-04-22T14:14:00.000Z,,bring drinks if you have any,maybe,logistics,soft_supplies,Ambiguous message that may be useful in context,25,25,18,43,logistics,46,"{""❓"":1,""✅"":1,""😂"":1}",logistics.supplies:25
msg_02366,House Dinner Crew,Food/social planning chat,Mason,2026-04-22T14:17:00.000Z,,????????,noise,noise,noise,"Noise, joke, hype, or vague reply",0,0,0,0,noise,20,"{""💀"":1}",question.intent:10; noise.one-word:-18; noise.repeated:-16; noise.vague-short:-12
msg_02367,House Dinner Crew,Food/social planning chat,Zoe,2026-04-22T14:18:00.000Z,,anyone going out tonight?,maybe,plan,loose_plan,Ambiguous message that may be useful in context,38,38,8,46,plan,67,"{""❓"":1}",plan.whos-going:20; time.relative:8; question.intent:10
msg_02368,House Dinner Crew,Food/social planning chat,Olivia,2026-04-22T14:21:00.000Z,msg_02344,rush hour traffic sucks,noise,noise,noise,"Noise, joke, hype, or vague reply",12,12,0,12,noise,26,{},event.social-anchor:12
msg_02369,House Dinner Crew,Food/social planning chat,Logan,2026-04-22T14:26:00.000Z,,why is bro like this?,noise,noise,noise,"Noise, joke, hype, or vague reply",10,10,0,10,noise,25,{},question.intent:10
msg_02370,House Dinner Crew,Food/social planning chat,Logan,2026-04-22T14:28:00.000Z,msg_02348,where we at,noise,noise,noise,"Noise, joke, hype, or vague reply",0,0,0,0,noise,20,"{""😂"":1,""💀"":1}",question.intent:10; noise.vague-short:-12
msg_02371,House Dinner Crew,Food/social planning chat,Grace,2026-04-22T14:31:00.000Z,,reservation is at 7:45,important,event,reservation,Generated important Food/social planning chat message,12,12,8,20,noise,30,"{""✅"":1}",time.explicit:12
msg_02372,House Dinner Crew,Food/social planning chat,Harper,2026-04-22T14:35:00.000Z,msg_02361,anyone able to grab snacks?,maybe,request,soft_request,Ambiguous message that may be useful in context,73,73,0,73,request,86,"{""😂"":1}",request.can-someone:24; logistics.supplies:25; question.intent:10; request.bring-supplies:14
msg_02373,House Dinner Crew,Food/social planning chat,Noah,2026-04-22T14:37:00.000Z,,need one more person for the Costco run,important,logistics,ride_count,Generated important Food/social planning chat message,38,38,8,46,request,69,"{""👀"":1}",request.concrete-need:28; request.help-needed:10
msg_02374,House Dinner Crew,Food/social planning chat,Quinn,2026-04-22T14:41:00.000Z,,can someone tell Tyler to chill,noise,noise,noise,"Noise, joke, hype, or vague reply",10,10,0,10,noise,25,{},question.intent:10
msg_02375,House Dinner Crew,Food/social planning chat,Tessa,2026-04-22T14:43:00.000Z,,lol,noise,noise,noise,"Noise, joke, hype, or vague reply",0,0,0,0,noise,20,{},noise.one-word:-18; noise.laughter:-35; noise.vague-short:-12
msg_02376,House Dinner Crew,Food/social planning chat,Luke,2026-04-22T14:46:00.000Z,msg_02369,lol,noise,noise,noise,"Noise, joke, hype, or vague reply",0,0,0,0,noise,20,{},noise.one-word:-18; noise.laughter:-35; noise.vague-short:-12
msg_02377,House Dinner Crew,Food/social planning chat,Grace,2026-04-22T14:48:00.000Z,,who up,noise,noise,noise,"Noise, joke, hype, or vague reply",0,0,0,0,noise,20,"{""😂"":3,""💀"":3}",noise.hype-only:-24; noise.casual-question:-14; noise.vague-short:-12
msg_02378,House Dinner Crew,Food/social planning chat,Luke,2026-04-22T14:51:00.000Z,msg_02358,where are we meeting?,maybe,plan,meeting_question,Ambiguous message that may be useful in context,50,50,8,58,plan,79,"{""👀"":1}",event.social-anchor:12; plan.leaving-meeting:20; question.intent:10; question.event-context:8
msg_02379,House Dinner Crew,Food/social planning chat,Mason,2026-04-22T14:55:00.000Z,,are we still doing the same place?,maybe,question,context_needed,Ambiguous message that may be useful in context,10,10,0,10,noise,25,{},question.intent:10
msg_02380,House Dinner Crew,Food/social planning chat,Mia,2026-04-22T14:59:00.000Z,,who has the speaker?,maybe,question,item_question,Ambiguous message that may be useful in context,10,10,0,10,noise,25,{},question.intent:10
msg_02381,House Dinner Crew,Food/social planning chat,Quinn,2026-04-22T15:01:00.000Z,,can someone bring plates,important,request,supplies,Generated important Food/social planning chat message,34,34,12,46,request,57,"{""✅"":1}",request.can-someone:24; question.intent:10
msg_02382,House Dinner Crew,Food/social planning chat,Grace,2026-04-22T15:03:00.000Z,,reservation is at 7:45,important,event,reservation,Generated important Food/social planning chat message,12,12,8,20,noise,30,"{""👀"":1}",time.explicit:12
msg_02383,House Dinner Crew,Food/social planning chat,Logan,2026-04-22T15:07:00.000Z,,deadline for being washed is tonight,noise,noise,noise,"Noise, joke, hype, or vague reply",58,58,0,58,deadline,83,{},deadline.explicit:32; time.relative:8; deadline.date-context:18
msg_02384,House Dinner Crew,Food/social planning chat,Jake,2026-04-22T15:09:00.000Z,,does anyone have tickets left?,maybe,request,ticket_availability,Ambiguous message that may be useful in context,46,46,16,62,request,69,"{""❓"":1,""👀"":1}",deadline.payment:18; request.ticket-availability:18; question.intent:10
msg_02385,House Dinner Crew,Food/social planning chat,Marcus,2026-04-22T15:14:00.000Z,,he fell off,noise,noise,noise,"Noise, joke, hype, or vague reply",0,0,0,0,noise,20,{},noise.hype-only:-24; noise.vague-short:-12
msg_02386,House Dinner Crew,Food/social planning chat,Zoe,2026-04-22T15:16:00.000Z,,go go go go,noise,noise,noise,"Noise, joke, hype, or vague reply",0,0,0,0,noise,20,{},noise.repeated:-16; noise.vague-short:-12
msg_02387,House Dinner Crew,Food/social planning chat,Luke,2026-04-22T15:19:00.000Z,,who let him cook?,noise,noise,noise,"Noise, joke, hype, or vague reply",0,0,0,0,noise,20,{},question.intent:10; noise.vague-short:-12
msg_02388,House Dinner Crew,Food/social planning chat,Mason,2026-04-22T15:23:00.000Z,,Friday was insane,noise,noise,noise,"Noise, joke, hype, or vague reply",7,7,0,7,noise,24,{},time.weekday:7
msg_02389,House Dinner Crew,Food/social planning chat,Nate,2026-04-22T15:24:00.000Z,,what time are y'all leaving?,maybe,plan,departure_question,Ambiguous message that may be useful in context,30,30,0,30,plan,56,{},plan.leaving-meeting:20; question.intent:10
msg_02390,House Dinner Crew,Food/social planning chat,Zoe,2026-04-22T15:28:00.000Z,,bro said formal like he owns the place,noise,noise,noise,"Noise, joke, hype, or vague reply",12,12,0,12,noise,26,"{""💀"":1}",event.social-anchor:12
msg_02391,House Dinner Crew,Food/social planning chat,Quinn,2026-04-22T15:30:00.000Z,,absolute cinema,noise,noise,noise,"Noise, joke, hype, or vague reply",0,0,0,0,noise,20,{},noise.hype-only:-24; noise.vague-short:-12
msg_02392,House Dinner Crew,Food/social planning chat,Zoe,2026-04-22T15:34:00.000Z,,bro said formal like he owns the place,noise,noise,noise,"Noise, joke, hype, or vague reply",12,12,0,12,noise,26,{},event.social-anchor:12
msg_02393,House Dinner Crew,Food/social planning chat,Olivia,2026-04-22T15:38:00.000Z,,rush hour traffic sucks,noise,noise,noise,"Noise, joke, hype, or vague reply",12,12,0,12,noise,26,"{""💀"":2,""😂"":2}",event.social-anchor:12
msg_02394,House Dinner Crew,Food/social planning chat,Logan,2026-04-22T15:39:00.000Z,msg_02386,where we at,noise,noise,noise,"Noise, joke, hype, or vague reply",0,0,6,6,noise,23,"{""🔥"":2,""😂"":3}",question.intent:10; noise.vague-short:-12
msg_02395,House Dinner Crew,Food/social planning chat,Ethan,2026-04-22T15:43:00.000Z,msg_02362,dinner moved to Friday,important,announcement,date_change,Generated important Food/social planning chat message,51,51,8,59,announcement,81,"{""👀"":1}",announcement.change:30; time.weekday:7; announcement.date-context:14
msg_02396,House Dinner Crew,Food/social planning chat,Tessa,2026-04-22T15:47:00.000Z,,who all is going Friday?,maybe,plan,attendance_question,Ambiguous message that may be useful in context,37,37,0,37,plan,66,"{""😂"":1}",plan.whos-going:20; time.weekday:7; question.intent:10
msg_02397,House Dinner Crew,Food/social planning chat,Harper,2026-04-22T15:48:00.000Z,,bro said formal like he owns the place,noise,noise,noise,"Noise, joke, hype, or vague reply",12,12,0,12,noise,26,{},event.social-anchor:12
msg_02398,House Dinner Crew,Food/social planning chat,Harper,2026-04-22T15:52:00.000Z,,need one more person for the Costco run,important,logistics,ride_count,Generated important Food/social planning chat message,38,38,18,56,request,69,"{""📌"":1}",request.concrete-need:28; request.help-needed:10
msg_02399,House Dinner Crew,Food/social planning chat,Jake,2026-04-22T15:55:00.000Z,,can someone bring plates,important,request,supplies,Generated important Food/social planning chat message,34,34,0,34,request,57,{},request.can-someone:24; question.intent:10
msg_02400,House Dinner Crew,Food/social planning chat,Tessa,2026-04-22T15:58:00.000Z,,reservation is at 7:45,important,event,reservation,Generated important Food/social planning chat message,12,12,0,12,noise,26,{},time.explicit:12
msg_02401,House Dinner Crew,Food/social planning chat,Olivia,2026-04-22T16:00:00.000Z,,tomorrow gonna be wild,noise,noise,noise,"Noise, joke, hype, or vague reply",8,8,0,8,noise,24,{},time.relative:8
msg_02402,House Dinner Crew,Food/social planning chat,Logan,2026-04-22T16:04:00.000Z,msg_02354,anyone going out tonight?,maybe,plan,loose_plan,Ambiguous message that may be useful in context,38,38,8,46,plan,67,"{""❓"":1,""😂"":1}",plan.whos-going:20; time.relative:8; question.intent:10
msg_02403,House Dinner Crew,Food/social planning chat,Nate,2026-04-22T16:07:00.000Z,msg_02377,I can bring cups,maybe,logistics,supply_commitment,Ambiguous message that may be useful in context,35,35,8,43,logistics,58,"{""👀"":1}",logistics.supplies:25; commitment.availability:22; noise.vague-short:-12
msg_02404,House Dinner Crew,Food/social planning chat,Harper,2026-04-22T16:10:00.000Z,,can someone bring plates,important,request,supplies,Generated important Food/social planning chat message,34,34,12,46,request,57,"{""✅"":1}",request.can-someone:24; question.intent:10
msg_02405,House Dinner Crew,Food/social planning chat,Mason,2026-04-22T16:13:00.000Z,,rush hour traffic sucks,noise,noise,noise,"Noise, joke, hype, or vague reply",12,12,3,15,noise,28,"{""🔥"":1}",event.social-anchor:12
msg_02406,House Dinner Crew,Food/social planning chat,Zoe,2026-04-22T16:17:00.000Z,msg_02365,tomorrow gonna be wild,noise,noise,noise,"Noise, joke, hype, or vague reply",8,8,0,8,noise,24,{},time.relative:8
msg_02407,House Dinner Crew,Food/social planning chat,Mason,2026-04-22T16:18:00.000Z,,need one more person for the Costco run,important,logistics,ride_count,Generated important Food/social planning chat message,38,38,8,46,request,69,"{""👀"":1}",request.concrete-need:28; request.help-needed:10
msg_02408,House Dinner Crew,Food/social planning chat,Mia,2026-04-22T16:22:00.000Z,,anyone going out tonight?,maybe,plan,loose_plan,Ambiguous message that may be useful in context,38,38,0,38,plan,67,"{""😂"":1}",plan.whos-going:20; time.relative:8; question.intent:10
msg_02409,House Dinner Crew,Food/social planning chat,Tessa,2026-04-22T16:24:00.000Z,,anyone going out tonight?,maybe,plan,loose_plan,Ambiguous message that may be useful in context,38,38,0,38,plan,67,{},plan.whos-going:20; time.relative:8; question.intent:10
msg_02410,House Dinner Crew,Food/social planning chat,Nate,2026-04-22T16:28:00.000Z,,reservation is at 7:45,important,event,reservation,Generated important Food/social planning chat message,12,12,8,20,noise,30,"{""✅"":1}",time.explicit:12
msg_02411,House Dinner Crew,Food/social planning chat,Nate,2026-04-22T16:31:00.000Z,,Friday was insane,noise,noise,noise,"Noise, joke, hype, or vague reply",7,7,0,7,noise,24,{},time.weekday:7
msg_02412,House Dinner Crew,Food/social planning chat,Ethan,2026-04-22T16:33:00.000Z,,dinner moved to Friday,important,announcement,date_change,Generated important Food/social planning chat message,51,51,12,63,announcement,81,"{""✅"":1}",announcement.change:30; time.weekday:7; announcement.date-context:14
msg_02413,House Dinner Crew,Food/social planning chat,Quinn,2026-04-22T16:36:00.000Z,msg_02349,need one more person for the Costco run,important,logistics,ride_count,Generated important Food/social planning chat message,38,38,18,56,request,69,"{""📌"":1}",request.concrete-need:28; request.help-needed:10
msg_02414,House Dinner Crew,Food/social planning chat,Tessa,2026-04-22T16:40:00.000Z,msg_02388,fire fit,noise,noise,noise,"Noise, joke, hype, or vague reply",0,0,0,0,noise,20,{},noise.vague-short:-12
msg_02415,House Dinner Crew,Food/social planning chat,Luke,2026-04-22T16:44:00.000Z,,anyone going out tonight?,maybe,plan,loose_plan,Ambiguous message that may be useful in context,38,38,0,38,plan,67,{},plan.whos-going:20; time.relative:8; question.intent:10
msg_02416,House Dinner Crew,Food/social planning chat,Ethan,2026-04-22T16:46:00.000Z,,does anyone have tickets left?,maybe,request,ticket_availability,Ambiguous message that may be useful in context,46,46,12,58,request,69,"{""✅"":1}",deadline.payment:18; request.ticket-availability:18; question.intent:10
msg_02417,House Dinner Crew,Food/social planning chat,Zoe,2026-04-22T16:49:00.000Z,msg_02399,go go go go,noise,noise,noise,"Noise, joke, hype, or vague reply",0,0,0,0,noise,20,{},noise.repeated:-16; noise.vague-short:-12
msg_02418,House Dinner Crew,Food/social planning chat,Logan,2026-04-22T16:52:00.000Z,,where we at,noise,noise,noise,"Noise, joke, hype, or vague reply",0,0,0,0,noise,20,{},question.intent:10; noise.vague-short:-12
msg_02419,House Dinner Crew,Food/social planning chat,Logan,2026-04-22T16:54:00.000Z,,what time are y'all leaving?,maybe,plan,departure_question,Ambiguous message that may be useful in context,30,30,0,30,plan,56,{},plan.leaving-meeting:20; question.intent:10
msg_02420,House Dinner Crew,Food/social planning chat,Mia,2026-04-22T16:57:00.000Z,msg_02371,grocery money due tomorrow,important,deadline,money,Generated important Food/social planning chat message,58,58,0,58,deadline,83,{},deadline.explicit:32; time.relative:8; deadline.date-context:18
msg_02421,House Dinner Crew,Food/social planning chat,Mia,2026-04-22T17:02:00.000Z,,no shot,noise,noise,noise,"Noise, joke, hype, or vague reply",0,0,0,0,noise,20,{},noise.hype-only:-24; noise.vague-short:-12
msg_02422,House Dinner Crew,Food/social planning chat,Ethan,2026-04-22T17:05:00.000Z,,tomorrow gonna be wild,noise,noise,noise,"Noise, joke, hype, or vague reply",8,8,0,8,noise,24,"{""💀"":1}",time.relative:8
msg_02423,House Dinner Crew,Food/social planning chat,Logan,2026-04-22T17:07:00.000Z,,what time is tailgate again,maybe,question,event_question,Ambiguous message that may be useful in context,30,30,8,38,question,64,"{""👀"":1,""😂"":1}",event.social-anchor:12; question.intent:10; question.event-context:8
msg_02424,House Dinner Crew,Food/social planning chat,Mia,2026-04-22T17:11:00.000Z,,anyone able to grab snacks?,maybe,request,soft_request,Ambiguous message that may be useful in context,73,73,0,73,request,86,{},request.can-someone:24; logistics.supplies:25; question.intent:10; request.bring-supplies:14
msg_02425,House Dinner Crew,Food/social planning chat,Zoe,2026-04-22T17:12:00.000Z,,what time are y'all leaving?,maybe,plan,departure_question,Ambiguous message that may be useful in context,30,30,0,30,plan,56,{},plan.leaving-meeting:20; question.intent:10
msg_02426,House Dinner Crew,Food/social planning chat,Tessa,2026-04-22T17:17:00.000Z,,reservation is at 7:45,important,event,reservation,Generated important Food/social planning chat message,12,12,8,20,noise,30,"{""✅"":1}",time.explicit:12
msg_02427,House Dinner Crew,Food/social planning chat,Harper,2026-04-22T17:19:00.000Z,,can someone bring plates,important,request,supplies,Generated important Food/social planning chat message,34,34,16,50,request,57,"{""👀"":1,""❓"":1}",request.can-someone:24; question.intent:10
msg_02428,House Dinner Crew,Food/social planning chat,Harper,2026-04-22T17:22:00.000Z,,nah,noise,noise,noise,"Noise, joke, hype, or vague reply",0,0,0,0,noise,20,{},noise.one-word:-18; noise.casual-reply:-28; noise.vague-short:-12
msg_02429,House Dinner Crew,Food/social planning chat,Mia,2026-04-22T17:26:00.000Z,,dinner moved to Friday,important,announcement,date_change,Generated important Food/social planning chat message,51,51,18,69,announcement,81,"{""✅"":1,""👀"":1}",announcement.change:30; time.weekday:7; announcement.date-context:14
msg_02430,House Dinner Crew,Food/social planning chat,Harper,2026-04-22T17:28:00.000Z,,dinner moved to Friday,important,announcement,date_change,Generated important Food/social planning chat message,51,51,18,69,announcement,81,"{""👀"":1,""📌"":1}",announcement.change:30; time.weekday:7; announcement.date-context:14
msg_02431,House Dinner Crew,Food/social planning chat,Mia,2026-04-22T17:31:00.000Z,,absolute cinema,noise,noise,noise,"Noise, joke, hype, or vague reply",0,0,0,0,noise,20,{},noise.hype-only:-24; noise.vague-short:-12
msg_02432,House Dinner Crew,Food/social planning chat,Jake,2026-04-22T17:33:00.000Z,,anyone going out tonight?,maybe,plan,loose_plan,Ambiguous message that may be useful in context,38,38,0,38,plan,67,{},plan.whos-going:20; time.relative:8; question.intent:10
msg_02433,House Dinner Crew,Food/social planning chat,Nate,2026-04-22T17:36:00.000Z,,who let him cook?,noise,noise,noise,"Noise, joke, hype, or vague reply",0,0,0,0,noise,20,{},question.intent:10; noise.vague-short:-12
msg_02434,House Dinner Crew,Food/social planning chat,Nate,2026-04-22T17:40:00.000Z,,I can drive after 10,maybe,logistics,availability,Ambiguous message that may be useful in context,42,42,0,42,logistics,60,{},logistics.transport:20; commitment.availability:22
msg_02435,House Dinner Crew,Food/social planning chat,Quinn,2026-04-22T17:44:00.000Z,msg_02363,can someone bring plates,important,request,supplies,Generated important Food/social planning chat message,34,34,12,46,request,57,"{""✅"":1}",request.can-someone:24; question.intent:10
msg_02436,House Dinner Crew,Food/social planning chat,Nate,2026-04-22T17:45:00.000Z,,reservation is at 7:45,important,event,reservation,Generated important Food/social planning chat message,12,12,8,20,noise,30,"{""👀"":1}",time.explicit:12
msg_02437,House Dinner Crew,Food/social planning chat,Noah,2026-04-22T17:50:00.000Z,,need one more person for the Costco run,important,logistics,ride_count,Generated important Food/social planning chat message,38,38,0,38,request,69,{},request.concrete-need:28; request.help-needed:10
msg_02438,House Dinner Crew,Food/social planning chat,Grace,2026-04-22T17:53:00.000Z,msg_02346,anyone able to grab snacks?,maybe,request,soft_request,Ambiguous message that may be useful in context,73,73,0,73,request,86,{},request.can-someone:24; logistics.supplies:25; question.intent:10; request.bring-supplies:14
msg_02439,House Dinner Crew,Food/social planning chat,Marcus,2026-04-22T17:56:00.000Z,,does anyone have tickets left?,maybe,request,ticket_availability,Ambiguous message that may be useful in context,46,46,8,54,request,69,"{""👀"":1}",deadline.payment:18; request.ticket-availability:18; question.intent:10
msg_02440,House Dinner Crew,Food/social planning chat,Mason,2026-04-22T17:58:00.000Z,msg_02433,nah,noise,noise,noise,"Noise, joke, hype, or vague reply",0,0,0,0,noise,20,{},noise.one-word:-18; noise.casual-reply:-28; noise.vague-short:-12
msg_02441,House Dinner Crew,Food/social planning chat,Mason,2026-04-22T18:00:00.000Z,,grocery money due tmr,important,deadline,money,Generated important Food/social planning chat message,32,32,0,32,deadline,49,{},deadline.explicit:32
msg_02442,House Dinner Crew,Food/social planning chat,Lena,2026-04-22T18:03:00.000Z,,you had to be there,noise,noise,noise,"Noise, joke, hype, or vague reply",0,0,0,0,noise,20,{},noise.hype-only:-24
msg_02443,House Dinner Crew,Food/social planning chat,Nate,2026-04-22T18:07:00.000Z,,need one more person for the Costco run,important,logistics,ride_count,Generated important Food/social planning chat message,38,38,12,50,request,69,"{""✅"":1}",request.concrete-need:28; request.help-needed:10
msg_02444,House Dinner Crew,Food/social planning chat,Quinn,2026-04-22T18:09:00.000Z,,rush hour traffic sucks,noise,noise,noise,"Noise, joke, hype, or vague reply",12,12,0,12,noise,26,{},event.social-anchor:12
msg_02445,House Dinner Crew,Food/social planning chat,Lena,2026-04-22T18:14:00.000Z,,I can bring cups,maybe,logistics,supply_commitment,Ambiguous message that may be useful in context,35,35,8,43,logistics,58,"{""❓"":1}",logistics.supplies:25; commitment.availability:22; noise.vague-short:-12
msg_02446,House Dinner Crew,Food/social planning chat,Noah,2026-04-22T18:15:00.000Z,msg_02416,reservation is at 7:45,important,event,reservation,Generated important Food/social planning chat message,12,12,8,20,noise,30,"{""✅"":1}",time.explicit:12
msg_02447,House Dinner Crew,Food/social planning chat,Mason,2026-04-22T18:18:00.000Z,,can someone bring plates,important,request,supplies,Generated important Food/social planning chat message,34,34,18,52,request,57,"{""📌"":1}",request.can-someone:24; question.intent:10
msg_02448,House Dinner Crew,Food/social planning chat,Ethan,2026-04-22T18:23:00.000Z,,tomorrow gonna be wild,noise,noise,noise,"Noise, joke, hype, or vague reply",8,8,0,8,noise,24,{},time.relative:8
msg_02449,House Dinner Crew,Food/social planning chat,Quinn,2026-04-22T18:25:00.000Z,,tomorrow gonna be wild,noise,noise,noise,"Noise, joke, hype, or vague reply",8,8,0,8,noise,24,"{""💀"":2}",time.relative:8
msg_02450,House Dinner Crew,Food/social planning chat,Zoe,2026-04-22T18:27:00.000Z,,Friday was insane,noise,noise,noise,"Noise, joke, hype, or vague reply",7,7,0,7,noise,24,{},time.weekday:7
msg_02451,House Dinner Crew,Food/social planning chat,Jake,2026-04-22T18:32:00.000Z,,who all is going Friday?,maybe,plan,attendance_question,Ambiguous message that may be useful in context,37,37,12,49,plan,66,"{""✅"":1}",plan.whos-going:20; time.weekday:7; question.intent:10
msg_02452,House Dinner Crew,Food/social planning chat,Harper,2026-04-22T18:34:00.000Z,,I can bring cups,maybe,logistics,supply_commitment,Ambiguous message that may be useful in context,35,35,8,43,logistics,58,"{""❓"":1}",logistics.supplies:25; commitment.availability:22; noise.vague-short:-12
msg_02453,House Dinner Crew,Food/social planning chat,Tessa,2026-04-22T18:38:00.000Z,,anyone going out tonight?,maybe,plan,loose_plan,Ambiguous message that may be useful in context,38,38,16,54,plan,67,"{""❓"":1,""👀"":1,""😂"":1}",plan.whos-going:20; time.relative:8; question.intent:10
msg_02454,House Dinner Crew,Food/social planning chat,Lena,2026-04-22T18:39:00.000Z,,I can drive after 10,maybe,logistics,availability,Ambiguous message that may be useful in context,42,42,8,50,logistics,60,"{""❓"":1}",logistics.transport:20; commitment.availability:22
msg_02455,House Dinner Crew,Food/social planning chat,Ethan,2026-04-22T18:44:00.000Z,,no shot,noise,noise,noise,"Noise, joke, hype, or vague reply",0,0,0,0,noise,20,{},noise.hype-only:-24; noise.vague-short:-12
msg_02456,House Dinner Crew,Food/social planning chat,Zoe,2026-04-22T18:47:00.000Z,,bring drinks if you have any,maybe,logistics,soft_supplies,Ambiguous message that may be useful in context,25,25,8,33,logistics,46,"{""👀"":1}",logistics.supplies:25
msg_02457,House Dinner Crew,Food/social planning chat,Ethan,2026-04-22T18:49:00.000Z,,reservation is at 7:45,important,event,reservation,Generated important Food/social planning chat message,12,12,8,20,noise,30,"{""👀"":1}",time.explicit:12
msg_02458,House Dinner Crew,Food/social planning chat,Noah,2026-04-22T18:51:00.000Z,,can someone bring plates,important,request,supplies,Generated important Food/social planning chat message,34,34,8,42,request,57,"{""❓"":1}",request.can-someone:24; question.intent:10
msg_02459,House Dinner Crew,Food/social planning chat,Mia,2026-04-22T18:54:00.000Z,,lmao,noise,noise,noise,"Noise, joke, hype, or vague reply",0,0,0,0,noise,20,{},noise.one-word:-18; noise.laughter:-35; noise.vague-short:-12
msg_02460,House Dinner Crew,Food/social planning chat,Noah,2026-04-22T18:58:00.000Z,,fire,noise,noise,noise,"Noise, joke, hype, or vague reply",0,0,0,0,noise,20,{},noise.one-word:-18; noise.casual-reply:-28; noise.vague-short:-12
msg_02461,House Dinner Crew,Food/social planning chat,Marcus,2026-04-22T19:01:00.000Z,,bro said formal like he owns the place,noise,noise,noise,"Noise, joke, hype, or vague reply",12,12,0,12,noise,26,{},event.social-anchor:12
msg_02462,House Dinner Crew,Food/social planning chat,Mia,2026-04-22T19:04:00.000Z,,need one more person for the Costco run,important,logistics,ride_count,Generated important Food/social planning chat message,38,38,0,38,request,69,{},request.concrete-need:28; request.help-needed:10
msg_02463,House Dinner Crew,Food/social planning chat,Quinn,2026-04-22T19:08:00.000Z,,Friday was insane,noise,noise,noise,"Noise, joke, hype, or vague reply",7,7,3,10,noise,25,"{""😂"":2,""💀"":2,""🔥"":1}",time.weekday:7
msg_02464,House Dinner Crew,Food/social planning chat,Lena,2026-04-22T19:11:00.000Z,,dinner moved to Friday,important,announcement,date_change,Generated important Food/social planning chat message,51,51,12,63,announcement,81,"{""✅"":1}",announcement.change:30; time.weekday:7; announcement.date-context:14
msg_02465,House Dinner Crew,Food/social planning chat,Grace,2026-04-22T19:14:00.000Z,,dinner moved to Friday,important,announcement,date_change,Generated important Food/social planning chat message,51,51,0,51,announcement,81,{},announcement.change:30; time.weekday:7; announcement.date-context:14
msg_02466,House Dinner Crew,Food/social planning chat,Nate,2026-04-22T19:16:00.000Z,,can someone bring plates,important,request,supplies,Generated important Food/social planning chat message,34,34,8,42,request,57,"{""👀"":1}",request.can-someone:24; question.intent:10
msg_02467,House Dinner Crew,Food/social planning chat,Logan,2026-04-22T19:19:00.000Z,,I could drive tomorrow,maybe,logistics,availability,Ambiguous message that may be useful in context,50,50,0,50,logistics,71,{},logistics.transport:20; commitment.availability:22; time.relative:8
msg_02468,House Dinner Crew,Food/social planning chat,Mason,2026-04-22T19:22:00.000Z,msg_02361,I could drive tomorrow,maybe,logistics,availability,Ambiguous message that may be useful in context,50,50,0,50,logistics,71,{},logistics.transport:20; commitment.availability:22; time.relative:8
msg_02469,House Dinner Crew,Food/social planning chat,Mia,2026-04-22T19:26:00.000Z,,can someone bring plates,important,request,supplies,Generated important Food/social planning chat message,34,34,8,42,request,57,"{""👀"":1}",request.can-someone:24; question.intent:10
msg_02470,House Dinner Crew,Food/social planning chat,Harper,2026-04-22T19:29:00.000Z,msg_02468,W,noise,noise,noise,"Noise, joke, hype, or vague reply",0,0,0,0,noise,20,"{""😂"":1}",noise.one-word:-18; noise.casual-reply:-28; noise.vague-short:-12
msg_02471,House Dinner Crew,Food/social planning chat,Tessa,2026-04-22T19:32:00.000Z,,can someone bring plates,important,request,supplies,Generated important Food/social planning chat message,34,34,18,52,request,57,"{""✅"":1,""📌"":1}",request.can-someone:24; question.intent:10
msg_02472,House Dinner Crew,Food/social planning chat,Mason,2026-04-22T19:35:00.000Z,msg_02356,fire,noise,noise,noise,"Noise, joke, hype, or vague reply",0,0,0,0,noise,20,{},noise.one-word:-18; noise.casual-reply:-28; noise.vague-short:-12
msg_02473,House Dinner Crew,Food/social planning chat,Quinn,2026-04-22T19:37:00.000Z,msg_02465,grocery money due tmr,important,deadline,money,Generated important Food/social planning chat message,32,32,12,44,deadline,49,"{""✅"":1}",deadline.explicit:32
msg_02474,House Dinner Crew,Food/social planning chat,Marcus,2026-04-22T19:40:00.000Z,,dinner moved to Friday,important,announcement,date_change,Generated important Food/social planning chat message,51,51,0,51,announcement,81,{},announcement.change:30; time.weekday:7; announcement.date-context:14
msg_02475,House Dinner Crew,Food/social planning chat,Tessa,2026-04-22T19:43:00.000Z,,pregame at the house?,maybe,question,event_question,Ambiguous message that may be useful in context,30,30,0,30,question,64,"{""😂"":1}",event.social-anchor:12; question.intent:10; question.event-context:8
msg_02476,House Dinner Crew,Food/social planning chat,Mia,2026-04-22T19:46:00.000Z,,I can bring cups,maybe,logistics,supply_commitment,Ambiguous message that may be useful in context,35,35,8,43,logistics,58,"{""❓"":1,""😂"":1}",logistics.supplies:25; commitment.availability:22; noise.vague-short:-12
msg_02477,House Dinner Crew,Food/social planning chat,Olivia,2026-04-22T19:49:00.000Z,,tomorrow gonna be wild,noise,noise,noise,"Noise, joke, hype, or vague reply",8,8,0,8,noise,24,{},time.relative:8
msg_02478,House Dinner Crew,Food/social planning chat,Jake,2026-04-22T19:51:00.000Z,,reservation is at 7:45,important,event,reservation,Generated important Food/social planning chat message,12,12,8,20,noise,30,"{""✅"":1,""👀"":1}",time.explicit:12
msg_02479,House Dinner Crew,Food/social planning chat,Grace,2026-04-22T19:54:00.000Z,,dinner moved to Friday,important,announcement,date_change,Generated important Food/social planning chat message,51,51,0,51,announcement,81,{},announcement.change:30; time.weekday:7; announcement.date-context:14
msg_02480,House Dinner Crew,Food/social planning chat,Mason,2026-04-22T19:59:00.000Z,,????????,noise,noise,noise,"Noise, joke, hype, or vague reply",0,0,0,0,noise,20,{},question.intent:10; noise.one-word:-18; noise.repeated:-16; noise.vague-short:-12
msg_02481,House Dinner Crew,Food/social planning chat,Zoe,2026-04-22T20:01:00.000Z,,does anyone have tickets left?,maybe,request,ticket_availability,Ambiguous message that may be useful in context,46,46,8,54,request,69,"{""👀"":1}",deadline.payment:18; request.ticket-availability:18; question.intent:10
msg_02482,House Dinner Crew,Food/social planning chat,Mia,2026-04-22T20:05:00.000Z,,are we still doing the same place?,maybe,question,context_needed,Ambiguous message that may be useful in context,10,10,0,10,noise,25,{},question.intent:10
msg_02483,House Dinner Crew,Food/social planning chat,Logan,2026-04-22T20:08:00.000Z,,what time is tailgate again,maybe,question,event_question,Ambiguous message that may be useful in context,30,30,0,30,question,64,"{""😂"":1}",event.social-anchor:12; question.intent:10; question.event-context:8
msg_02484,House Dinner Crew,Food/social planning chat,Luke,2026-04-22T20:10:00.000Z,,grocery money due tmr,important,deadline,money,Generated important Food/social planning chat message,32,32,12,44,deadline,49,"{""✅"":1}",deadline.explicit:32
msg_02485,House Dinner Crew,Food/social planning chat,Nate,2026-04-22T20:12:00.000Z,,reservation is at 7:45,important,event,reservation,Generated important Food/social planning chat message,12,12,8,20,noise,30,"{""✅"":1,""👀"":1}",time.explicit:12
msg_02486,House Dinner Crew,Food/social planning chat,Luke,2026-04-22T20:17:00.000Z,,lmao,noise,noise,noise,"Noise, joke, hype, or vague reply",0,0,0,0,noise,20,{},noise.one-word:-18; noise.laughter:-35; noise.vague-short:-12
msg_02487,House Dinner Crew,Food/social planning chat,Logan,2026-04-22T20:20:00.000Z,,can someone tell Tyler to chill,noise,noise,noise,"Noise, joke, hype, or vague reply",10,10,0,10,noise,25,{},question.intent:10
msg_02488,House Dinner Crew,Food/social planning chat,Luke,2026-04-22T20:21:00.000Z,,where are we meeting?,maybe,plan,meeting_question,Ambiguous message that may be useful in context,50,50,0,50,plan,79,{},event.social-anchor:12; plan.leaving-meeting:20; question.intent:10; question.event-context:8
msg_02489,House Dinner Crew,Food/social planning chat,Zoe,2026-04-22T20:26:00.000Z,,where are we meeting?,maybe,plan,meeting_question,Ambiguous message that may be useful in context,50,50,0,50,plan,79,"{""😂"":1}",event.social-anchor:12; plan.leaving-meeting:20; question.intent:10; question.event-context:8
msg_02490,House Dinner Crew,Food/social planning chat,Luke,2026-04-22T20:28:00.000Z,msg_02459,need one more person for the Costco run,important,logistics,ride_count,Generated important Food/social planning chat message,38,38,12,50,request,69,"{""✅"":1}",request.concrete-need:28; request.help-needed:10
msg_02491,House Dinner Crew,Food/social planning chat,Grace,2026-04-22T20:32:00.000Z,msg_02367,reservation is at 7:45,important,event,reservation,Generated important Food/social planning chat message,12,12,8,20,noise,30,"{""✅"":1}",time.explicit:12
msg_02492,House Dinner Crew,Food/social planning chat,Ethan,2026-04-22T20:33:00.000Z,,dinner moved to Friday,important,announcement,date_change,Generated important Food/social planning chat message,51,51,18,69,announcement,81,"{""✅"":1,""👀"":1,""📌"":1}",announcement.change:30; time.weekday:7; announcement.date-context:14
msg_02493,House Dinner Crew,Food/social planning chat,Noah,2026-04-22T20:38:00.000Z,,fire fit,noise,noise,noise,"Noise, joke, hype, or vague reply",0,0,0,0,noise,20,{},noise.vague-short:-12
msg_02494,House Dinner Crew,Food/social planning chat,Tessa,2026-04-22T20:41:00.000Z,,why is bro like this?,noise,noise,noise,"Noise, joke, hype, or vague reply",10,10,0,10,noise,25,"{""💀"":2,""😂"":4}",question.intent:10
msg_02495,House Dinner Crew,Food/social planning chat,Jake,2026-04-22T20:44:00.000Z,,pregame at the house?,maybe,question,event_question,Ambiguous message that may be useful in context,30,30,0,30,question,64,{},event.social-anchor:12; question.intent:10; question.event-context:8
msg_02496,House Dinner Crew,Food/social planning chat,Nate,2026-04-22T20:47:00.000Z,,who all is going Friday?,maybe,plan,attendance_question,Ambiguous message that may be useful in context,37,37,0,37,plan,66,{},plan.whos-going:20; time.weekday:7; question.intent:10
msg_02497,House Dinner Crew,Food/social planning chat,Luke,2026-04-22T20:50:00.000Z,,rush hour traffic sucks,noise,noise,noise,"Noise, joke, hype, or vague reply",12,12,0,12,noise,26,{},event.social-anchor:12
msg_02498,House Dinner Crew,Food/social planning chat,Grace,2026-04-22T20:51:00.000Z,,does anyone have tickets left?,maybe,request,ticket_availability,Ambiguous message that may be useful in context,46,46,0,46,request,69,{},deadline.payment:18; request.ticket-availability:18; question.intent:10
msg_02499,House Dinner Crew,Food/social planning chat,Olivia,2026-04-22T20:54:00.000Z,,bro,noise,noise,noise,"Noise, joke, hype, or vague reply",0,0,6,6,noise,23,"{""💀"":4,""😂"":1,""🔥"":2}",noise.one-word:-18; noise.casual-reply:-28; noise.vague-short:-12
msg_02500,House Dinner Crew,Food/social planning chat,Mason,2026-04-22T20:58:00.000Z,,can someone tell Tyler to chill,noise,noise,noise,"Noise, joke, hype, or vague reply",10,10,8,18,noise,29,"{""😂"":2,""🔥"":4,""💀"":2}",question.intent:10
msg_02501,House Dinner Crew,Food/social planning chat,Logan,2026-04-22T21:01:00.000Z,,where are we meeting?,maybe,plan,meeting_question,Ambiguous message that may be useful in context,50,50,0,50,plan,79,{},event.social-anchor:12; plan.leaving-meeting:20; question.intent:10; question.event-context:8
msg_02502,House Dinner Crew,Food/social planning chat,Zoe,2026-04-22T21:03:00.000Z,msg_02461,bring drinks if you have any,maybe,logistics,soft_supplies,Ambiguous message that may be useful in context,25,25,16,41,logistics,46,"{""❓"":1,""👀"":1}",logistics.supplies:25
msg_02503,House Dinner Crew,Food/social planning chat,Ethan,2026-04-22T21:07:00.000Z,msg_02344,need bro to retire,noise,noise,noise,"Noise, joke, hype, or vague reply",0,0,6,6,noise,23,"{""💀"":1,""🔥"":2}",
msg_02504,House Dinner Crew,Food/social planning chat,Harper,2026-04-22T21:09:00.000Z,,go go go go,noise,noise,noise,"Noise, joke, hype, or vague reply",0,0,0,0,noise,20,{},noise.repeated:-16; noise.vague-short:-12
msg_02505,House Dinner Crew,Food/social planning chat,Tessa,2026-04-22T21:12:00.000Z,,real,noise,noise,noise,"Noise, joke, hype, or vague reply",0,0,0,0,noise,20,{},noise.one-word:-18; noise.casual-reply:-28; noise.vague-short:-12
msg_02506,House Dinner Crew,Food/social planning chat,Lena,2026-04-22T21:17:00.000Z,,he fell off,noise,noise,noise,"Noise, joke, hype, or vague reply",0,0,0,0,noise,20,{},noise.hype-only:-24; noise.vague-short:-12
msg_02507,House Dinner Crew,Food/social planning chat,Noah,2026-04-22T21:20:00.000Z,,pregame at the house?,maybe,question,event_question,Ambiguous message that may be useful in context,30,30,0,30,question,64,{},event.social-anchor:12; question.intent:10; question.event-context:8
msg_02508,House Dinner Crew,Food/social planning chat,Marcus,2026-04-22T21:23:00.000Z,,rush hour traffic sucks,noise,noise,noise,"Noise, joke, hype, or vague reply",12,12,0,12,noise,26,{},event.social-anchor:12
msg_02509,House Dinner Crew,Food/social planning chat,Olivia,2026-04-22T21:25:00.000Z,,dinner moved to Friday,important,announcement,date_change,Generated important Food/social planning chat message,51,51,0,51,announcement,81,{},announcement.change:30; time.weekday:7; announcement.date-context:14
msg_02510,House Dinner Crew,Food/social planning chat,Lena,2026-04-22T21:28:00.000Z,,formal apology incoming,noise,noise,noise,"Noise, joke, hype, or vague reply",12,12,0,12,noise,26,"{""😂"":1}",event.social-anchor:12
msg_02511,House Dinner Crew,Food/social planning chat,Mason,2026-04-22T21:30:00.000Z,,reservation is at 7:45,important,event,reservation,Generated important Food/social planning chat message,12,12,8,20,noise,30,"{""👀"":1}",time.explicit:12
msg_02512,House Dinner Crew,Food/social planning chat,Tessa,2026-04-22T21:34:00.000Z,,I can drive after 10,maybe,logistics,availability,Ambiguous message that may be useful in context,42,42,0,42,logistics,60,{},logistics.transport:20; commitment.availability:22
msg_02513,House Dinner Crew,Food/social planning chat,Tessa,2026-04-22T21:37:00.000Z,,party animal,noise,noise,noise,"Noise, joke, hype, or vague reply",0,0,0,0,noise,20,{},event.social-anchor:12; noise.vague-short:-12
msg_02514,House Dinner Crew,Food/social planning chat,Zoe,2026-04-22T21:41:00.000Z,,he fell off,noise,noise,noise,"Noise, joke, hype, or vague reply",0,0,0,0,noise,20,{},noise.hype-only:-24; noise.vague-short:-12
msg_02515,House Dinner Crew,Food/social planning chat,Mason,2026-04-22T21:44:00.000Z,,W,noise,noise,noise,"Noise, joke, hype, or vague reply",0,0,3,3,noise,22,"{""😂"":3,""💀"":2,""🔥"":1}",noise.one-word:-18; noise.casual-reply:-28; noise.vague-short:-12
msg_02516,House Dinner Crew,Food/social planning chat,Tessa,2026-04-22T21:46:00.000Z,,skull,noise,noise,noise,"Noise, joke, hype, or vague reply",0,0,0,0,noise,20,{},noise.one-word:-18; noise.casual-reply:-28; noise.vague-short:-12
msg_02517,House Dinner Crew,Food/social planning chat,Lena,2026-04-22T21:50:00.000Z,,🔥🔥🔥,noise,noise,noise,"Noise, joke, hype, or vague reply",0,0,0,0,noise,20,"{""😂"":2}",noise.one-word:-18; noise.emoji-only:-35; noise.vague-short:-12
msg_02518,House Dinner Crew,Food/social planning chat,Olivia,2026-04-22T21:53:00.000Z,,dinner moved to Friday,important,announcement,date_change,Generated important Food/social planning chat message,51,51,0,51,announcement,81,{},announcement.change:30; time.weekday:7; announcement.date-context:14
msg_02519,House Dinner Crew,Food/social planning chat,Marcus,2026-04-22T21:56:00.000Z,,can someone bring plates,important,request,supplies,Generated important Food/social planning chat message,34,34,18,52,request,57,"{""👀"":1,""📌"":1}",request.can-someone:24; question.intent:10
msg_02520,House Dinner Crew,Food/social planning chat,Noah,2026-04-22T21:57:00.000Z,,party animal,noise,noise,noise,"Noise, joke, hype, or vague reply",0,0,8,8,noise,24,"{""😂"":2,""💀"":2,""🔥"":4}",event.social-anchor:12; noise.vague-short:-12
msg_02521,Weekend Festival Run,Festival/social trip chat,Mason,2026-04-22T22:02:00.000Z,,might go downtown later,maybe,noise,vague_plan,Ambiguous message that may be useful in context,12,12,8,20,noise,30,"{""👀"":1,""😂"":1}",event.social-anchor:12
msg_02522,Weekend Festival Run,Festival/social trip chat,Jake,2026-04-22T22:04:00.000Z,,tickets close tonight,important,deadline,tickets,Generated important Festival/social trip chat message,76,76,0,76,deadline,97,{},deadline.explicit:32; deadline.payment:18; time.relative:8; deadline.date-context:18
msg_02523,Weekend Festival Run,Festival/social trip chat,Mason,2026-04-22T22:06:00.000Z,,where are we meeting?,maybe,plan,meeting_question,Ambiguous message that may be useful in context,50,50,8,58,plan,79,"{""❓"":1}",event.social-anchor:12; plan.leaving-meeting:20; question.intent:10; question.event-context:8
msg_02524,Weekend Festival Run,Festival/social trip chat,Mason,2026-04-22T22:10:00.000Z,,pregame at the house?,maybe,question,event_question,Ambiguous message that may be useful in context,30,30,0,30,question,64,{},event.social-anchor:12; question.intent:10; question.event-context:8
msg_02525,Weekend Festival Run,Festival/social trip chat,Tessa,2026-04-22T22:12:00.000Z,,bro said formal like he owns the place,noise,noise,noise,"Noise, joke, hype, or vague reply",12,12,8,20,noise,30,"{""💀"":2,""🔥"":3,""😂"":2}",event.social-anchor:12
msg_02526,Weekend Festival Run,Festival/social trip chat,Chris,2026-04-22T22:17:00.000Z,,tickets close tonight,important,deadline,tickets,Generated important Festival/social trip chat message,76,76,30,100,deadline,97,"{""✅"":1,""📌"":1}",deadline.explicit:32; deadline.payment:18; time.relative:8; deadline.date-context:18
msg_02527,Weekend Festival Run,Festival/social trip chat,Grace,2026-04-22T22:18:00.000Z,,anyone able to grab snacks?,maybe,request,soft_request,Ambiguous message that may be useful in context,73,73,8,81,request,86,"{""❓"":1}",request.can-someone:24; logistics.supplies:25; question.intent:10; request.bring-supplies:14
msg_02528,Weekend Festival Run,Festival/social trip chat,Mia,2026-04-22T22:22:00.000Z,,what time is tailgate again,maybe,question,event_question,Ambiguous message that may be useful in context,30,30,0,30,question,64,{},event.social-anchor:12; question.intent:10; question.event-context:8
msg_02529,Weekend Festival Run,Festival/social trip chat,Olivia,2026-04-22T22:26:00.000Z,,nah,noise,noise,noise,"Noise, joke, hype, or vague reply",0,0,0,0,noise,20,{},noise.one-word:-18; noise.casual-reply:-28; noise.vague-short:-12
msg_02530,Weekend Festival Run,Festival/social trip chat,Zoe,2026-04-22T22:27:00.000Z,,might go downtown later,maybe,noise,vague_plan,Ambiguous message that may be useful in context,12,12,8,20,noise,30,"{""❓"":1,""😂"":1}",event.social-anchor:12
msg_02531,Weekend Festival Run,Festival/social trip chat,Mason,2026-04-22T22:31:00.000Z,,nah,noise,noise,noise,"Noise, joke, hype, or vague reply",0,0,3,3,noise,22,"{""🔥"":1}",noise.one-word:-18; noise.casual-reply:-28; noise.vague-short:-12
msg_02532,Weekend Festival Run,Festival/social trip chat,Zoe,2026-04-22T22:33:00.000Z,,you had to be there,noise,noise,noise,"Noise, joke, hype, or vague reply",0,0,3,3,noise,22,"{""😂"":2,""💀"":1,""🔥"":1}",noise.hype-only:-24
msg_02533,Weekend Festival Run,Festival/social trip chat,Noah,2026-04-22T22:37:00.000Z,,why is bro like this?,noise,noise,noise,"Noise, joke, hype, or vague reply",10,10,0,10,noise,25,{},question.intent:10
msg_02534,Weekend Festival Run,Festival/social trip chat,Zoe,2026-04-22T22:41:00.000Z,,meeting my downfall rn,noise,noise,noise,"Noise, joke, hype, or vague reply",12,12,0,12,noise,26,{},event.social-anchor:12
msg_02535,Weekend Festival Run,Festival/social trip chat,Lena,2026-04-22T22:42:00.000Z,,you had to be there,noise,noise,noise,"Noise, joke, hype, or vague reply",0,0,0,0,noise,20,{},noise.hype-only:-24
msg_02536,Weekend Festival Run,Festival/social trip chat,Noah,2026-04-22T22:47:00.000Z,,lol,noise,noise,noise,"Noise, joke, hype, or vague reply",0,0,0,0,noise,20,{},noise.one-word:-18; noise.laughter:-35; noise.vague-short:-12
msg_02537,Weekend Festival Run,Festival/social trip chat,Jake,2026-04-22T22:50:00.000Z,,need drivers for Saturday morning,important,logistics,ride_request,Generated important Festival/social trip chat message,63,63,12,75,request,100,"{""✅"":1}",request.concrete-need:28; logistics.transport:20; time.weekday:7; structure.concrete-details:8
msg_02538,Weekend Festival Run,Festival/social trip chat,Lena,2026-04-22T22:52:00.000Z,,bro,noise,noise,noise,"Noise, joke, hype, or vague reply",0,0,0,0,noise,20,{},noise.one-word:-18; noise.casual-reply:-28; noise.vague-short:-12
msg_02539,Weekend Festival Run,Festival/social trip chat,Quinn,2026-04-22T22:55:00.000Z,msg_02525,bring drinks if you have any,maybe,logistics,soft_supplies,Ambiguous message that may be useful in context,25,25,8,33,logistics,46,"{""👀"":1,""😂"":1}",logistics.supplies:25
msg_02540,Weekend Festival Run,Festival/social trip chat,Chris,2026-04-22T22:59:00.000Z,,bro said formal like he owns the place,noise,noise,noise,"Noise, joke, hype, or vague reply",12,12,0,12,noise,26,{},event.social-anchor:12
msg_02541,Weekend Festival Run,Festival/social trip chat,Harper,2026-04-22T23:02:00.000Z,,tickets close tonight,important,deadline,tickets,Generated important Festival/social trip chat message,76,76,30,100,deadline,97,"{""✅"":1,""📌"":1}",deadline.explicit:32; deadline.payment:18; time.relative:8; deadline.date-context:18
msg_02542,Weekend Festival Run,Festival/social trip chat,Harper,2026-04-22T23:04:00.000Z,,fire,noise,noise,noise,"Noise, joke, hype, or vague reply",0,0,0,0,noise,20,{},noise.one-word:-18; noise.casual-reply:-28; noise.vague-short:-12
msg_02543,Weekend Festival Run,Festival/social trip chat,Marcus,2026-04-22T23:07:00.000Z,,meetup moved to west entrance,important,announcement,location_change,Generated important Festival/social trip chat message,30,30,18,48,announcement,48,"{""📌"":1}",announcement.change:30
msg_02544,Weekend Festival Run,Festival/social trip chat,Mia,2026-04-22T23:11:00.000Z,,I can bring cups,maybe,logistics,supply_commitment,Ambiguous message that may be useful in context,35,35,0,35,logistics,58,{},logistics.supplies:25; commitment.availability:22; noise.vague-short:-12
msg_02545,Weekend Festival Run,Festival/social trip chat,Harper,2026-04-22T23:13:00.000Z,,formal apology incoming,noise,noise,noise,"Noise, joke, hype, or vague reply",12,12,0,12,noise,26,{},event.social-anchor:12
msg_02546,Weekend Festival Run,Festival/social trip chat,Tyler,2026-04-22T23:16:00.000Z,,bring drinks if you have any,maybe,logistics,soft_supplies,Ambiguous message that may be useful in context,25,25,8,33,logistics,46,"{""❓"":1,""😂"":1}",logistics.supplies:25
msg_02547,Weekend Festival Run,Festival/social trip chat,Tessa,2026-04-22T23:19:00.000Z,,meetup moved to west entrance,important,announcement,location_change,Generated important Festival/social trip chat message,30,30,12,42,announcement,48,"{""✅"":1}",announcement.change:30
msg_02548,Weekend Festival Run,Festival/social trip chat,Grace,2026-04-22T23:21:00.000Z,,tickets close tonight,important,deadline,tickets,Generated important Festival/social trip chat message,76,76,0,76,deadline,97,{},deadline.explicit:32; deadline.payment:18; time.relative:8; deadline.date-context:18
msg_02549,Weekend Festival Run,Festival/social trip chat,Harper,2026-04-22T23:26:00.000Z,msg_02547,tickets close tonight,important,deadline,tickets,Generated important Festival/social trip chat message,76,76,0,76,deadline,97,{},deadline.explicit:32; deadline.payment:18; time.relative:8; deadline.date-context:18
msg_02550,Weekend Festival Run,Festival/social trip chat,Luke,2026-04-22T23:29:00.000Z,,deadline for being washed is tonight,noise,noise,noise,"Noise, joke, hype, or vague reply",58,58,0,58,deadline,83,{},deadline.explicit:32; time.relative:8; deadline.date-context:18
msg_02551,Weekend Festival Run,Festival/social trip chat,Noah,2026-04-22T23:30:00.000Z,,no shot,noise,noise,noise,"Noise, joke, hype, or vague reply",0,0,0,0,noise,20,{},noise.hype-only:-24; noise.vague-short:-12
msg_02552,Weekend Festival Run,Festival/social trip chat,Lena,2026-04-22T23:33:00.000Z,msg_02531,tickets close tonight,important,deadline,tickets,Generated important Festival/social trip chat message,76,76,30,100,deadline,97,"{""👀"":1,""📌"":1}",deadline.explicit:32; deadline.payment:18; time.relative:8; deadline.date-context:18
msg_02553,Weekend Festival Run,Festival/social trip chat,Mason,2026-04-22T23:38:00.000Z,,need drivers for Saturday morning,important,logistics,ride_request,Generated important Festival/social trip chat message,63,63,30,93,request,100,"{""✅"":1,""📌"":1}",request.concrete-need:28; logistics.transport:20; time.weekday:7; structure.concrete-details:8
msg_02554,Weekend Festival Run,Festival/social trip chat,Quinn,2026-04-22T23:39:00.000Z,,are we still doing the same place?,maybe,question,context_needed,Ambiguous message that may be useful in context,10,10,8,18,noise,29,"{""❓"":1,""😂"":1}",question.intent:10
msg_02555,Weekend Festival Run,Festival/social trip chat,Mason,2026-04-22T23:44:00.000Z,,need drivers for Saturday morning,important,logistics,ride_request,Generated important Festival/social trip chat message,63,63,0,63,request,100,{},request.concrete-need:28; logistics.transport:20; time.weekday:7; structure.concrete-details:8
msg_02556,Weekend Festival Run,Festival/social trip chat,Nate,2026-04-22T23:47:00.000Z,,parking pass due by Friday,important,deadline,parking,Generated important Festival/social trip chat message,57,57,12,69,deadline,83,"{""✅"":1}",deadline.explicit:32; time.weekday:7; deadline.date-context:18
msg_02557,Weekend Festival Run,Festival/social trip chat,Noah,2026-04-22T23:50:00.000Z,,no shot,noise,noise,noise,"Noise, joke, hype, or vague reply",0,0,0,0,noise,20,{},noise.hype-only:-24; noise.vague-short:-12
msg_02558,Weekend Festival Run,Festival/social trip chat,Olivia,2026-04-22T23:52:00.000Z,,parking pass due by Friday,important,deadline,parking,Generated important Festival/social trip chat message,57,57,8,65,deadline,83,"{""👀"":1}",deadline.explicit:32; time.weekday:7; deadline.date-context:18
msg_02559,Weekend Festival Run,Festival/social trip chat,Chris,2026-04-22T23:55:00.000Z,,"set starts at 9, meet by the gate at 8",important,event,set_time,Generated important Festival/social trip chat message,40,40,12,52,event,59,"{""✅"":1}",event.starts-time:28; time.explicit:12
msg_02560,Weekend Festival Run,Festival/social trip chat,Ethan,2026-04-22T23:58:00.000Z,,anyone able to grab snacks?,maybe,request,soft_request,Ambiguous message that may be useful in context,73,73,12,85,request,86,"{""✅"":1}",request.can-someone:24; logistics.supplies:25; question.intent:10; request.bring-supplies:14
msg_02561,Weekend Festival Run,Festival/social trip chat,Nate,2026-04-23T00:02:00.000Z,,"set starts at 9, meet by the gate at 8",important,event,set_time,Generated important Festival/social trip chat message,40,40,8,48,event,59,"{""👀"":1}",event.starts-time:28; time.explicit:12
msg_02562,Weekend Festival Run,Festival/social trip chat,Olivia,2026-04-23T00:05:00.000Z,msg_02521,nah,noise,noise,noise,"Noise, joke, hype, or vague reply",0,0,8,8,noise,24,"{""🔥"":4,""💀"":3,""😂"":1}",noise.one-word:-18; noise.casual-reply:-28; noise.vague-short:-12
msg_02563,Weekend Festival Run,Festival/social trip chat,Zoe,2026-04-23T00:06:00.000Z,,might go downtown later,maybe,noise,vague_plan,Ambiguous message that may be useful in context,12,12,0,12,noise,26,{},event.social-anchor:12
msg_02564,Weekend Festival Run,Festival/social trip chat,Marcus,2026-04-23T00:11:00.000Z,msg_02553,need drivers for Saturday morning,important,logistics,ride_request,Generated important Festival/social trip chat message,63,63,8,71,request,100,"{""👀"":1}",request.concrete-need:28; logistics.transport:20; time.weekday:7; structure.concrete-details:8
msg_02565,Weekend Festival Run,Festival/social trip chat,Jake,2026-04-23T00:14:00.000Z,,tickets close tonight,important,deadline,tickets,Generated important Festival/social trip chat message,76,76,8,84,deadline,97,"{""👀"":1}",deadline.explicit:32; deadline.payment:18; time.relative:8; deadline.date-context:18
msg_02566,Weekend Festival Run,Festival/social trip chat,Nate,2026-04-23T00:17:00.000Z,,need drivers for Saturday morning,important,logistics,ride_request,Generated important Festival/social trip chat message,63,63,8,71,request,100,"{""👀"":1}",request.concrete-need:28; logistics.transport:20; time.weekday:7; structure.concrete-details:8
msg_02567,Weekend Festival Run,Festival/social trip chat,Luke,2026-04-23T00:19:00.000Z,,who all is going Friday?,maybe,plan,attendance_question,Ambiguous message that may be useful in context,37,37,8,45,plan,66,"{""👀"":1}",plan.whos-going:20; time.weekday:7; question.intent:10
msg_02568,Weekend Festival Run,Festival/social trip chat,Tyler,2026-04-23T00:22:00.000Z,,deadline for being washed is tonight,noise,noise,noise,"Noise, joke, hype, or vague reply",58,58,0,58,deadline,83,{},deadline.explicit:32; time.relative:8; deadline.date-context:18
msg_02569,Weekend Festival Run,Festival/social trip chat,Grace,2026-04-23T00:24:00.000Z,,can someone tell Tyler to chill,noise,noise,noise,"Noise, joke, hype, or vague reply",10,10,0,10,noise,25,{},question.intent:10
msg_02570,Weekend Festival Run,Festival/social trip chat,Nate,2026-04-23T00:29:00.000Z,,parking pass due by Friday,important,deadline,parking,Generated important Festival/social trip chat message,57,57,8,65,deadline,83,"{""👀"":1}",deadline.explicit:32; time.weekday:7; deadline.date-context:18
msg_02571,Weekend Festival Run,Festival/social trip chat,Quinn,2026-04-23T00:31:00.000Z,,"set starts at 9, meet by the gate at 8",important,event,set_time,Generated important Festival/social trip chat message,40,40,12,52,event,59,"{""✅"":1}",event.starts-time:28; time.explicit:12
msg_02572,Weekend Festival Run,Festival/social trip chat,Quinn,2026-04-23T00:35:00.000Z,,bring drinks if you have any,maybe,logistics,soft_supplies,Ambiguous message that may be useful in context,25,25,18,43,logistics,46,"{""❓"":1,""✅"":1}",logistics.supplies:25
msg_02573,Weekend Festival Run,Festival/social trip chat,Grace,2026-04-23T00:36:00.000Z,,he fell off,noise,noise,noise,"Noise, joke, hype, or vague reply",0,0,0,0,noise,20,{},noise.hype-only:-24; noise.vague-short:-12
msg_02574,Weekend Festival Run,Festival/social trip chat,Marcus,2026-04-23T00:41:00.000Z,msg_02543,Friday was insane,noise,noise,noise,"Noise, joke, hype, or vague reply",7,7,8,15,noise,28,"{""💀"":2,""🔥"":3,""😂"":1}",time.weekday:7
msg_02575,Weekend Festival Run,Festival/social trip chat,Tyler,2026-04-23T00:43:00.000Z,,are we still doing the same place?,maybe,question,context_needed,Ambiguous message that may be useful in context,10,10,0,10,noise,25,"{""😂"":1}",question.intent:10
msg_02576,Weekend Festival Run,Festival/social trip chat,Luke,2026-04-23T00:47:00.000Z,,where are we meeting?,maybe,plan,meeting_question,Ambiguous message that may be useful in context,50,50,0,50,plan,79,{},event.social-anchor:12; plan.leaving-meeting:20; question.intent:10; question.event-context:8
msg_02577,Weekend Festival Run,Festival/social trip chat,Chris,2026-04-23T00:49:00.000Z,,????????,noise,noise,noise,"Noise, joke, hype, or vague reply",0,0,0,0,noise,20,{},question.intent:10; noise.one-word:-18; noise.repeated:-16; noise.vague-short:-12
msg_02578,Weekend Festival Run,Festival/social trip chat,Nate,2026-04-23T00:52:00.000Z,,"set starts at 9, meet by the gate at 8",important,event,set_time,Generated important Festival/social trip chat message,40,40,0,40,event,59,{},event.starts-time:28; time.explicit:12
msg_02579,Weekend Festival Run,Festival/social trip chat,Marcus,2026-04-23T00:54:00.000Z,,rush hour traffic sucks,noise,noise,noise,"Noise, joke, hype, or vague reply",12,12,0,12,noise,26,{},event.social-anchor:12
msg_02580,Weekend Festival Run,Festival/social trip chat,Chris,2026-04-23T00:58:00.000Z,,W,noise,noise,noise,"Noise, joke, hype, or vague reply",0,0,0,0,noise,20,"{""💀"":1}",noise.one-word:-18; noise.casual-reply:-28; noise.vague-short:-12
msg_02581,Weekend Festival Run,Festival/social trip chat,Zoe,2026-04-23T01:02:00.000Z,,"set starts at 9, meet by the gate at 8",important,event,set_time,Generated important Festival/social trip chat message,40,40,12,52,event,59,"{""✅"":1}",event.starts-time:28; time.explicit:12
msg_02582,Weekend Festival Run,Festival/social trip chat,Nate,2026-04-23T01:05:00.000Z,,need drivers for Saturday morning,important,logistics,ride_request,Generated important Festival/social trip chat message,63,63,30,93,request,100,"{""✅"":1,""📌"":1}",request.concrete-need:28; logistics.transport:20; time.weekday:7; structure.concrete-details:8
msg_02583,Weekend Festival Run,Festival/social trip chat,Olivia,2026-04-23T01:07:00.000Z,,I could drive tomorrow,maybe,logistics,availability,Ambiguous message that may be useful in context,50,50,12,62,logistics,71,"{""✅"":1,""😂"":1}",logistics.transport:20; commitment.availability:22; time.relative:8
msg_02584,Weekend Festival Run,Festival/social trip chat,Mason,2026-04-23T01:11:00.000Z,msg_02546,need drivers for Saturday morning,important,logistics,ride_request,Generated important Festival/social trip chat message,63,63,0,63,request,100,{},request.concrete-need:28; logistics.transport:20; time.weekday:7; structure.concrete-details:8
msg_02585,Weekend Festival Run,Festival/social trip chat,Olivia,2026-04-23T01:13:00.000Z,,tickets close tonight,important,deadline,tickets,Generated important Festival/social trip chat message,76,76,12,88,deadline,97,"{""✅"":1}",deadline.explicit:32; deadline.payment:18; time.relative:8; deadline.date-context:18
msg_02586,Weekend Festival Run,Festival/social trip chat,Mia,2026-04-23T01:17:00.000Z,,deadline for being washed is tonight,noise,noise,noise,"Noise, joke, hype, or vague reply",58,58,0,58,deadline,83,"{""💀"":1}",deadline.explicit:32; time.relative:8; deadline.date-context:18
msg_02587,Weekend Festival Run,Festival/social trip chat,Quinn,2026-04-23T01:19:00.000Z,,pregame at the house?,maybe,question,event_question,Ambiguous message that may be useful in context,30,30,18,48,question,64,"{""👀"":1,""✅"":1}",event.social-anchor:12; question.intent:10; question.event-context:8
msg_02588,Weekend Festival Run,Festival/social trip chat,Harper,2026-04-23T01:23:00.000Z,,"set starts at 9, meet by the gate at 8",important,event,set_time,Generated important Festival/social trip chat message,40,40,12,52,event,59,"{""✅"":1}",event.starts-time:28; time.explicit:12
msg_02589,Weekend Festival Run,Festival/social trip chat,Mason,2026-04-23T01:25:00.000Z,,I could drive tomorrow,maybe,logistics,availability,Ambiguous message that may be useful in context,50,50,12,62,logistics,71,"{""✅"":1,""😂"":1}",logistics.transport:20; commitment.availability:22; time.relative:8
msg_02590,Weekend Festival Run,Festival/social trip chat,Tessa,2026-04-23T01:29:00.000Z,msg_02535,what time are y'all leaving?,maybe,plan,departure_question,Ambiguous message that may be useful in context,30,30,12,42,plan,56,"{""✅"":1}",plan.leaving-meeting:20; question.intent:10
msg_02591,Weekend Festival Run,Festival/social trip chat,Marcus,2026-04-23T01:31:00.000Z,,parking pass due by Friday,important,deadline,parking,Generated important Festival/social trip chat message,57,57,8,65,deadline,83,"{""👀"":1}",deadline.explicit:32; time.weekday:7; deadline.date-context:18
msg_02592,Weekend Festival Run,Festival/social trip chat,Lena,2026-04-23T01:33:00.000Z,,who all is going Friday?,maybe,plan,attendance_question,Ambiguous message that may be useful in context,37,37,0,37,plan,66,{},plan.whos-going:20; time.weekday:7; question.intent:10
msg_02593,Weekend Festival Run,Festival/social trip chat,Harper,2026-04-23T01:38:00.000Z,,what time are y'all leaving?,maybe,plan,departure_question,Ambiguous message that may be useful in context,30,30,12,42,plan,56,"{""✅"":1}",plan.leaving-meeting:20; question.intent:10
msg_02594,Weekend Festival Run,Festival/social trip chat,Zoe,2026-04-23T01:39:00.000Z,,party animal,noise,noise,noise,"Noise, joke, hype, or vague reply",0,0,0,0,noise,20,{},event.social-anchor:12; noise.vague-short:-12
msg_02595,Weekend Festival Run,Festival/social trip chat,Marcus,2026-04-23T01:42:00.000Z,,meeting my downfall rn,noise,noise,noise,"Noise, joke, hype, or vague reply",12,12,0,12,noise,26,{},event.social-anchor:12
msg_02596,Weekend Festival Run,Festival/social trip chat,Nate,2026-04-23T01:47:00.000Z,,what time are y'all leaving?,maybe,plan,departure_question,Ambiguous message that may be useful in context,30,30,8,38,plan,56,"{""👀"":1,""😂"":1}",plan.leaving-meeting:20; question.intent:10
msg_02597,Weekend Festival Run,Festival/social trip chat,Chris,2026-04-23T01:50:00.000Z,msg_02535,fire,noise,noise,noise,"Noise, joke, hype, or vague reply",0,0,0,0,noise,20,{},noise.one-word:-18; noise.casual-reply:-28; noise.vague-short:-12
msg_02598,Weekend Festival Run,Festival/social trip chat,Lena,2026-04-23T01:52:00.000Z,,are we still doing the same place?,maybe,question,context_needed,Ambiguous message that may be useful in context,10,10,0,10,noise,25,{},question.intent:10
msg_02599,Weekend Festival Run,Festival/social trip chat,Olivia,2026-04-23T01:54:00.000Z,,where are we meeting?,maybe,plan,meeting_question,Ambiguous message that may be useful in context,50,50,0,50,plan,79,{},event.social-anchor:12; plan.leaving-meeting:20; question.intent:10; question.event-context:8
msg_02600,Weekend Festival Run,Festival/social trip chat,Grace,2026-04-23T01:59:00.000Z,,meetup moved to west entrance,important,announcement,location_change,Generated important Festival/social trip chat message,30,30,12,42,announcement,48,"{""✅"":1}",announcement.change:30
msg_02601,Weekend Festival Run,Festival/social trip chat,Harper,2026-04-23T02:00:00.000Z,,need drivers for Saturday morning,important,logistics,ride_request,Generated important Festival/social trip chat message,63,63,8,71,request,100,"{""👀"":1}",request.concrete-need:28; logistics.transport:20; time.weekday:7; structure.concrete-details:8
msg_02602,Weekend Festival Run,Festival/social trip chat,Mason,2026-04-23T02:05:00.000Z,,need drivers for Saturday morning,important,logistics,ride_request,Generated important Festival/social trip chat message,63,63,12,75,request,100,"{""✅"":1}",request.concrete-need:28; logistics.transport:20; time.weekday:7; structure.concrete-details:8
msg_02603,Weekend Festival Run,Festival/social trip chat,Mia,2026-04-23T02:08:00.000Z,,parking pass due by Friday,important,deadline,parking,Generated important Festival/social trip chat message,57,57,12,69,deadline,83,"{""✅"":1}",deadline.explicit:32; time.weekday:7; deadline.date-context:18
msg_02604,Weekend Festival Run,Festival/social trip chat,Mia,2026-04-23T02:10:00.000Z,,need drivers for Saturday morning,important,logistics,ride_request,Generated important Festival/social trip chat message,63,63,12,75,request,100,"{""✅"":1}",request.concrete-need:28; logistics.transport:20; time.weekday:7; structure.concrete-details:8
msg_02605,Weekend Festival Run,Festival/social trip chat,Jake,2026-04-23T02:12:00.000Z,msg_02581,pregame at the house?,maybe,question,event_question,Ambiguous message that may be useful in context,30,30,0,30,question,64,{},event.social-anchor:12; question.intent:10; question.event-context:8
msg_02606,Weekend Festival Run,Festival/social trip chat,Quinn,2026-04-23T02:15:00.000Z,,I can drive after 10,maybe,logistics,availability,Ambiguous message that may be useful in context,42,42,18,60,logistics,60,"{""❓"":1,""✅"":1,""😂"":1}",logistics.transport:20; commitment.availability:22
msg_02607,Weekend Festival Run,Festival/social trip chat,Luke,2026-04-23T02:19:00.000Z,,😭😭😭,noise,noise,noise,"Noise, joke, hype, or vague reply",0,0,0,0,noise,20,{},noise.one-word:-18; noise.emoji-only:-35; noise.vague-short:-12
msg_02608,Weekend Festival Run,Festival/social trip chat,Noah,2026-04-23T02:22:00.000Z,,who all is going Friday?,maybe,plan,attendance_question,Ambiguous message that may be useful in context,37,37,0,37,plan,66,"{""😂"":1}",plan.whos-going:20; time.weekday:7; question.intent:10
msg_02609,Weekend Festival Run,Festival/social trip chat,Lena,2026-04-23T02:26:00.000Z,,bro said formal like he owns the place,noise,noise,noise,"Noise, joke, hype, or vague reply",12,12,0,12,noise,26,{},event.social-anchor:12
msg_02610,Weekend Festival Run,Festival/social trip chat,Harper,2026-04-23T02:27:00.000Z,,meeting my downfall rn,noise,noise,noise,"Noise, joke, hype, or vague reply",12,12,6,18,noise,29,"{""😂"":1,""🔥"":2}",event.social-anchor:12
msg_02611,Weekend Festival Run,Festival/social trip chat,Olivia,2026-04-23T02:31:00.000Z,,might go downtown later,maybe,noise,vague_plan,Ambiguous message that may be useful in context,12,12,0,12,noise,26,{},event.social-anchor:12
msg_02612,Weekend Festival Run,Festival/social trip chat,Mia,2026-04-23T02:34:00.000Z,,"set starts at 9, meet by the gate at 8",important,event,set_time,Generated important Festival/social trip chat message,40,40,18,58,event,59,"{""👀"":1,""📌"":1}",event.starts-time:28; time.explicit:12
msg_02613,Weekend Festival Run,Festival/social trip chat,Marcus,2026-04-23T02:38:00.000Z,,anyone able to grab snacks?,maybe,request,soft_request,Ambiguous message that may be useful in context,73,73,0,73,request,86,{},request.can-someone:24; logistics.supplies:25; question.intent:10; request.bring-supplies:14
msg_02614,Weekend Festival Run,Festival/social trip chat,Zoe,2026-04-23T02:40:00.000Z,,meetup moved to west entrance,important,announcement,location_change,Generated important Festival/social trip chat message,30,30,8,38,announcement,48,"{""👀"":1}",announcement.change:30
msg_02615,Weekend Festival Run,Festival/social trip chat,Lena,2026-04-23T02:42:00.000Z,,fire,noise,noise,noise,"Noise, joke, hype, or vague reply",0,0,0,0,noise,20,{},noise.one-word:-18; noise.casual-reply:-28; noise.vague-short:-12
msg_02616,Weekend Festival Run,Festival/social trip chat,Ethan,2026-04-23T02:45:00.000Z,,🔥🔥🔥,noise,noise,noise,"Noise, joke, hype, or vague reply",0,0,0,0,noise,20,{},noise.one-word:-18; noise.emoji-only:-35; noise.vague-short:-12
msg_02617,Weekend Festival Run,Festival/social trip chat,Tessa,2026-04-23T02:48:00.000Z,,what time is tailgate again,maybe,question,event_question,Ambiguous message that may be useful in context,30,30,8,38,question,64,"{""👀"":1}",event.social-anchor:12; question.intent:10; question.event-context:8
msg_02618,Weekend Festival Run,Festival/social trip chat,Chris,2026-04-23T02:51:00.000Z,msg_02533,I can drive after 10,maybe,logistics,availability,Ambiguous message that may be useful in context,42,42,0,42,logistics,60,"{""😂"":1}",logistics.transport:20; commitment.availability:22
msg_02619,Weekend Festival Run,Festival/social trip chat,Tessa,2026-04-23T02:54:00.000Z,,are we still doing the same place?,maybe,question,context_needed,Ambiguous message that may be useful in context,10,10,8,18,noise,29,"{""❓"":1}",question.intent:10
msg_02620,Weekend Festival Run,Festival/social trip chat,Zoe,2026-04-23T02:59:00.000Z,msg_02542,what time is tailgate again,maybe,question,event_question,Ambiguous message that may be useful in context,30,30,0,30,question,64,{},event.social-anchor:12; question.intent:10; question.event-context:8
msg_02621,Weekend Festival Run,Festival/social trip chat,Tyler,2026-04-23T03:00:00.000Z,,who all is going Friday?,maybe,plan,attendance_question,Ambiguous message that may be useful in context,37,37,0,37,plan,66,{},plan.whos-going:20; time.weekday:7; question.intent:10
msg_02622,Weekend Festival Run,Festival/social trip chat,Marcus,2026-04-23T03:03:00.000Z,,need drivers for Saturday morning,important,logistics,ride_request,Generated important Festival/social trip chat message,63,63,8,71,request,100,"{""👀"":1}",request.concrete-need:28; logistics.transport:20; time.weekday:7; structure.concrete-details:8
msg_02623,Weekend Festival Run,Festival/social trip chat,Mia,2026-04-23T03:06:00.000Z,msg_02602,are we still doing the same place?,maybe,question,context_needed,Ambiguous message that may be useful in context,10,10,0,10,noise,25,{},question.intent:10
msg_02624,Weekend Festival Run,Festival/social trip chat,Tessa,2026-04-23T03:09:00.000Z,msg_02606,no shot,noise,noise,noise,"Noise, joke, hype, or vague reply",0,0,0,0,noise,20,{},noise.hype-only:-24; noise.vague-short:-12
msg_02625,Weekend Festival Run,Festival/social trip chat,Ethan,2026-04-23T03:12:00.000Z,,might go downtown later,maybe,noise,vague_plan,Ambiguous message that may be useful in context,12,12,0,12,noise,26,{},event.social-anchor:12
msg_02626,Weekend Festival Run,Festival/social trip chat,Harper,2026-04-23T03:17:00.000Z,,need drivers for Saturday morning,important,logistics,ride_request,Generated important Festival/social trip chat message,63,63,20,83,request,100,"{""✅"":1,""👀"":1}",request.concrete-need:28; logistics.transport:20; time.weekday:7; structure.concrete-details:8
msg_02627,Weekend Festival Run,Festival/social trip chat,Olivia,2026-04-23T03:20:00.000Z,msg_02583,who up,noise,noise,noise,"Noise, joke, hype, or vague reply",0,0,6,6,noise,23,"{""🔥"":2,""😂"":1}",noise.hype-only:-24; noise.casual-question:-14; noise.vague-short:-12
msg_02628,Weekend Festival Run,Festival/social trip chat,Tyler,2026-04-23T03:21:00.000Z,,tickets close tonight,important,deadline,tickets,Generated important Festival/social trip chat message,76,76,24,100,deadline,97,"{""📌"":1}",deadline.explicit:32; deadline.payment:18; time.relative:8; deadline.date-context:18
msg_02629,Weekend Festival Run,Festival/social trip chat,Noah,2026-04-23T03:24:00.000Z,,go go go go,noise,noise,noise,"Noise, joke, hype, or vague reply",0,0,0,0,noise,20,{},noise.repeated:-16; noise.vague-short:-12
msg_02630,Weekend Festival Run,Festival/social trip chat,Quinn,2026-04-23T03:28:00.000Z,,formal apology incoming,noise,noise,noise,"Noise, joke, hype, or vague reply",12,12,0,12,noise,26,{},event.social-anchor:12
msg_02631,Weekend Festival Run,Festival/social trip chat,Chris,2026-04-23T03:31:00.000Z,,formal apology incoming,noise,noise,noise,"Noise, joke, hype, or vague reply",12,12,0,12,noise,26,{},event.social-anchor:12
msg_02632,Weekend Festival Run,Festival/social trip chat,Lena,2026-04-23T03:33:00.000Z,msg_02592,lmao,noise,noise,noise,"Noise, joke, hype, or vague reply",0,0,0,0,noise,20,{},noise.one-word:-18; noise.laughter:-35; noise.vague-short:-12
msg_02633,Weekend Festival Run,Festival/social trip chat,Mia,2026-04-23T03:36:00.000Z,,parking pass due by Friday,important,deadline,parking,Generated important Festival/social trip chat message,57,57,12,69,deadline,83,"{""✅"":1}",deadline.explicit:32; time.weekday:7; deadline.date-context:18
msg_02634,Weekend Festival Run,Festival/social trip chat,Olivia,2026-04-23T03:41:00.000Z,,absolute cinema,noise,noise,noise,"Noise, joke, hype, or vague reply",0,0,0,0,noise,20,{},noise.hype-only:-24; noise.vague-short:-12
msg_02635,Weekend Festival Run,Festival/social trip chat,Ethan,2026-04-23T03:43:00.000Z,,W,noise,noise,noise,"Noise, joke, hype, or vague reply",0,0,0,0,noise,20,{},noise.one-word:-18; noise.casual-reply:-28; noise.vague-short:-12
msg_02636,Weekend Festival Run,Festival/social trip chat,Harper,2026-04-23T03:47:00.000Z,,who all is going Friday?,maybe,plan,attendance_question,Ambiguous message that may be useful in context,37,37,0,37,plan,66,{},plan.whos-going:20; time.weekday:7; question.intent:10
msg_02637,Weekend Festival Run,Festival/social trip chat,Ethan,2026-04-23T03:49:00.000Z,,what time are y'all leaving?,maybe,plan,departure_question,Ambiguous message that may be useful in context,30,30,18,48,plan,56,"{""❓"":1,""✅"":1,""😂"":1}",plan.leaving-meeting:20; question.intent:10
msg_02638,Weekend Festival Run,Festival/social trip chat,Ethan,2026-04-23T03:53:00.000Z,,bro,noise,noise,noise,"Noise, joke, hype, or vague reply",0,0,0,0,noise,20,{},noise.one-word:-18; noise.casual-reply:-28; noise.vague-short:-12
msg_02639,Weekend Festival Run,Festival/social trip chat,Tyler,2026-04-23T03:54:00.000Z,msg_02565,meetup moved to west entrance,important,announcement,location_change,Generated important Festival/social trip chat message,30,30,12,42,announcement,48,"{""✅"":1}",announcement.change:30
msg_02640,Weekend Festival Run,Festival/social trip chat,Zoe,2026-04-23T03:59:00.000Z,,no shot,noise,noise,noise,"Noise, joke, hype, or vague reply",0,0,0,0,noise,20,"{""😂"":1,""💀"":1}",noise.hype-only:-24; noise.vague-short:-12
msg_02641,Weekend Festival Run,Festival/social trip chat,Jake,2026-04-23T04:00:00.000Z,,nah,noise,noise,noise,"Noise, joke, hype, or vague reply",0,0,0,0,noise,20,{},noise.one-word:-18; noise.casual-reply:-28; noise.vague-short:-12
msg_02642,Weekend Festival Run,Festival/social trip chat,Nate,2026-04-23T04:03:00.000Z,,rush hour traffic sucks,noise,noise,noise,"Noise, joke, hype, or vague reply",12,12,0,12,noise,26,{},event.social-anchor:12
msg_02643,Weekend Festival Run,Festival/social trip chat,Nate,2026-04-23T04:06:00.000Z,,real,noise,noise,noise,"Noise, joke, hype, or vague reply",0,0,0,0,noise,20,{},noise.one-word:-18; noise.casual-reply:-28; noise.vague-short:-12
msg_02644,Weekend Festival Run,Festival/social trip chat,Chris,2026-04-23T04:09:00.000Z,,formal apology incoming,noise,noise,noise,"Noise, joke, hype, or vague reply",12,12,6,18,noise,29,"{""🔥"":2,""💀"":1}",event.social-anchor:12
msg_02645,Weekend Festival Run,Festival/social trip chat,Lena,2026-04-23T04:12:00.000Z,msg_02609,meeting my downfall rn,noise,noise,noise,"Noise, joke, hype, or vague reply",12,12,0,12,noise,26,{},event.social-anchor:12
msg_02646,Weekend Festival Run,Festival/social trip chat,Lena,2026-04-23T04:15:00.000Z,,I can bring cups,maybe,logistics,supply_commitment,Ambiguous message that may be useful in context,35,35,16,51,logistics,58,"{""❓"":1,""👀"":1}",logistics.supplies:25; commitment.availability:22; noise.vague-short:-12
msg_02647,Weekend Festival Run,Festival/social trip chat,Luke,2026-04-23T04:18:00.000Z,,Friday was insane,noise,noise,noise,"Noise, joke, hype, or vague reply",7,7,0,7,noise,24,"{""💀"":3,""😂"":1}",time.weekday:7
msg_02648,Weekend Festival Run,Festival/social trip chat,Lena,2026-04-23T04:23:00.000Z,,anyone able to grab snacks?,maybe,request,soft_request,Ambiguous message that may be useful in context,73,73,0,73,request,86,"{""😂"":1}",request.can-someone:24; logistics.supplies:25; question.intent:10; request.bring-supplies:14
msg_02649,Weekend Festival Run,Festival/social trip chat,Noah,2026-04-23T04:24:00.000Z,,who has the speaker?,maybe,question,item_question,Ambiguous message that may be useful in context,10,10,0,10,noise,25,{},question.intent:10
msg_02650,Weekend Festival Run,Festival/social trip chat,Zoe,2026-04-23T04:29:00.000Z,msg_02603,parking pass due by Friday,important,deadline,parking,Generated important Festival/social trip chat message,57,57,0,57,deadline,83,{},deadline.explicit:32; time.weekday:7; deadline.date-context:18
msg_02651,Weekend Festival Run,Festival/social trip chat,Mason,2026-04-23T04:30:00.000Z,,need drivers for Saturday morning,important,logistics,ride_request,Generated important Festival/social trip chat message,63,63,24,87,request,100,"{""📌"":1}",request.concrete-need:28; logistics.transport:20; time.weekday:7; structure.concrete-details:8
msg_02652,Weekend Festival Run,Festival/social trip chat,Nate,2026-04-23T04:34:00.000Z,,meetup moved to west entrance,important,announcement,location_change,Generated important Festival/social trip chat message,30,30,18,48,announcement,48,"{""✅"":1,""👀"":1,""📌"":1}",announcement.change:30
msg_02653,Weekend Festival Run,Festival/social trip chat,Noah,2026-04-23T04:36:00.000Z,,can someone tell Tyler to chill,noise,noise,noise,"Noise, joke, hype, or vague reply",10,10,0,10,noise,25,{},question.intent:10
msg_02654,Weekend Festival Run,Festival/social trip chat,Mason,2026-04-23T04:41:00.000Z,,who let him cook?,noise,noise,noise,"Noise, joke, hype, or vague reply",0,0,0,0,noise,20,{},question.intent:10; noise.vague-short:-12
msg_02655,Weekend Festival Run,Festival/social trip chat,Zoe,2026-04-23T04:42:00.000Z,,need drivers for Saturday morning,important,logistics,ride_request,Generated important Festival/social trip chat message,63,63,12,75,request,100,"{""✅"":1}",request.concrete-need:28; logistics.transport:20; time.weekday:7; structure.concrete-details:8
msg_02656,Weekend Festival Run,Festival/social trip chat,Grace,2026-04-23T04:46:00.000Z,msg_02654,tickets close tonight,important,deadline,tickets,Generated important Festival/social trip chat message,76,76,8,84,deadline,97,"{""👀"":1}",deadline.explicit:32; deadline.payment:18; time.relative:8; deadline.date-context:18
msg_02657,Weekend Festival Run,Festival/social trip chat,Jake,2026-04-23T04:49:00.000Z,,tickets close tonight,important,deadline,tickets,Generated important Festival/social trip chat message,76,76,12,88,deadline,97,"{""✅"":1}",deadline.explicit:32; deadline.payment:18; time.relative:8; deadline.date-context:18
msg_02658,Weekend Festival Run,Festival/social trip chat,Mason,2026-04-23T04:51:00.000Z,,need bro to retire,noise,noise,noise,"Noise, joke, hype, or vague reply",0,0,3,3,noise,22,"{""🔥"":1}",
msg_02659,Weekend Festival Run,Festival/social trip chat,Quinn,2026-04-23T04:56:00.000Z,,"set starts at 9, meet by the gate at 8",important,event,set_time,Generated important Festival/social trip chat message,40,40,18,58,event,59,"{""✅"":1,""👀"":1}",event.starts-time:28; time.explicit:12
msg_02660,Weekend Festival Run,Festival/social trip chat,Mia,2026-04-23T04:57:00.000Z,,where are we meeting?,maybe,plan,meeting_question,Ambiguous message that may be useful in context,50,50,0,50,plan,79,{},event.social-anchor:12; plan.leaving-meeting:20; question.intent:10; question.event-context:8
msg_02661,Weekend Festival Run,Festival/social trip chat,Nate,2026-04-23T05:01:00.000Z,msg_02619,who all is going Friday?,maybe,plan,attendance_question,Ambiguous message that may be useful in context,37,37,8,45,plan,66,"{""❓"":1}",plan.whos-going:20; time.weekday:7; question.intent:10
msg_02662,Weekend Festival Run,Festival/social trip chat,Chris,2026-04-23T05:04:00.000Z,,Friday was insane,noise,noise,noise,"Noise, joke, hype, or vague reply",7,7,0,7,noise,24,{},time.weekday:7
msg_02663,Weekend Festival Run,Festival/social trip chat,Olivia,2026-04-23T05:07:00.000Z,,I can drive after 10,maybe,logistics,availability,Ambiguous message that may be useful in context,42,42,0,42,logistics,60,"{""😂"":1}",logistics.transport:20; commitment.availability:22
msg_02664,Weekend Festival Run,Festival/social trip chat,Olivia,2026-04-23T05:10:00.000Z,,party animal,noise,noise,noise,"Noise, joke, hype, or vague reply",0,0,0,0,noise,20,{},event.social-anchor:12; noise.vague-short:-12
msg_02665,Weekend Festival Run,Festival/social trip chat,Jake,2026-04-23T05:13:00.000Z,,meetup moved to west entrance,important,announcement,location_change,Generated important Festival/social trip chat message,30,30,18,48,announcement,48,"{""👀"":1,""📌"":1}",announcement.change:30
msg_02666,Weekend Festival Run,Festival/social trip chat,Tyler,2026-04-23T05:16:00.000Z,,formal apology incoming,noise,noise,noise,"Noise, joke, hype, or vague reply",12,12,8,20,noise,30,"{""🔥"":5,""💀"":2,""😂"":1}",event.social-anchor:12
msg_02667,Weekend Festival Run,Festival/social trip chat,Quinn,2026-04-23T05:20:00.000Z,,parking pass due by Friday,important,deadline,parking,Generated important Festival/social trip chat message,57,57,18,75,deadline,83,"{""✅"":1,""📌"":1}",deadline.explicit:32; time.weekday:7; deadline.date-context:18
msg_02668,Weekend Festival Run,Festival/social trip chat,Grace,2026-04-23T05:22:00.000Z,,tickets close tonight,important,deadline,tickets,Generated important Festival/social trip chat message,76,76,8,84,deadline,97,"{""👀"":1}",deadline.explicit:32; deadline.payment:18; time.relative:8; deadline.date-context:18
msg_02669,Weekend Festival Run,Festival/social trip chat,Jake,2026-04-23T05:25:00.000Z,msg_02524,9 is crazy,noise,noise,noise,"Noise, joke, hype, or vague reply",0,0,8,8,noise,24,"{""🔥"":4,""💀"":1}",noise.vague-short:-12
msg_02670,Weekend Festival Run,Festival/social trip chat,Zoe,2026-04-23T05:29:00.000Z,,anyone going out tonight?,maybe,plan,loose_plan,Ambiguous message that may be useful in context,38,38,0,38,plan,67,"{""😂"":1}",plan.whos-going:20; time.relative:8; question.intent:10
msg_02671,Weekend Festival Run,Festival/social trip chat,Mia,2026-04-23T05:31:00.000Z,,might go downtown later,maybe,noise,vague_plan,Ambiguous message that may be useful in context,12,12,0,12,noise,26,{},event.social-anchor:12
msg_02672,Weekend Festival Run,Festival/social trip chat,Mason,2026-04-23T05:33:00.000Z,,anyone able to grab snacks?,maybe,request,soft_request,Ambiguous message that may be useful in context,73,73,8,81,request,86,"{""❓"":1}",request.can-someone:24; logistics.supplies:25; question.intent:10; request.bring-supplies:14
msg_02673,Weekend Festival Run,Festival/social trip chat,Nate,2026-04-23T05:38:00.000Z,,parking pass due by Friday,important,deadline,parking,Generated important Festival/social trip chat message,57,57,18,75,deadline,83,"{""✅"":1,""📌"":1}",deadline.explicit:32; time.weekday:7; deadline.date-context:18
msg_02674,Weekend Festival Run,Festival/social trip chat,Jake,2026-04-23T05:40:00.000Z,,formal apology incoming,noise,noise,noise,"Noise, joke, hype, or vague reply",12,12,0,12,noise,26,{},event.social-anchor:12
msg_02675,Weekend Festival Run,Festival/social trip chat,Lena,2026-04-23T05:42:00.000Z,msg_02523,parking pass due by Friday,important,deadline,parking,Generated important Festival/social trip chat message,57,57,12,69,deadline,83,"{""✅"":1}",deadline.explicit:32; time.weekday:7; deadline.date-context:18
msg_02676,Weekend Festival Run,Festival/social trip chat,Chris,2026-04-23T05:46:00.000Z,,who all is going Friday?,maybe,plan,attendance_question,Ambiguous message that may be useful in context,37,37,0,37,plan,66,{},plan.whos-going:20; time.weekday:7; question.intent:10
msg_02677,Weekend Festival Run,Festival/social trip chat,Tyler,2026-04-23T05:48:00.000Z,,who let him cook?,noise,noise,noise,"Noise, joke, hype, or vague reply",0,0,0,0,noise,20,{},question.intent:10; noise.vague-short:-12
msg_02678,Weekend Festival Run,Festival/social trip chat,Mia,2026-04-23T05:52:00.000Z,,I can bring cups,maybe,logistics,supply_commitment,Ambiguous message that may be useful in context,35,35,0,35,logistics,58,"{""😂"":1}",logistics.supplies:25; commitment.availability:22; noise.vague-short:-12
msg_02679,Weekend Festival Run,Festival/social trip chat,Olivia,2026-04-23T05:55:00.000Z,,Friday was insane,noise,noise,noise,"Noise, joke, hype, or vague reply",7,7,0,7,noise,24,{},time.weekday:7
msg_02680,Weekend Festival Run,Festival/social trip chat,Harper,2026-04-23T05:58:00.000Z,,fire fit,noise,noise,noise,"Noise, joke, hype, or vague reply",0,0,0,0,noise,20,{},noise.vague-short:-12
msg_02681,Weekend Festival Run,Festival/social trip chat,Tyler,2026-04-23T06:00:00.000Z,,I can drive after 10,maybe,logistics,availability,Ambiguous message that may be useful in context,42,42,0,42,logistics,60,{},logistics.transport:20; commitment.availability:22
msg_02682,Weekend Festival Run,Festival/social trip chat,Luke,2026-04-23T06:04:00.000Z,,need drivers for Saturday morning,important,logistics,ride_request,Generated important Festival/social trip chat message,63,63,8,71,request,100,"{""👀"":1}",request.concrete-need:28; logistics.transport:20; time.weekday:7; structure.concrete-details:8
msg_02683,Weekend Festival Run,Festival/social trip chat,Nate,2026-04-23T06:07:00.000Z,msg_02673,🔥🔥🔥,noise,noise,noise,"Noise, joke, hype, or vague reply",0,0,0,0,noise,20,"{""💀"":1}",noise.one-word:-18; noise.emoji-only:-35; noise.vague-short:-12
msg_02684,Weekend Festival Run,Festival/social trip chat,Mason,2026-04-23T06:11:00.000Z,,go go go go,noise,noise,noise,"Noise, joke, hype, or vague reply",0,0,3,3,noise,22,"{""🔥"":1,""💀"":2}",noise.repeated:-16; noise.vague-short:-12
msg_02685,Weekend Festival Run,Festival/social trip chat,Mia,2026-04-23T06:13:00.000Z,,meetup moved to west entrance,important,announcement,location_change,Generated important Festival/social trip chat message,30,30,12,42,announcement,48,"{""✅"":1}",announcement.change:30
msg_02686,Weekend Festival Run,Festival/social trip chat,Lena,2026-04-23T06:16:00.000Z,,you had to be there,noise,noise,noise,"Noise, joke, hype, or vague reply",0,0,0,0,noise,20,{},noise.hype-only:-24
msg_02687,Weekend Festival Run,Festival/social trip chat,Jake,2026-04-23T06:19:00.000Z,,"set starts at 9, meet by the gate at 8",important,event,set_time,Generated important Festival/social trip chat message,40,40,12,52,event,59,"{""✅"":1}",event.starts-time:28; time.explicit:12
msg_02688,Weekend Festival Run,Festival/social trip chat,Mia,2026-04-23T06:21:00.000Z,,who up,noise,noise,noise,"Noise, joke, hype, or vague reply",0,0,0,0,noise,20,{},noise.hype-only:-24; noise.casual-question:-14; noise.vague-short:-12
msg_02689,Weekend Festival Run,Festival/social trip chat,Zoe,2026-04-23T06:25:00.000Z,msg_02637,tomorrow gonna be wild,noise,noise,noise,"Noise, joke, hype, or vague reply",8,8,6,14,noise,27,"{""🔥"":2,""💀"":1,""😂"":2}",time.relative:8
msg_02690,Weekend Festival Run,Festival/social trip chat,Jake,2026-04-23T06:29:00.000Z,,need bro to retire,noise,noise,noise,"Noise, joke, hype, or vague reply",0,0,0,0,noise,20,{},
msg_02691,Weekend Festival Run,Festival/social trip chat,Noah,2026-04-23T06:30:00.000Z,,Friday was insane,noise,noise,noise,"Noise, joke, hype, or vague reply",7,7,3,10,noise,25,"{""🔥"":1}",time.weekday:7
msg_02692,Weekend Festival Run,Festival/social trip chat,Chris,2026-04-23T06:34:00.000Z,msg_02570,where are we meeting?,maybe,plan,meeting_question,Ambiguous message that may be useful in context,50,50,12,62,plan,79,"{""✅"":1}",event.social-anchor:12; plan.leaving-meeting:20; question.intent:10; question.event-context:8
msg_02693,Weekend Festival Run,Festival/social trip chat,Mia,2026-04-23T06:38:00.000Z,,😭😭😭,noise,noise,noise,"Noise, joke, hype, or vague reply",0,0,0,0,noise,20,{},noise.one-word:-18; noise.emoji-only:-35; noise.vague-short:-12
msg_02694,Weekend Festival Run,Festival/social trip chat,Olivia,2026-04-23T06:40:00.000Z,,where are we meeting?,maybe,plan,meeting_question,Ambiguous message that may be useful in context,50,50,0,50,plan,79,{},event.social-anchor:12; plan.leaving-meeting:20; question.intent:10; question.event-context:8
msg_02695,Weekend Festival Run,Festival/social trip chat,Jake,2026-04-23T06:43:00.000Z,,deadline for being washed is tonight,noise,noise,noise,"Noise, joke, hype, or vague reply",58,58,0,58,deadline,83,{},deadline.explicit:32; time.relative:8; deadline.date-context:18
msg_02696,Weekend Festival Run,Festival/social trip chat,Mason,2026-04-23T06:47:00.000Z,,anyone going out tonight?,maybe,plan,loose_plan,Ambiguous message that may be useful in context,38,38,8,46,plan,67,"{""❓"":1}",plan.whos-going:20; time.relative:8; question.intent:10
msg_02697,Weekend Festival Run,Festival/social trip chat,Ethan,2026-04-23T06:50:00.000Z,,meetup moved to west entrance,important,announcement,location_change,Generated important Festival/social trip chat message,30,30,0,30,announcement,48,{},announcement.change:30
msg_02698,Weekend Festival Run,Festival/social trip chat,Chris,2026-04-23T06:52:00.000Z,,what time is tailgate again,maybe,question,event_question,Ambiguous message that may be useful in context,30,30,0,30,question,64,{},event.social-anchor:12; question.intent:10; question.event-context:8
msg_02699,Weekend Festival Run,Festival/social trip chat,Mia,2026-04-23T06:55:00.000Z,,real,noise,noise,noise,"Noise, joke, hype, or vague reply",0,0,0,0,noise,20,{},noise.one-word:-18; noise.casual-reply:-28; noise.vague-short:-12
msg_02700,Weekend Festival Run,Festival/social trip chat,Noah,2026-04-23T06:59:00.000Z,,lmao,noise,noise,noise,"Noise, joke, hype, or vague reply",0,0,0,0,noise,20,{},noise.one-word:-18; noise.laughter:-35; noise.vague-short:-12
edge_0001,Pledge Class 28,Fraternity pledge chat,Sophia,2026-04-23T07:00:00.000Z,,bro said formal like he owns the place,noise,noise,funny_keyword,Funny use of formal should not score as event,12,12,0,12,noise,26,{},event.social-anchor:12
edge_0002,Kappa Event Crew,Sorority event planning chat,Drew,2026-04-23T07:04:00.000Z,,deadline for being washed is tonight,noise,noise,funny_deadline,Fake deadline slang,58,58,0,58,deadline,83,{},deadline.explicit:32; time.relative:8; deadline.date-context:18
edge_0003,Downtown Survivors,College friend group,Sophia,2026-04-23T07:08:00.000Z,,be at the house by 8 or you're cooked,important,event,casual_important,Casual wording with real arrival time,0,0,8,8,noise,24,"{""👀"":1}",
edge_0004,Campus Volunteer Board,Student organization/club,Sam,2026-04-23T07:12:00.000Z,,we're leaving in 10 don't be late,important,event,casual_important,Important without obvious date keyword,0,0,8,8,noise,24,"{""👀"":1}",
edge_0005,Club Soccer,Sports team,Olivia,2026-04-23T07:16:00.000Z,,tonight?,maybe,question,vague,Very vague time question,0,0,8,8,noise,24,"{""❓"":1,""👀"":1}",time.relative:8; question.intent:10; noise.one-word:-18
edge_0006,Basement Set Team,DJ/promoter group,Nick,2026-04-23T07:20:00.000Z,,who's going,maybe,plan,vague,No destination or date,18,18,0,18,noise,29,{},plan.whos-going:20; question.intent:10; noise.vague-short:-12
edge_0007,Econ 302 Project,Group project/class chat,Zoe,2026-04-23T07:24:00.000Z,,need one,maybe,request,vague,Missing object,0,0,8,8,noise,24,"{""❓"":1,""😂"":1}",noise.vague-short:-12
edge_0008,Lot 14 Tailgate,Tailgate/party planning chat,Harper,2026-04-23T07:28:00.000Z,,who let him cook?,noise,noise,casual_question,Question as joke,0,0,0,0,noise,20,"{""😂"":3}",question.intent:10; noise.vague-short:-12
edge_0009,Apartment 4B,Apartment/roommate chat,Logan,2026-04-23T07:32:00.000Z,,why is bro like this?,noise,noise,casual_question,Question as joke,10,10,0,10,noise,25,{},question.intent:10
edge_0010,The Big One,Large chaotic general social chat,Mia,2026-04-23T07:36:00.000Z,,LMAOOOOO,noise,noise,high_reaction_noise,Laugh spam,0,0,3,3,noise,22,"{""🔥"":1,""💀"":2,""😂"":5}",noise.one-word:-18; noise.laughter:-35; noise.vague-short:-12
edge_0011,Pledge Class 28,Fraternity pledge chat,Drew,2026-04-23T07:40:00.000Z,,bro fell off,noise,noise,high_reaction_noise,Joke likely to get reactions,0,0,0,0,noise,20,"{""😂"":2,""💀"":3}",noise.vague-short:-12
edge_0012,Kappa Event Crew,Sorority event planning chat,Drew,2026-04-23T07:44:00.000Z,,skull emoji,noise,noise,high_reaction_noise,Funny phrase,0,0,0,0,noise,20,"{""💀"":2}",noise.vague-short:-12
edge_0013,Downtown Survivors,College friend group,Marcus,2026-04-23T07:48:00.000Z,,fire fit,noise,noise,high_reaction_noise,Hype not logistics,0,0,3,3,noise,22,"{""🔥"":1,""😂"":1,""💀"":1}",noise.vague-short:-12
edge_0014,Campus Volunteer Board,Student organization/club,Cam,2026-04-23T07:52:00.000Z,,rent is due tomorrow,important,deadline,low_reaction_important,Important with no social event keywords,58,58,0,58,deadline,83,{},deadline.explicit:32; time.relative:8; deadline.date-context:18
edge_0015,Club Soccer,Sports team,Bella,2026-04-23T07:56:00.000Z,,meeting moved to room 204,important,announcement,low_reaction_important,Change with location,42,42,0,42,announcement,60,{},event.social-anchor:12; announcement.change:30
edge_0016,Basement Set Team,DJ/promoter group,Grace,2026-04-23T08:00:00.000Z,,Friday was insane,noise,noise,date_noise,Date mention in retrospective joke,7,7,0,7,noise,24,{},time.weekday:7
edge_0017,Econ 302 Project,Group project/class chat,Olivia,2026-04-23T08:04:00.000Z,,9 is crazy,noise,noise,time_noise,Number is not plan,0,0,0,0,noise,20,"{""💀"":1}",noise.vague-short:-12
edge_0018,Lot 14 Tailgate,Tailgate/party planning chat,Jake,2026-04-23T08:08:00.000Z,,tomorrow gonna be wild,noise,noise,date_noise,Vague hype,8,8,6,14,noise,27,"{""🔥"":2,""💀"":1}",time.relative:8
edge_0019,Apartment 4B,Apartment/roommate chat,Cam,2026-04-23T08:12:00.000Z,,party animal,noise,noise,event_word_noise,Event word idiom,0,0,0,0,noise,20,{},event.social-anchor:12; noise.vague-short:-12
edge_0020,The Big One,Large chaotic general social chat,Jake,2026-04-23T08:16:00.000Z,,formal apology incoming,noise,noise,event_word_noise,Formal is not event,12,12,0,12,noise,26,{},event.social-anchor:12
edge_0021,Pledge Class 28,Fraternity pledge chat,Logan,2026-04-23T08:20:00.000Z,,rush hour traffic sucks,noise,noise,event_word_noise,Rush is not recruitment,12,12,0,12,noise,26,{},event.social-anchor:12
edge_0022,Kappa Event Crew,Sorority event planning chat,Sam,2026-04-23T08:24:00.000Z,,can someone tell Tyler to stop yelling,noise,noise,joke_request,Request-shaped joke,10,10,8,18,noise,29,"{""🔥"":3,""😂"":2}",question.intent:10
edge_0023,Downtown Survivors,College friend group,Riley,2026-04-23T08:28:00.000Z,,need bro to retire,noise,noise,joke_request,Need-shaped joke,0,0,8,8,noise,24,"{""💀"":1,""🔥"":3}",
edge_0024,Campus Volunteer Board,Student organization/club,Sam,2026-04-23T08:32:00.000Z,edge_0023,same place as last time,maybe,question,context_required,Requires context,0,0,0,0,noise,20,{},
edge_0025,Club Soccer,Sports team,Sam,2026-04-23T08:36:00.000Z,edge_0024,bring that again,maybe,logistics,context_required,Requires previous object,0,0,8,8,noise,24,"{""❓"":1}",noise.vague-short:-12
edge_0026,Basement Set Team,DJ/promoter group,Logan,2026-04-23T08:40:00.000Z,edge_0025,we're still on,maybe,plan,context_required,Requires prior plan,0,0,0,0,noise,20,{},noise.vague-short:-12
edge_0027,Econ 302 Project,Group project/class chat,Zoe,2026-04-23T08:44:00.000Z,edge_0026,it got moved,maybe,announcement,context_required,No destination/date,18,18,0,18,noise,29,{},announcement.change:30; noise.vague-short:-12
edge_0028,Lot 14 Tailgate,Tailgate/party planning chat,Sam,2026-04-23T08:48:00.000Z,,tix due tmr,important,deadline,typo_slang,Ticket deadline slang,20,20,8,28,deadline,45,"{""✅"":1,""👀"":1}",deadline.explicit:32; noise.vague-short:-12
edge_0029,Apartment 4B,Apartment/roommate chat,Olivia,2026-04-23T08:52:00.000Z,,need sober drvr tn,important,logistics,typo_slang,Driver slang,0,0,8,8,noise,24,"{""👀"":1}",
edge_0030,The Big One,Large chaotic general social chat,Logan,2026-04-23T08:56:00.000Z,,mtg moved thurs,important,announcement,typo_slang,Meeting moved slang,18,18,8,26,announcement,44,"{""👀"":1}",announcement.change:30; noise.vague-short:-12
edge_0031,Pledge Class 28,Fraternity pledge chat,Riley,2026-04-23T09:00:00.000Z,,yall bring spkrs?,maybe,request,typo_slang,Speaker slang,0,0,0,0,noise,20,{},question.intent:10; noise.vague-short:-12
edge_0032,Kappa Event Crew,Sorority event planning chat,Nick,2026-04-23T09:04:00.000Z,,"need 3 drivers for formal tomorrow, leaving house at 7",important,logistics,multi_signal,"Request, event, date, time",100,100,8,100,event,100,"{""👀"":1}",request.concrete-need:28; logistics.transport:20; event.social-anchor:12; time.relative:8; time.explicit:12; event.concrete-time:16; request.urgent-tonight:12; structure.concrete-details:8
edge_0033,Downtown Survivors,College friend group,Cam,2026-04-23T09:08:00.000Z,,"rush event moved to Friday at 6, wear white",important,announcement,multi_signal,Change with event details,100,100,12,100,announcement,100,"{""✅"":1}",event.social-anchor:12; event.meeting-time:24; announcement.change:30; time.weekday:7; time.explicit:12; event.concrete-time:16; announcement.date-context:14; structure.concrete-details:8
edge_0034,Campus Volunteer Board,Student organization/club,Ethan,2026-04-23T09:12:00.000Z,,nvm party cancelled,important,announcement,cancellation,Cancellation should matter,42,42,12,54,announcement,60,"{""✅"":1}",event.social-anchor:12; announcement.change:30
edge_0035,Club Soccer,Sports team,Jake,2026-04-23T09:16:00.000Z,,meeting is not tonight anymore,important,announcement,cancellation,Schedule cancellation,44,44,8,52,event,97,"{""👀"":1}",event.social-anchor:12; time.relative:8; event.concrete-time:16; structure.concrete-details:8
edge_0036,Basement Set Team,DJ/promoter group,Drew,2026-04-23T09:20:00.000Z,,"don't bring speakers, venue has them",important,announcement,cancellation,Negated supply plan,25,25,8,33,logistics,46,"{""👀"":1}",logistics.supplies:25
edge_0037,Econ 302 Project,Group project/class chat,Mia,2026-04-23T09:24:00.000Z,,yo,noise,noise,repeated_spam,Repeated spam seed,0,0,0,0,noise,20,{},noise.one-word:-18; noise.casual-reply:-28; noise.vague-short:-12
edge_0038,Lot 14 Tailgate,Tailgate/party planning chat,Drew,2026-04-23T09:28:00.000Z,,yo,noise,noise,repeated_spam,Repeated spam seed,0,0,0,0,noise,20,{},noise.one-word:-18; noise.casual-reply:-28; noise.vague-short:-12
edge_0039,Apartment 4B,Apartment/roommate chat,Marcus,2026-04-23T09:32:00.000Z,,where we at,noise,noise,repeated_spam,Repeated vague question,0,0,0,0,noise,20,{},question.intent:10; noise.vague-short:-12
edge_0040,The Big One,Large chaotic general social chat,Marcus,2026-04-23T09:36:00.000Z,,chapter at 6,important,event,group_specific,Fraternity-specific meeting,64,64,12,76,event,93,"{""✅"":1}",event.social-anchor:12; event.meeting-time:24; time.explicit:12; event.concrete-time:16
edge_0041,Pledge Class 28,Fraternity pledge chat,Sophia,2026-04-23T09:40:00.000Z,,lineup posted at noon,important,announcement,group_specific,Rush/DJ-specific announcement,12,12,8,20,noise,30,"{""✅"":1,""👀"":1}",time.explicit:12
edge_0042,Kappa Event Crew,Sorority event planning chat,Riley,2026-04-23T09:44:00.000Z,,soundcheck at 5,important,event,group_specific,DJ-specific logistics,12,12,8,20,noise,30,"{""👀"":1}",time.explicit:12
edge_0043,Downtown Survivors,College friend group,Chris,2026-04-23T09:48:00.000Z,,dues by Sunday,important,deadline,group_specific,Payment deadline,75,75,12,87,deadline,97,"{""✅"":1}",deadline.explicit:32; deadline.payment:18; time.weekday:7; deadline.date-context:18
edge_0044,Campus Volunteer Board,Student organization/club,Ava,2026-04-23T09:52:00.000Z,,prob set is due tonight,important,deadline,group_specific,Class-specific deadline,58,58,8,66,deadline,83,"{""👀"":1}",deadline.explicit:32; time.relative:8; deadline.date-context:18
edge_0045,Club Soccer,Sports team,Jake,2026-04-23T09:56:00.000Z,,practice moved indoors,important,announcement,group_specific,Sports-specific change,30,30,0,30,announcement,48,{},announcement.change:30
